ID,source,type,inclination,freq,qpo_rms,noise_rms,total_rms,freq_err,noise_err,total_err,number
91094-01-01-00,Swift J1753.5-0.1,C,low,0.639,6.7,33.5,34.1,"(0.009, 0.009)","(0.6, 0.7)","(0.6, 0.7)",1
91094-01-01-01,Swift J1753.5-0.1,C,low,0.823,10.5,30.7,32.5,"(0.006, 0.006)","(1.1, 1.2)","(1.0, 1.1)",2
91094-01-01-02,Swift J1753.5-0.1,C,low,0.842,9.6,31.9,33.3,"(0.005, 0.005)","(1.5, 1.6)","(1.4, 1.5)",3
91094-01-01-03,Swift J1753.5-0.1,C,low,0.824,12.3,30.2,32.6,"(0.005, 0.005)","(3.3, 3.8)","(3.1, 3.6)",4
91094-01-01-04,Swift J1753.5-0.1,C,low,0.832,14.6,29.0,32.5,"(0.006, 0.006)","(1.3, 1.4)","(1.2, 1.3)",5
91094-01-02-00,Swift J1753.5-0.1,C,low,0.714,11.9,29.1,31.5,"(0.003, 0.003)","(1.5, 1.6)","(1.4, 1.5)",6
91094-01-02-01,Swift J1753.5-0.1,C,low,0.738,10.8,31.8,33.5,"(0.005, 0.005)","(0.9, 1.1)","(0.9, 1.0)",7
91094-01-02-02,Swift J1753.5-0.1,C,low,0.698,11.4,31.5,33.5,"(0.004, 0.004)","(1.3, 1.3)","(1.2, 1.2)",8
91094-01-02-03,Swift J1753.5-0.1,C,low,0.63,12.8,32.2,34.6,"(0.005, 0.005)","(1.5, 1.5)","(1.4, 1.5)",9
91423-01-01-00,Swift J1753.5-0.1,C,low,0.671,14.7,29.4,32.9,"(0.003, 0.003)","(1.8, 1.6)","(1.6, 1.5)",10
91423-01-01-04,Swift J1753.5-0.1,C,low,0.895,12.1,29.7,32.1,"(0.006, 0.006)","(0.8, 0.9)","(0.8, 0.9)",11
91423-01-02-00,Swift J1753.5-0.1,C,low,0.614,9.4,35.5,36.7,"(0.005, 0.005)","(0.8, 0.6)","(0.8, 0.6)",12
91423-01-02-05,Swift J1753.5-0.1,C,low,0.589,13.8,31.6,34.5,"(0.005, 0.005)","(2.6, 2.4)","(2.4, 2.3)",13
91423-01-02-06,Swift J1753.5-0.1,C,low,0.577,9.2,35.5,36.7,"(0.005, 0.005)","(0.5, 0.4)","(0.5, 0.4)",14
91423-01-03-00,Swift J1753.5-0.1,C,low,0.486,10.7,29.6,31.4,"(0.003, 0.004)","(1.4, 1.5)","(1.3, 1.4)",15
91423-01-03-02,Swift J1753.5-0.1,C,low,0.523,9.5,34.7,36.0,"(0.005, 0.005)","(0.5, 0.5)","(0.5, 0.5)",16
91423-01-03-03,Swift J1753.5-0.1,C,low,0.578,8.2,34.7,35.7,"(0.006, 0.006)","(0.9, 0.9)","(0.9, 0.9)",17
91423-01-03-04,Swift J1753.5-0.1,C,low,0.51,13.1,28.5,31.3,"(0.005, 0.005)","(1.7, 1.7)","(1.5, 1.6)",18
91423-01-03-05,Swift J1753.5-0.1,C,low,0.516,9.1,34.9,36.1,"(0.006, 0.006)","(0.3, 0.3)","(0.3, 0.3)",19
91423-01-03-06,Swift J1753.5-0.1,C,low,0.478,11.8,29.7,32.0,"(0.005, 0.005)","(0.9, 1.0)","(0.9, 1.0)",20
91423-01-03-07,Swift J1753.5-0.1,C,low,0.457,11.7,27.1,29.5,"(0.003, 0.003)","(0.9, 1.0)","(0.8, 0.9)",21
91423-01-04-00,Swift J1753.5-0.1,C,low,0.46,11.9,28.7,31.1,"(0.005, 0.005)","(1.6, 1.7)","(1.5, 1.6)",22
91423-01-04-01,Swift J1753.5-0.1,C,low,0.463,10.1,39.7,41.0,"(0.005, 0.005)","(1.4, 1.4)","(1.4, 1.4)",23
91423-01-04-02,Swift J1753.5-0.1,C,low,0.442,9.2,34.7,35.9,"(0.005, 0.005)","(0.3, 0.3)","(0.3, 0.3)",24
91423-01-04-03,Swift J1753.5-0.1,C,low,0.425,11.3,30.7,32.8,"(0.006, 0.006)","(1.7, 1.9)","(1.6, 1.8)",25
91423-01-04-04,Swift J1753.5-0.1,C,low,0.44,11.6,29.7,31.9,"(0.006, 0.006)","(2.4, 2.5)","(2.2, 2.4)",26
91423-01-04-05,Swift J1753.5-0.1,C,low,0.468,10.0,29.3,31.0,"(0.006, 0.006)","(1.5, 4.0)","(1.4, 3.7)",27
91423-01-04-06,Swift J1753.5-0.1,C,low,0.471,8.1,34.9,35.9,"(0.006, 0.006)","(0.3, 0.3)","(0.3, 0.3)",28
91423-01-05-01,Swift J1753.5-0.1,C,low,0.373,9.0,29.8,31.1,"(0.005, 0.005)","(1.3, 1.5)","(1.2, 1.4)",29
91423-01-05-02,Swift J1753.5-0.1,C,low,0.326,7.2,35.2,36.0,"(0.006, 0.006)","(0.4, 0.4)","(0.4, 0.4)",30
91423-01-06-00,Swift J1753.5-0.1,C,low,0.295,5.8,35.4,35.8,"(0.004, 0.004)","(0.3, 0.3)","(0.4, 0.4)",31
95105-01-11-00,Swift J1753.5-0.1,C,low,4.52,9.0,21.1,31.6,"(0.119, 0.118)","(0.7, 0.8)","(2.7, 2.7)",32
70124-02-01-00,4U 1543-47,C,low,9.009,6.0,20.7,21.6,"(0.027, 0.027)","(2.0, 2.4)","(2.0, 2.3)",33
70124-02-02-00,4U 1543-47,C,low,9.219,5.7,19.3,20.1,"(0.066, 0.066)","(0.8, 0.9)","(0.8, 0.9)",34
70124-02-03-00,4U 1543-47,C,low,5.564,9.6,26.6,28.3,"(0.14, 0.149)","(4.6, 7.4)","(4.4, 7.0)",35
70128-01-01-00,4U 1543-47,C,low,4.317,11.2,24.1,26.6,"(0.038, 0.038)","(1.6, 1.6)","(1.5, 1.5)",36
70128-01-01-01,4U 1543-47,C,low,5.383,5.6,27.0,29.1,"(0.029, 0.03)","(1.5, 1.6)","(1.5, 1.6)",37
70133-01-01-00,4U 1543-47,C,low,5.973,2.6,3.8,4.6,"(0.137, 0.139)","(0.4, 0.4)","(0.3, 0.3)",38
70133-01-06-00,4U 1543-47,C,low,6.092,2.4,5.7,6.2,"(0.103, 0.103)","(0.2, 0.2)","(0.2, 0.2)",39
70133-01-08-00,4U 1543-47,C,low,6.646,1.6,4.1,4.5,"(0.118, 0.116)","(0.2, 0.2)","(0.2, 0.2)",40
70133-01-30-00,4U 1543-47,C,low,11.102,4.8,15.8,16.6,"(0.092, 0.097)","(2.1, 2.5)","(2.0, 2.4)",41
70133-01-31-00,4U 1543-47,C,low,9.716,6.4,24.6,25.4,"(0.026, 0.026)","(1.8, 1.7)","(1.8, 1.7)",42
70133-01-31-01,4U 1543-47,C,low,9.443,6.1,21.2,22.1,"(0.028, 0.028)","(1.2, 1.2)","(1.2, 1.2)",43
60113-01-03-00,XTEJ1650-500,C,low,1.992,5.6,29.3,29.8,"(0.02, 0.02)","(1.3, 1.4)","(1.3, 1.4)",44
60113-01-04-00,XTEJ1650-500,C,low,2.23,5.9,30.5,31.0,"(0.021, 0.022)","(2.5, 2.7)","(2.4, 2.7)",45
60113-01-05-00,XTEJ1650-500,C,low,1.305,8.7,31.1,32.3,"(0.016, 0.016)","(1.0, 1.0)","(1.0, 1.0)",46
60113-01-05-01,XTEJ1650-500,C,low,2.745,4.4,33.5,33.8,"(0.035, 0.038)","(1.3, 1.3)","(1.3, 1.3)",47
60113-01-06-00,XTEJ1650-500,C,low,1.54,7.4,31.4,32.2,"(0.016, 0.017)","(2.2, 2.3)","(2.1, 2.3)",48
60113-01-07-00,XTEJ1650-500,C,low,1.914,6.9,30.4,31.2,"(0.016, 0.016)","(1.6, 1.7)","(1.6, 1.6)",49
60113-01-08-00,XTEJ1650-500,C,low,2.354,5.9,30.8,31.4,"(0.018, 0.018)","(1.2, 0.6)","(1.2, 0.6)",50
60113-01-08-01,XTEJ1650-500,C,low,2.072,8.5,28.5,29.7,"(0.028, 0.028)","(1.0, 1.1)","(1.0, 1.1)",51
60113-01-09-00,XTEJ1650-500,C,low,2.8,5.5,28.1,28.7,"(0.023, 0.023)","(1.3, 1.3)","(1.2, 1.2)",52
60113-01-09-01,XTEJ1650-500,C,low,2.722,5.3,31.2,31.6,"(0.027, 0.027)","(0.5, 0.5)","(0.5, 0.5)",53
60113-01-09-02,XTEJ1650-500,C,low,2.706,5.1,30.1,30.5,"(0.025, 0.025)","(1.4, 1.4)","(1.4, 1.4)",54
60113-01-10-00,XTEJ1650-500,C,low,3.025,5.8,28.2,28.8,"(0.015, 0.015)","(1.4, 1.4)","(1.3, 1.4)",55
60113-01-10-01,XTEJ1650-500,C,low,3.009,6.1,29.5,30.1,"(0.026, 0.025)","(0.5, 0.5)","(0.5, 0.5)",56
60113-01-11-00,XTEJ1650-500,C,low,3.266,5.6,28.0,28.6,"(0.021, 0.021)","(2.0, 2.0)","(2.0, 2.0)",57
60113-01-11-01,XTEJ1650-500,C,low,3.351,5.5,28.5,29.0,"(0.021, 0.021)","(1.1, 1.2)","(1.1, 1.2)",58
60113-01-11-02,XTEJ1650-500,C,low,3.572,6.6,28.0,28.8,"(0.025, 0.024)","(0.6, 0.6)","(0.6, 0.6)",59
60113-01-12-00,XTEJ1650-500,C,low,4.096,6.2,26.2,26.9,"(0.015, 0.016)","(1.0, 1.1)","(0.9, 1.1)",60
60113-01-12-01,XTEJ1650-500,C,low,4.359,6.6,24.2,25.1,"(0.02, 0.02)","(0.9, 0.9)","(0.8, 0.9)",61
60113-01-12-02,XTEJ1650-500,C,low,4.848,6.9,23.6,24.6,"(0.026, 0.027)","(1.0, 1.0)","(1.0, 1.0)",62
60113-01-12-03,XTEJ1650-500,C,low,4.66,7.2,24.9,25.9,"(0.032, 0.032)","(0.5, 0.5)","(0.5, 0.5)",63
60113-01-12-04,XTEJ1650-500,C,low,5.138,6.0,22.2,23.0,"(0.026, 0.027)","(1.7, 1.8)","(1.6, 1.8)",64
60113-01-13-00,XTEJ1650-500,C,low,5.721,6.0,23.0,23.7,"(0.027, 0.027)","(0.3, 0.3)","(0.3, 0.3)",65
60113-01-13-01,XTEJ1650-500,C,low,6.35,5.8,21.4,22.2,"(0.037, 0.038)","(0.9, 0.9)","(0.8, 0.8)",66
60113-01-13-02,XTEJ1650-500,C,low,6.835,5.6,19.6,20.8,"(0.051, 0.05)","(0.3, 0.3)","(0.3, 0.3)",67
60113-01-14-00,XTEJ1650-500,C,low,5.954,2.9,14.3,15.4,"(0.097, 0.097)","(0.5, 0.4)","(0.5, 0.5)",68
60705-01-59-00,GX 339-4,C,low,2.851,5.0,32.1,32.5,"(0.026, 0.026)","(1.6, 1.7)","(1.6, 1.7)",69
70108-03-01-00,GX 339-4,C,low,0.643,9.6,24.5,26.3,"(0.006, 0.006)","(1.5, 1.5)","(1.4, 1.4)",70
70109-01-06-00,GX 339-4,C,low,1.233,7.7,24.4,25.6,"(0.01, 0.01)","(1.4, 1.7)","(1.4, 1.7)",71
70109-02-01-00,GX 339-4,C,low,8.043,4.1,13.6,14.2,"(0.064, 0.06)","(0.3, 0.3)","(0.3, 0.3)",72
70109-04-01-00,GX 339-4,C,low,5.389,9.2,14.6,17.3,"(0.01, 0.01)","(0.9, 1.0)","(0.8, 0.8)",73
70109-04-01-02,GX 339-4,C,low,5.318,8.3,16.0,18.0,"(0.021, 0.022)","(0.9, 1.1)","(0.8, 1.0)",74
70110-01-10-00,GX 339-4,C,low,2.063,7.4,23.9,25.0,"(0.013, 0.013)","(0.7, 0.8)","(0.6, 0.7)",75
70110-01-11-00,GX 339-4,C,low,5.797,6.7,16.5,17.8,"(0.022, 0.023)","(0.8, 0.8)","(0.7, 0.7)",76
70110-01-94-00,GX 339-4,C,low,6.134,4.9,18.4,19.1,"(0.03, 0.028)","(0.9, 0.9)","(0.9, 0.9)",77
70110-01-95-00,GX 339-4,C,low,4.712,5.4,24.0,24.6,"(0.042, 0.039)","(2.1, 2.4)","(2.1, 2.3)",78
70128-02-02-00,GX 339-4,C,low,8.041,2.2,16.1,16.2,"(0.032, 0.032)","(0.8, 0.7)","(0.8, 0.7)",79
60705-01-68-01,GX 339-4,C,low,1.062,6.9,32.4,33.1,"(0.015, 0.015)","(1.9, 2.3)","(1.8, 2.3)",80
60705-01-69-00,GX 339-4,C,low,1.304,6.8,33.5,34.2,"(0.018, 0.018)","(0.7, 0.7)","(0.7, 0.7)",81
60705-01-70-00,GX 339-4,C,low,4.307,4.9,24.3,24.8,"(0.019, 0.02)","(0.3, 0.3)","(0.3, 0.3)",82
90110-02-01-00,GX 339-4,C,low,5.706,11.0,21.6,24.2,"(0.027, 0.027)","(1.2, 0.7)","(1.1, 0.6)",83
90110-02-01-02,GX 339-4,C,low,5.187,11.0,17.1,20.3,"(0.023, 0.024)","(1.2, 2.1)","(1.0, 1.8)",84
90704-01-01-00,GX 339-4,C,low,0.741,10.0,29.4,31.0,"(0.012, 0.014)","(1.1, 1.1)","(1.0, 1.1)",85
90704-01-11-00,GX 339-4,C,low,2.675,5.7,30.6,31.1,"(0.037, 0.037)","(0.8, 0.8)","(0.8, 0.8)",86
92035-01-02-01,GX 339-4,C,low,0.261,10.0,38.8,40.1,"(0.002, 0.002)","(1.1, 1.2)","(1.1, 1.2)",87
92035-01-02-02,GX 339-4,C,low,0.293,10.5,36.1,37.6,"(0.003, 0.003)","(1.1, 1.2)","(1.1, 1.2)",88
92035-01-02-03,GX 339-4,C,low,0.359,10.0,37.8,39.1,"(0.002, 0.002)","(2.4, 2.1)","(2.3, 2.1)",89
92035-01-02-04,GX 339-4,C,low,0.425,12.6,37.3,39.4,"(0.002, 0.002)","(0.6, 0.6)","(0.7, 0.7)",90
92035-01-02-06,GX 339-4,C,low,1.99,10.1,26.3,28.1,"(0.003, 0.004)","(0.7, 0.8)","(0.7, 0.7)",91
92035-01-02-07,GX 339-4,C,low,0.894,11.6,31.3,33.4,"(0.003, 0.003)","(2.1, 1.1)","(2.0, 1.0)",92
92035-01-03-00,GX 339-4,C,low,2.266,9.5,27.9,29.4,"(0.004, 0.004)","(2.5, 2.4)","(2.3, 2.3)",93
92035-01-03-01,GX 339-4,C,low,1.679,8.6,26.0,27.4,"(0.004, 0.004)","(1.4, 0.6)","(1.3, 0.6)",94
92035-01-03-02,GX 339-4,C,low,2.451,8.6,23.4,25.0,"(0.004, 0.004)","(0.4, 0.4)","(0.4, 0.4)",95
92035-01-03-03,GX 339-4,C,low,3.513,7.9,22.2,24.6,"(0.006, 0.006)","(0.7, 0.6)","(0.6, 0.6)",96
92035-01-03-05,GX 339-4,C,low,5.684,7.8,14.9,18.6,"(0.023, 0.023)","(1.6, 1.8)","(1.4, 1.5)",97
92085-01-03-00,GX 339-4,C,low,7.854,4.0,16.1,16.6,"(0.117, 0.116)","(1.2, 1.2)","(1.1, 1.1)",98
92085-01-03-02,GX 339-4,C,low,7.417,6.1,14.9,16.1,"(0.064, 0.064)","(0.6, 0.7)","(0.5, 0.6)",99
92085-01-03-03,GX 339-4,C,low,7.869,3.7,15.6,16.1,"(0.19, 0.168)","(1.0, 1.1)","(0.9, 1.1)",100
92428-01-04-00,GX 339-4,C,low,4.325,9.4,17.9,22.2,"(0.007, 0.007)","(1.0, 1.1)","(0.9, 1.0)",101
92428-01-04-01,GX 339-4,C,low,4.229,8.1,20.6,22.1,"(0.009, 0.009)","(0.5, 0.5)","(0.5, 0.5)",102
92428-01-04-02,GX 339-4,C,low,4.126,8.0,21.9,23.3,"(0.01, 0.01)","(0.5, 0.5)","(0.5, 0.5)",103
92428-01-04-03,GX 339-4,C,low,4.984,8.2,16.9,18.8,"(0.011, 0.011)","(0.8, 0.9)","(0.8, 0.8)",104
92704-03-11-01,GX 339-4,C,low,0.655,6.5,29.1,29.1,"(0.031, 0.031)","(0.6, 0.6)","(0.6, 0.6)",105
92704-03-12-01,GX 339-4,C,low,2.715,5.4,32.1,32.6,"(0.041, 0.042)","(1.4, 1.5)","(1.4, 1.4)",106
95409-01-13-01,GX 339-4,C,low,0.378,11.6,35.8,37.6,"(0.004, 0.004)","(1.9, 2.3)","(1.8, 2.3)",107
95409-01-13-02,GX 339-4,C,low,0.321,12.0,40.9,42.6,"(0.004, 0.004)","(1.0, 1.0)","(1.0, 1.0)",108
95409-01-13-03,GX 339-4,C,low,0.226,10.8,41.0,42.4,"(0.002, 0.002)","(1.9, 1.0)","(1.9, 1.0)",109
95409-01-13-04,GX 339-4,C,low,0.29,9.5,41.9,43.0,"(0.002, 0.002)","(3.5, 3.5)","(3.4, 3.4)",110
95409-01-13-05,GX 339-4,C,low,0.396,16.3,36.3,36.3,"(0.009, 0.01)","(0.6, 0.6)","(0.6, 0.6)",111
95409-01-13-06,GX 339-4,C,low,0.448,11.0,32.6,34.4,"(0.005, 0.005)","(1.3, 1.4)","(1.3, 1.4)",112
95409-01-14-01,GX 339-4,C,low,1.058,10.9,30.9,32.8,"(0.007, 0.007)","(1.3, 1.4)","(1.3, 1.4)",113
95409-01-14-02,GX 339-4,C,low,2.494,9.0,25.6,27.1,"(0.007, 0.007)","(0.9, 1.0)","(0.9, 1.0)",114
95409-01-14-03,GX 339-4,C,low,3.155,7.8,25.7,26.8,"(0.01, 0.01)","(2.7, 2.9)","(2.6, 2.8)",115
95409-01-14-04,GX 339-4,C,low,2.375,8.7,23.1,24.7,"(0.006, 0.006)","(1.0, 1.0)","(0.9, 0.9)",116
95409-01-14-05,GX 339-4,C,low,3.64,8.1,21.1,22.6,"(0.007, 0.008)","(0.8, 0.8)","(0.8, 0.8)",117
95409-01-14-06,GX 339-4,C,low,2.424,8.2,23.2,24.6,"(0.003, 0.003)","(1.6, 0.9)","(1.5, 0.9)",118
95409-01-14-07,GX 339-4,C,low,2.92,8.4,21.3,23.9,"(0.003, 0.003)","(1.0, 1.0)","(0.9, 0.9)",119
95409-01-15-00,GX 339-4,C,low,4.153,7.8,20.2,21.6,"(0.014, 0.014)","(0.7, 0.4)","(0.7, 0.4)",120
95409-01-15-01,GX 339-4,C,low,5.653,7.1,15.3,16.9,"(0.015, 0.015)","(1.1, 1.3)","(1.0, 1.2)",121
95409-01-17-02,GX 339-4,C,low,6.698,3.7,16.1,16.5,"(0.072, 0.073)","(1.4, 1.5)","(1.4, 1.5)",122
94331-01-06-00,XTEJ1752-223,C,low,2.247,4.3,28.6,28.9,"(0.014, 0.015)","(1.4, 1.6)","(1.4, 1.6)",123
94331-01-06-01,XTEJ1752-223,C,low,4.079,6.2,26.7,27.4,"(0.02, 0.02)","(0.7, 0.7)","(0.7, 0.7)",124
94331-01-06-02,XTEJ1752-223,C,low,5.34,5.9,23.5,24.2,"(0.024, 0.024)","(0.3, 0.3)","(0.3, 0.3)",125
95360-01-11-00,XTEJ1752-223,C,low,6.462,7.5,22.2,23.4,"(0.129, 0.129)","(1.0, 1.1)","(1.0, 1.2)",126
91110-02-25-00,XTEJ1817-330,C,low,10.584,1.8,6.4,6.7,"(0.206, 0.202)","(0.6, 0.6)","(0.6, 0.6)",127
91110-02-31-00,XTEJ1817-330,C,low,11.423,2.7,6.0,6.6,"(0.401, 0.401)","(0.2, 0.3)","(0.3, 0.3)",128
40124-01-04-00,XTE J1859+226,C,intermediate,1.201,17.3,30.9,35.4,"(0.007, 0.007)","(1.7, 1.7)","(1.5, 1.6)",129
40124-01-05-00,XTE J1859+226,C,intermediate,3.051,15.3,25.8,30.0,"(0.01, 0.01)","(1.1, 1.3)","(1.0, 1.1)",130
40124-01-06-00,XTE J1859+226,C,intermediate,3.625,15.0,21.8,26.5,"(0.009, 0.009)","(1.3, 1.7)","(1.1, 1.4)",131
40124-01-07-00,XTE J1859+226,C,intermediate,3.663,14.3,24.3,28.2,"(0.013, 0.013)","(1.0, 1.0)","(0.9, 0.9)",132
40124-01-08-00,XTE J1859+226,C,intermediate,4.364,13.4,20.5,24.4,"(0.007, 0.007)","(0.8, 0.9)","(0.7, 0.8)",133
40124-01-09-00,XTE J1859+226,C,intermediate,4.949,13.5,18.3,22.7,"(0.007, 0.007)","(0.8, 0.8)","(0.6, 0.6)",134
40124-01-10-00,XTE J1859+226,C,intermediate,5.772,11.7,11.8,19.2,"(0.017, 0.017)","(0.7, 0.8)","(0.6, 0.6)",135
40124-01-11-00,XTE J1859+226,C,intermediate,5.92,14.2,11.8,19.7,"(0.014, 0.014)","(0.6, 0.7)","(0.8, 0.7)",136
40124-01-14-00,XTE J1859+226,C,intermediate,8.561,3.4,10.2,12.4,"(0.06, 0.06)","(0.3, 0.2)","(0.4, 0.4)",137
40124-01-15-00,XTE J1859+226,C,intermediate,6.16,8.2,18.7,20.4,"(0.021, 0.021)","(0.3, 0.3)","(0.3, 0.3)",138
40124-01-16-00,XTE J1859+226,C,intermediate,7.731,4.8,9.5,10.6,"(0.056, 0.055)","(0.5, 0.6)","(0.5, 0.5)",139
40124-01-17-00,XTE J1859+226,C,intermediate,7.5,6.7,11.7,15.0,"(0.031, 0.031)","(0.3, 0.3)","(0.3, 0.3)",140
40124-01-18-00,XTE J1859+226,C,intermediate,5.889,9.0,17.5,19.7,"(0.011, 0.011)","(0.8, 0.9)","(0.7, 0.8)",141
40124-01-19-00,XTE J1859+226,C,intermediate,5.179,12.9,18.3,22.4,"(0.008, 0.008)","(0.8, 0.9)","(0.6, 0.7)",142
40124-01-20-00,XTE J1859+226,C,intermediate,6.433,10.7,13.0,18.3,"(0.019, 0.019)","(0.4, 0.4)","(0.4, 0.4)",143
40124-01-21-00,XTE J1859+226,C,intermediate,6.313,9.5,14.8,19.1,"(0.013, 0.013)","(1.0, 0.6)","(0.8, 0.5)",144
40124-01-23-00,XTE J1859+226,C,intermediate,6.906,7.9,12.2,15.2,"(0.026, 0.026)","(0.8, 1.0)","(0.7, 0.8)",145
40124-01-23-01,XTE J1859+226,C,intermediate,7.684,6.1,10.2,14.2,"(0.05, 0.049)","(0.3, 0.3)","(0.5, 0.5)",146
40124-01-25-00,XTE J1859+226,C,intermediate,6.199,8.2,17.5,20.1,"(0.019, 0.019)","(0.3, 0.3)","(0.3, 0.4)",147
40124-01-26-00,XTE J1859+226,C,intermediate,7.526,7.2,9.0,14.6,"(0.046, 0.046)","(0.1, 0.1)","(0.2, 0.2)",148
40124-01-28-00,XTE J1859+226,C,intermediate,7.695,3.1,11.5,12.7,"(0.092, 0.092)","(0.3, 0.4)","(0.4, 0.4)",149
40124-01-28-01,XTE J1859+226,C,intermediate,7.505,5.6,11.7,13.0,"(0.043, 0.044)","(0.6, 0.7)","(0.6, 0.6)",150
40124-01-29-00,XTE J1859+226,C,intermediate,7.684,4.4,10.5,13.2,"(0.056, 0.056)","(0.5, 0.5)","(0.6, 0.6)",151
40124-01-31-00,XTE J1859+226,C,intermediate,7.257,6.0,12.5,14.2,"(0.034, 0.034)","(1.3, 1.1)","(1.2, 1.0)",152
96371-02-01-00,MAXI1543-564,C,intermediate,1.056,17.6,16.1,23.9,"(0.014, 0.014)","(3.4, 3.4)","(2.6, 2.5)",153
96371-02-01-01,MAXI1543-564,C,intermediate,1.742,14.5,23.9,28.0,"(0.009, 0.009)","(1.4, 1.5)","(1.2, 1.3)",154
96371-02-01-02,MAXI1543-564,C,intermediate,2.971,16.6,27.7,32.3,"(0.009, 0.009)","(1.1, 1.1)","(1.0, 1.0)",155
96371-02-02-00,MAXI1543-564,C,intermediate,4.376,12.4,21.2,24.6,"(0.023, 0.023)","(1.8, 2.2)","(1.6, 2.0)",156
96371-02-02-01,MAXI1543-564,C,intermediate,5.724,10.1,25.4,27.3,"(0.036, 0.036)","(1.3, 1.3)","(1.2, 1.2)",157
30188-06-01-00,XTE J1550-564,C,high,0.288,15.6,36.4,39.6,"(0.001, 0.001)","(0.6, 0.6)","(0.6, 0.6)",158
30188-06-01-01,XTE J1550-564,C,high,0.395,15.6,31.5,35.1,"(0.002, 0.002)","(0.7, 0.8)","(0.7, 0.7)",159
30188-06-01-02,XTE J1550-564,C,high,0.809,16.5,27.2,31.8,"(0.002, 0.002)","(1.3, 1.2)","(1.1, 1.1)",160
30188-06-01-03,XTE J1550-564,C,high,1.034,16.8,28.5,33.5,"(0.003, 0.003)","(0.4, 0.4)","(0.4, 0.4)",161
30188-06-03-00,XTE J1550-564,C,high,0.122,15.2,39.7,42.5,"(0.001, 0.001)","(0.8, 0.8)","(0.8, 0.8)",162
30188-06-04-00,XTE J1550-564,C,high,1.533,15.1,27.8,31.7,"(0.004, 0.004)","(0.9, 0.9)","(0.8, 0.8)",163
30188-06-05-00,XTE J1550-564,C,high,2.381,15.1,22.4,27.4,"(0.005, 0.005)","(0.6, 0.6)","(0.5, 0.5)",164
30188-06-06-00,XTE J1550-564,C,high,3.297,14.9,18.0,23.5,"(0.006, 0.006)","(0.9, 1.0)","(0.8, 0.8)",165
30188-06-07-00,XTE J1550-564,C,high,3.182,14.8,18.2,23.9,"(0.004, 0.004)","(0.7, 0.7)","(0.5, 0.6)",166
30188-06-08-00,XTE J1550-564,C,high,3.161,15.2,18.5,24.0,"(0.004, 0.004)","(0.6, 0.6)","(0.5, 0.5)",167
30188-06-09-00,XTE J1550-564,C,high,3.634,14.4,14.8,23.2,"(0.005, 0.005)","(1.1, 1.0)","(0.8, 0.7)",168
30188-06-10-00,XTE J1550-564,C,high,2.563,15.0,20.8,26.1,"(0.006, 0.006)","(0.9, 0.8)","(0.8, 0.7)",169
30188-06-11-00,XTE J1550-564,C,high,3.977,13.9,16.6,22.0,"(0.007, 0.007)","(0.6, 0.7)","(0.6, 0.7)",170
30191-01-01-00,XTE J1550-564,C,high,5.713,11.6,12.8,18.7,"(0.01, 0.01)","(0.5, 0.5)","(0.4, 0.4)",171
30191-01-02-00,XTE J1550-564,C,high,13.081,1.1,2.3,7.2,"(0.085, 0.085)","(0.1, 0.1)","(0.0, 0.0)",172
30191-01-18-01,XTE J1550-564,C,high,3.331,17.0,17.1,24.6,"(0.009, 0.009)","(0.8, 0.8)","(0.9, 0.9)",173
30191-01-27-00,XTE J1550-564,C,high,5.544,14.6,14.6,20.6,"(0.025, 0.027)","(0.4, 0.4)","(0.4, 0.4)",174
30191-01-27-01,XTE J1550-564,C,high,4.481,13.8,18.6,23.9,"(0.009, 0.009)","(0.9, 1.1)","(0.8, 0.9)",175
30191-01-28-00,XTE J1550-564,C,high,4.191,14.8,19.8,25.7,"(0.01, 0.01)","(1.6, 1.7)","(1.3, 1.4)",176
30191-01-28-01,XTE J1550-564,C,high,4.742,14.0,17.6,23.2,"(0.009, 0.009)","(0.5, 0.6)","(0.4, 0.5)",177
30191-01-28-02,XTE J1550-564,C,high,4.959,14.5,17.3,23.4,"(0.009, 0.009)","(0.9, 1.1)","(0.7, 0.8)",178
30191-01-29-00,XTE J1550-564,C,high,4.835,14.0,17.9,23.5,"(0.009, 0.009)","(1.0, 1.2)","(0.8, 0.9)",179
30191-01-29-01,XTE J1550-564,C,high,4.961,15.4,14.6,21.3,"(0.007, 0.007)","(1.5, 1.7)","(1.0, 1.2)",180
30191-01-30-00,XTE J1550-564,C,high,6.452,10.1,14.1,19.1,"(0.009, 0.009)","(0.4, 0.5)","(0.4, 0.4)",181
30191-01-31-00,XTE J1550-564,C,high,6.764,10.3,10.1,14.7,"(0.02, 0.02)","(1.2, 1.2)","(0.9, 0.9)",182
30191-01-31-01,XTE J1550-564,C,high,6.717,9.8,13.7,18.3,"(0.012, 0.012)","(0.6, 0.8)","(0.5, 0.6)",183
40401-01-02-00,XTE J1550-564,C,high,1.535,1.1,3.3,7.4,"(0.298, 0.298)","(0.1, 0.1)","(0.1, 0.1)",184
40401-01-48-00,XTE J1550-564,C,high,18.061,0.5,3.7,6.2,"(0.061, 0.059)","(0.2, 0.2)","(0.1, 0.1)",185
40401-01-57-00,XTE J1550-564,C,high,6.69,9.7,13.5,19.8,"(0.014, 0.014)","(0.3, 0.3)","(0.4, 0.3)",186
50134-01-04-00,XTE J1550-564,C,high,6.915,9.9,12.8,19.9,"(0.022, 0.022)","(0.5, 0.5)","(0.7, 0.7)",187
50134-01-05-00,XTE J1550-564,C,high,4.476,10.6,21.0,26.3,"(0.011, 0.011)","(0.7, 0.7)","(0.9, 1.0)",188
50134-02-01-00,XTE J1550-564,C,high,1.257,15.3,36.2,39.3,"(0.006, 0.006)","(0.4, 0.4)","(0.4, 0.4)",189
50135-01-02-00,XTE J1550-564,C,high,2.34,12.3,27.6,32.5,"(0.01, 0.01)","(1.4, 1.4)","(1.3, 1.3)",190
50135-01-03-00,XTE J1550-564,C,high,1.124,12.9,32.2,34.6,"(0.007, 0.007)","(2.1, 2.1)","(1.9, 1.9)",191
50135-01-04-00,XTE J1550-564,C,high,0.981,7.4,35.3,36.1,"(0.02, 0.02)","(0.6, 0.5)","(0.6, 0.5)",192
50135-01-05-00,XTE J1550-564,C,high,0.684,7.8,33.8,34.7,"(0.008, 0.008)","(0.9, 0.9)","(0.9, 0.9)",193
50135-01-06-00,XTE J1550-564,C,high,0.552,8.3,34.8,35.8,"(0.008, 0.009)","(1.4, 0.9)","(1.4, 0.9)",194
50137-02-01-00,XTE J1550-564,C,high,0.237,10.7,40.6,42.0,"(0.002, 0.002)","(2.3, 2.6)","(2.3, 2.5)",195
50137-02-02-00,XTE J1550-564,C,high,0.257,10.5,39.5,40.8,"(0.003, 0.003)","(1.6, 1.6)","(1.5, 1.6)",196
50137-02-02-01,XTE J1550-564,C,high,0.265,9.4,39.5,40.6,"(0.002, 0.002)","(1.3, 1.2)","(1.3, 1.2)",197
50137-02-03-00,XTE J1550-564,C,high,0.239,12.6,41.0,42.9,"(0.002, 0.002)","(1.0, 1.1)","(1.0, 1.1)",198
50137-02-03-01G,XTE J1550-564,C,high,0.24,11.3,40.4,42.0,"(0.002, 0.002)","(1.6, 1.6)","(1.6, 1.6)",199
50137-02-04-00,XTE J1550-564,C,high,0.233,15.6,36.5,39.7,"(0.003, 0.003)","(1.6, 1.8)","(1.5, 1.7)",200
50137-02-04-01,XTE J1550-564,C,high,0.249,11.9,40.6,42.4,"(0.002, 0.002)","(1.2, 1.4)","(1.2, 1.4)",201
50137-02-05-00,XTE J1550-564,C,high,0.279,9.7,37.7,39.2,"(0.003, 0.003)","(1.9, 1.9)","(1.8, 3.3)",202
50137-02-05-01,XTE J1550-564,C,high,0.314,12.4,41.4,43.2,"(0.002, 0.002)","(1.1, 1.1)","(1.1, 1.0)",203
50137-02-06-00,XTE J1550-564,C,high,0.32,14.5,41.4,43.8,"(0.002, 0.002)","(1.2, 0.8)","(1.2, 0.8)",204
50137-02-07-00,XTE J1550-564,C,high,0.42,13.7,36.6,39.1,"(0.003, 0.003)","(1.8, 1.5)","(1.7, 1.4)",205
70417-01-09-00,4U 1630-47,C,high,12.51,1.9,7.8,9.4,"(0.163, 0.168)","(0.4, 0.4)","(0.4, 0.4)",206
80117-01-02-01,4U 1630-47,C,high,12.416,2.2,6.2,9.7,"(0.108, 0.108)","(0.2, 0.2)","(0.3, 0.3)",207
80117-01-02-04,4U 1630-47,C,high,12.453,2.2,9.0,9.2,"(0.138, 0.138)","(0.4, 0.4)","(0.4, 0.4)",208
80117-01-04-00,4U 1630-47,C,high,11.543,2.9,9.0,11.1,"(0.032, 0.032)","(0.5, 0.4)","(0.5, 0.5)",209
80117-01-05-00,4U 1630-47,C,high,12.326,2.1,13.0,13.4,"(0.055, 0.056)","(0.4, 0.4)","(0.4, 0.4)",210
80117-01-06-01,4U 1630-47,C,high,7.795,2.2,25.3,26.8,"(0.031, 0.033)","(1.6, 1.5)","(1.6, 1.5)",211
80117-01-07-00,4U 1630-47,C,high,7.5,2.9,24.4,25.9,"(0.053, 0.051)","(1.7, 1.3)","(1.6, 1.2)",212
80117-01-07-01,4U 1630-47,C,high,14.8,2.2,4.4,9.5,"(0.287, 0.28)","(0.1, 0.1)","(0.4, 0.4)",213
80117-01-07-02,4U 1630-47,C,high,14.484,2.2,4.4,8.8,"(0.157, 0.162)","(0.1, 0.1)","(0.2, 0.2)",214
80117-01-08-00,4U 1630-47,C,high,11.467,2.4,8.3,11.2,"(0.041, 0.041)","(0.3, 0.3)","(0.5, 0.5)",215
80117-01-08-01,4U 1630-47,C,high,13.799,2.0,4.9,9.6,"(0.244, 0.245)","(0.2, 0.2)","(0.3, 0.3)",216
80117-01-10-00,4U 1630-47,C,high,14.048,2.5,9.2,9.6,"(0.355, 0.337)","(0.3, 0.3)","(0.3, 0.3)",217
80117-01-11-02,4U 1630-47,C,high,14.039,2.3,5.7,10.6,"(0.275, 0.265)","(0.2, 0.2)","(0.3, 0.3)",218
80117-01-12-01,4U 1630-47,C,high,11.661,2.4,8.0,11.8,"(0.075, 0.075)","(0.5, 0.6)","(0.5, 0.5)",219
80117-01-16-00,4U 1630-47,C,high,13.335,1.7,7.7,7.9,"(0.233, 0.249)","(0.4, 0.4)","(0.4, 0.4)",220
80117-01-17-00,4U 1630-47,C,high,13.14,1.7,7.7,9.7,"(0.199, 0.199)","(0.5, 0.5)","(0.5, 0.5)",221
80117-01-21-01,4U 1630-47,C,high,0.794,8.4,12.1,13.1,"(0.061, 0.061)","(0.8, 1.0)","(0.8, 0.9)",222
80117-01-22-00,4U 1630-47,C,high,4.024,6.7,13.2,14.8,"(0.009, 0.009)","(1.0, 1.0)","(0.9, 0.9)",223
80417-01-01-00,4U 1630-47,C,high,12.257,2.3,11.4,13.6,"(0.144, 0.144)","(0.2, 0.2)","(0.3, 0.3)",224
10255-01-03-00,GRO J1655-40,C,high,19.471,1.1,6.0,8.9,"(0.129, 0.129)","(0.1, 0.1)","(0.2, 0.2)",225
10255-01-06-00,GRO J1655-40,C,high,20.104,1.0,6.8,6.8,"(0.26, 0.258)","(0.4, 0.5)","(0.4, 0.5)",226
10255-01-07-00,GRO J1655-40,C,high,18.279,1.3,5.4,9.0,"(0.144, 0.147)","(0.1, 0.1)","(0.1, 0.1)",227
10255-01-09-00,GRO J1655-40,C,high,18.181,1.4,7.4,7.6,"(0.127, 0.127)","(0.1, 0.1)","(0.1, 0.1)",228
10255-01-10-00,GRO J1655-40,C,high,17.889,1.5,6.1,9.3,"(0.111, 0.111)","(0.1, 0.1)","(0.1, 0.1)",229
10255-01-11-00,GRO J1655-40,C,high,20.934,1.0,6.8,9.4,"(0.22, 0.22)","(0.2, 0.2)","(0.2, 0.2)",230
10255-01-16-00,GRO J1655-40,C,high,21.516,0.9,8.3,8.4,"(0.233, 0.218)","(0.3, 0.3)","(0.3, 0.3)",231
10255-01-17-00,GRO J1655-40,C,high,17.423,1.7,6.4,6.6,"(0.099, 0.1)","(0.6, 0.6)","(0.6, 0.5)",232
10255-01-18-00,GRO J1655-40,C,high,9.875,3.9,15.0,15.6,"(0.043, 0.042)","(0.5, 0.5)","(0.5, 0.5)",233
20187-01-01-00,GRO J1655-40,C,high,11.05,1.4,5.0,5.2,"(0.134, 0.134)","(0.1, 0.1)","(0.1, 0.1)",234
20402-02-25-00,GRO J1655-40,C,high,6.44,10.0,22.4,27.9,"(0.012, 0.012)","(1.3, 1.6)","(1.2, 1.5)",235
20402-02-26-00,GRO J1655-40,C,high,0.77,6.3,31.4,32.1,"(0.013, 0.013)","(2.7, 2.7)","(2.7, 2.7)",236
90058-16-05-00,GRO J1655-40,C,high,0.106,6.7,40.5,41.0,"(0.001, 0.001)","(1.5, 1.6)","(1.5, 1.6)",237
90058-16-07-00,GRO J1655-40,C,high,0.122,5.8,42.3,42.6,"(0.002, 0.002)","(1.1, 1.2)","(1.1, 1.2)",238
90428-01-01-01,GRO J1655-40,C,high,0.11,7.3,39.5,40.2,"(0.003, 0.003)","(1.3, 1.4)","(1.3, 1.4)",239
90428-01-01-02,GRO J1655-40,C,high,0.129,7.0,38.7,39.3,"(0.001, 0.001)","(1.7, 1.6)","(1.7, 1.6)",240
90428-01-01-03,GRO J1655-40,C,high,0.112,8.1,40.1,40.9,"(0.003, 0.003)","(2.1, 2.2)","(2.1, 2.1)",241
90428-01-01-04,GRO J1655-40,C,high,0.122,6.9,39.8,40.4,"(0.001, 0.001)","(1.0, 1.0)","(1.0, 1.0)",242
90428-01-01-09,GRO J1655-40,C,high,0.129,7.9,36.5,37.4,"(0.002, 0.002)","(3.3, 2.7)","(3.3, 2.6)",243
90428-01-01-10,GRO J1655-40,C,high,0.161,7.6,36.7,37.5,"(0.001, 0.001)","(2.6, 1.9)","(2.5, 1.9)",244
90704-04-01-00,GRO J1655-40,C,high,2.31,22.2,32.7,39.5,"(0.004, 0.004)","(1.4, 1.4)","(1.2, 1.2)",245
90704-04-01-01,GRO J1655-40,C,high,2.044,21.8,32.9,39.5,"(0.004, 0.004)","(1.0, 1.1)","(0.9, 0.9)",246
91404-01-01-00,GRO J1655-40,C,high,0.169,7.1,40.2,40.9,"(0.002, 0.002)","(0.8, 0.8)","(0.8, 0.8)",247
91404-01-01-01,GRO J1655-40,C,high,0.377,10.1,38.7,40.0,"(0.004, 0.004)","(2.2, 1.9)","(2.1, 1.9)",248
91404-01-01-02,GRO J1655-40,C,high,0.246,8.1,40.9,41.7,"(0.002, 0.002)","(0.6, 0.6)","(0.6, 0.6)",249
91404-01-01-03,GRO J1655-40,C,high,0.313,9.0,39.3,40.3,"(0.004, 0.004)","(1.5, 1.5)","(1.5, 1.4)",250
91404-01-01-04,GRO J1655-40,C,high,0.417,11.8,38.8,40.5,"(0.005, 0.005)","(1.5, 1.6)","(1.4, 1.6)",251
91404-01-01-05,GRO J1655-40,C,high,0.466,9.7,36.8,38.0,"(0.006, 0.006)","(1.9, 2.3)","(1.9, 2.2)",252
91702-01-01-00,GRO J1655-40,C,high,0.491,12.5,44.4,46.2,"(0.003, 0.003)","(0.6, 0.6)","(0.6, 0.6)",253
91702-01-01-01,GRO J1655-40,C,high,0.504,13.3,38.4,40.7,"(0.005, 0.005)","(0.8, 0.8)","(0.8, 0.8)",254
91702-01-01-02,GRO J1655-40,C,high,0.519,13.6,38.4,40.7,"(0.005, 0.005)","(1.8, 1.7)","(1.7, 1.6)",255
91702-01-01-03,GRO J1655-40,C,high,0.889,17.9,34.9,39.2,"(0.005, 0.005)","(1.2, 1.3)","(1.1, 1.2)",256
91702-01-01-04,GRO J1655-40,C,high,1.333,20.8,33.2,39.1,"(0.005, 0.005)","(3.2, 4.5)","(2.8, 3.8)",257
91702-01-01-05,GRO J1655-40,C,high,1.526,20.9,32.2,38.4,"(0.005, 0.005)","(2.5, 3.0)","(2.1, 2.5)",258
91702-01-71-03,GRO J1655-40,C,high,9.858,9.4,16.8,19.3,"(0.014, 0.015)","(1.7, 1.7)","(1.5, 1.5)",259
91702-01-71-04,GRO J1655-40,C,high,10.373,7.9,13.4,19.9,"(0.022, 0.022)","(0.6, 0.6)","(1.9, 1.9)",260
91702-01-76-00,GRO J1655-40,C,high,13.178,4.1,9.9,10.7,"(0.052, 0.053)","(0.3, 0.3)","(0.2, 0.3)",261
91702-01-76-01,GRO J1655-40,C,high,12.691,4.7,11.8,12.7,"(0.065, 0.065)","(0.9, 1.0)","(0.8, 0.9)",262
91702-01-79-00,GRO J1655-40,C,high,8.679,10.3,19.1,25.5,"(0.015, 0.015)","(0.5, 0.5)","(0.6, 0.6)",263
91702-01-79-01,GRO J1655-40,C,high,9.736,8.1,15.8,22.9,"(0.015, 0.015)","(0.5, 0.5)","(1.4, 1.4)",264
91702-01-80-00,GRO J1655-40,C,high,7.762,11.2,18.7,27.8,"(0.017, 0.017)","(1.8, 2.4)","(1.3, 1.7)",265
91702-01-80-01,GRO J1655-40,C,high,4.739,11.5,29.7,34.7,"(0.008, 0.008)","(0.8, 0.8)","(1.1, 1.4)",266
91702-01-80-02,GRO J1655-40,C,high,1.443,9.8,31.3,32.8,"(0.02, 0.02)","(0.5, 0.5)","(0.5, 0.5)",267
91702-01-81-00,GRO J1655-40,C,high,2.149,12.4,29.8,32.3,"(0.017, 0.017)","(1.3, 1.3)","(1.3, 1.3)",268
91702-01-81-01,GRO J1655-40,C,high,1.304,9.2,33.8,48.3,"(0.006, 0.006)","(2.7, 4.7)","(2.1, 3.5)",269
91702-01-81-02,GRO J1655-40,C,high,0.584,8.0,26.3,27.5,"(0.004, 0.004)","(1.6, 1.7)","(1.5, 1.6)",270
91702-01-82-00,GRO J1655-40,C,high,0.419,7.7,29.4,30.4,"(0.007, 0.007)","(1.8, 1.9)","(1.7, 1.9)",271
91702-01-87-03,GRO J1655-40,C,high,0.456,7.1,34.1,34.8,"(0.007, 0.007)","(2.8, 2.7)","(2.7, 2.7)",272
91704-01-01-01,GRO J1655-40,C,high,0.316,7.9,30.7,31.7,"(0.002, 0.002)","(1.3, 1.5)","(1.3, 1.5)",273
91702-01-58-00,GRO J1655-40,C,high,18.797,1.6,7.6,10.3,"(0.19, 0.192)","(0.5, 0.5)","(0.3, 0.4)",274
95360-14-01-00,H1743-322,C,high,1.006,17.1,33.4,37.5,"(0.001, 0.001)","(2.9, 2.1)","(2.6, 1.9)",275
95360-14-02-00,H1743-322,C,high,1.173,17.5,30.9,35.5,"(0.002, 0.002)","(2.4, 2.4)","(2.1, 2.1)",276
95360-14-02-01,H1743-322,C,high,1.038,17.5,28.6,33.5,"(0.003, 0.004)","(0.9, 0.9)","(1.0, 1.0)",277
95360-14-02-02,H1743-322,C,high,2.956,14.9,25.5,29.5,"(0.009, 0.009)","(0.5, 0.5)","(0.5, 0.5)",278
95360-14-02-03,H1743-322,C,high,1.766,17.9,26.1,31.7,"(0.004, 0.004)","(3.0, 3.3)","(2.5, 2.7)",279
95360-14-03-00,H1743-322,C,high,1.477,17.7,31.8,36.4,"(0.002, 0.002)","(2.6, 2.6)","(2.3, 2.2)",280
95360-14-03-01,H1743-322,C,high,4.792,9.4,22.5,24.3,"(0.017, 0.017)","(0.9, 1.1)","(0.9, 1.0)",281
95360-14-23-01,H1743-322,C,high,2.557,13.8,14.8,20.2,"(0.037, 0.036)","(2.4, 2.8)","(1.9, 2.2)",282
95360-14-24-00,H1743-322,C,high,1.565,9.1,25.8,27.3,"(0.022, 0.023)","(1.9, 1.3)","(1.8, 1.2)",283
95368-01-01-00,H1743-322,C,high,0.92,18.8,24.5,30.8,"(0.002, 0.002)","(2.3, 3.2)","(1.8, 2.6)",284
95405-01-02-02,H1743-322,C,high,3.061,10.9,19.9,22.7,"(0.017, 0.017)","(1.6, 1.6)","(1.4, 1.4)",285
95405-01-02-06,H1743-322,C,high,3.823,9.4,21.3,23.3,"(0.024, 0.024)","(1.5, 1.9)","(1.4, 1.8)",286
95405-01-03-00,H1743-322,C,high,2.04,13.5,19.3,23.5,"(0.015, 0.015)","(1.1, 1.2)","(1.0, 1.1)",287
95405-01-03-01,H1743-322,C,high,2.201,11.8,23.8,26.6,"(0.012, 0.012)","(1.5, 1.7)","(1.3, 1.6)",288
95405-01-03-02,H1743-322,C,high,1.339,9.8,26.4,28.2,"(0.017, 0.017)","(0.8, 0.8)","(0.8, 0.8)",289
95405-01-03-04,H1743-322,C,high,2.218,13.2,22.3,25.9,"(0.018, 0.018)","(1.8, 2.0)","(1.6, 1.8)",290
95405-01-04-01,H1743-322,C,high,0.893,7.6,23.2,24.4,"(0.016, 0.016)","(1.0, 1.0)","(1.0, 1.0)",291
93427-01-03-01,H1743-322,C,high,6.989,16.3,16.5,23.2,"(0.037, 0.036)","(0.6, 0.6)","(0.7, 0.7)",292
93427-01-04-00,H1743-322,C,high,3.789,10.4,15.8,18.9,"(0.03, 0.03)","(0.9, 1.1)","(0.9, 1.1)",293
93427-01-04-02,H1743-322,C,high,2.449,11.2,44.5,45.9,"(0.036, 0.037)","(1.8, 1.8)","(1.8, 1.7)",294
93427-01-04-03,H1743-322,C,high,2.307,8.7,19.9,26.4,"(0.03, 0.03)","(1.4, 1.8)","(2.0, 2.2)",295
93427-01-09-00,H1743-322,C,high,0.332,15.4,32.1,35.6,"(0.003, 0.003)","(0.9, 0.9)","(0.9, 0.9)",296
93427-01-09-01,H1743-322,C,high,0.376,16.0,36.2,39.6,"(0.002, 0.002)","(0.8, 0.8)","(0.7, 0.7)",297
93427-01-09-02,H1743-322,C,high,0.469,14.3,33.8,36.7,"(0.002, 0.002)","(1.9, 2.5)","(1.8, 2.3)",298
93427-01-09-03,H1743-322,C,high,0.432,15.6,31.6,35.3,"(0.002, 0.002)","(1.9, 2.1)","(1.7, 1.9)",299
93427-01-10-00,H1743-322,C,high,0.58,14.4,34.5,37.4,"(0.005, 0.005)","(0.9, 0.9)","(0.9, 0.9)",300
93427-01-10-01,H1743-322,C,high,0.676,16.8,32.5,64.1,"(0.004, 0.004)","(1.4, 1.5)","(1.5, 1.6)",301
93427-01-10-02,H1743-322,C,high,0.745,14.8,33.6,36.8,"(0.006, 0.006)","(1.4, 1.5)","(1.3, 1.4)",302
93427-01-11-00,H1743-322,C,high,0.858,15.2,35.7,38.8,"(0.003, 0.003)","(0.5, 0.5)","(0.5, 0.5)",303
93427-01-11-01,H1743-322,C,high,1.027,17.1,32.8,37.0,"(0.004, 0.004)","(2.4, 2.8)","(2.1, 2.5)",304
93427-01-11-03,H1743-322,C,high,5.582,5.9,21.5,25.9,"(0.026, 0.027)","(0.5, 0.5)","(1.1, 1.2)",305
93427-01-12-02,H1743-322,C,high,3.297,11.7,24.2,26.8,"(0.018, 0.018)","(1.8, 2.0)","(1.7, 1.8)",306
93427-01-12-04,H1743-322,C,high,3.845,11.1,18.1,23.4,"(0.012, 0.012)","(0.9, 1.0)","(1.2, 1.6)",307
93427-01-12-05,H1743-322,C,high,2.933,12.5,22.5,25.7,"(0.016, 0.016)","(1.1, 1.4)","(1.0, 1.3)",308
93427-01-13-00,H1743-322,C,high,2.595,12.9,23.1,26.4,"(0.009, 0.009)","(1.1, 1.3)","(1.0, 1.2)",309
93427-01-13-01,H1743-322,C,high,2.204,11.2,27.3,29.5,"(0.015, 0.015)","(0.8, 0.8)","(0.8, 0.8)",310
93427-01-13-02,H1743-322,C,high,2.242,12.5,23.5,26.6,"(0.012, 0.012)","(1.3, 1.4)","(1.1, 1.2)",311
93427-01-13-03,H1743-322,C,high,1.813,12.0,24.4,27.3,"(0.011, 0.011)","(1.4, 1.4)","(1.2, 1.3)",312
93427-01-13-04,H1743-322,C,high,2.377,12.4,23.6,26.6,"(0.009, 0.009)","(1.4, 1.4)","(1.3, 1.3)",313
93427-01-13-05,H1743-322,C,high,2.275,11.8,28.7,31.0,"(0.008, 0.008)","(0.4, 0.4)","(0.4, 0.4)",314
93427-01-13-06,H1743-322,C,high,2.106,12.6,26.7,29.5,"(0.01, 0.01)","(2.2, 2.4)","(2.0, 2.2)",315
93427-01-14-00,H1743-322,C,high,1.88,11.8,24.7,27.3,"(0.014, 0.014)","(1.6, 1.7)","(1.5, 1.5)",316
93427-01-14-01,H1743-322,C,high,1.79,11.1,24.2,26.6,"(0.024, 0.024)","(2.0, 2.7)","(1.9, 2.5)",317
93427-01-14-02,H1743-322,C,high,1.526,11.1,29.5,31.5,"(0.011, 0.011)","(0.5, 0.5)","(0.5, 0.5)",318
93427-01-14-03,H1743-322,C,high,1.47,10.3,31.1,32.8,"(0.015, 0.015)","(1.1, 1.1)","(1.1, 1.1)",319
93427-01-14-04,H1743-322,C,high,1.716,10.5,30.5,32.3,"(0.011, 0.01)","(0.7, 0.7)","(0.7, 0.7)",320
93427-01-14-05,H1743-322,C,high,2.191,11.6,23.9,26.6,"(0.016, 0.016)","(1.7, 1.9)","(1.5, 1.7)",321
93427-01-14-06,H1743-322,C,high,2.081,10.6,28.0,29.9,"(0.019, 0.019)","(0.6, 0.6)","(0.6, 0.6)",322
93427-01-15-00,H1743-322,C,high,1.796,9.7,28.6,30.2,"(0.014, 0.014)","(0.6, 0.6)","(0.6, 0.6)",323
93427-01-15-01,H1743-322,C,high,1.918,12.6,20.3,23.9,"(0.021, 0.021)","(1.4, 1.5)","(1.2, 1.3)",324
93427-01-15-02,H1743-322,C,high,1.758,9.1,28.6,30.0,"(0.013, 0.013)","(0.5, 0.5)","(0.5, 0.5)",325
93427-01-15-03,H1743-322,C,high,1.533,8.4,26.7,28.0,"(0.019, 0.019)","(1.4, 1.1)","(1.4, 1.0)",326
93427-01-15-04,H1743-322,C,high,1.009,6.5,21.7,22.7,"(0.013, 0.013)","(1.1, 1.2)","(1.1, 1.2)",327
93427-01-15-05,H1743-322,C,high,0.85,8.1,20.5,22.0,"(0.022, 0.022)","(1.4, 1.6)","(1.4, 1.5)",328
93427-01-15-06,H1743-322,C,high,1.026,9.5,26.4,28.1,"(0.022, 0.022)","(1.2, 1.1)","(1.1, 1.1)",329
94413-01-02-00,H1743-322,C,high,0.909,18.0,34.4,38.8,"(0.002, 0.002)","(0.7, 0.7)","(0.7, 0.7)",330
94413-01-02-01,H1743-322,C,high,1.193,17.8,31.6,36.3,"(0.002, 0.002)","(2.3, 2.5)","(2.0, 2.2)",331
94413-01-02-02,H1743-322,C,high,1.004,18.4,31.9,36.8,"(0.001, 0.001)","(1.3, 1.5)","(1.2, 1.3)",332
94413-01-02-03,H1743-322,C,high,3.579,14.1,23.6,34.3,"(0.005, 0.006)","(0.9, 0.9)","(0.7, 0.7)",333
94413-01-02-04,H1743-322,C,high,2.017,17.9,26.9,32.4,"(0.003, 0.003)","(1.7, 1.7)","(1.5, 1.5)",334
94413-01-02-05,H1743-322,C,high,1.277,18.1,32.9,37.6,"(0.002, 0.002)","(1.7, 1.8)","(1.5, 1.6)",335
94413-01-07-00,H1743-322,C,high,4.965,6.6,16.6,17.9,"(0.038, 0.035)","(2.3, 2.8)","(2.1, 2.6)",336
94413-01-07-01,H1743-322,C,high,3.431,8.8,18.7,20.6,"(0.032, 0.032)","(1.1, 1.2)","(1.0, 1.1)",337
94413-01-07-02,H1743-322,C,high,3.766,7.1,18.6,19.9,"(0.036, 0.036)","(1.3, 1.3)","(1.2, 1.2)",338
80137-01-20-00,H1743-322,C,high,7.846,3.7,9.7,10.4,"(0.073, 0.073)","(0.7, 0.7)","(0.6, 0.6)",339
80137-01-25-00,H1743-322,C,high,6.953,5.0,12.3,13.3,"(0.043, 0.043)","(0.6, 0.7)","(0.6, 0.7)",340
80137-01-26-00,H1743-322,C,high,5.82,7.4,19.8,21.1,"(0.086, 0.086)","(1.1, 1.1)","(1.1, 1.1)",341
80137-01-27-00,H1743-322,C,high,5.838,5.8,14.1,15.2,"(0.073, 0.073)","(1.0, 1.0)","(1.0, 1.0)",342
80137-01-28-00,H1743-322,C,high,2.973,9.0,17.7,19.9,"(0.057, 0.06)","(2.5, 2.7)","(2.3, 2.5)",343
80137-02-01-00,H1743-322,C,high,2.34,8.3,15.3,17.4,"(0.036, 0.037)","(0.6, 0.7)","(0.7, 0.8)",344
80138-01-02-00G,H1743-322,C,high,0.161,12.3,31.1,33.4,"(0.003, 0.003)","(1.5, 1.9)","(1.5, 1.8)",345
80138-01-03-00G,H1743-322,C,high,2.216,13.9,16.4,21.5,"(0.005, 0.005)","(0.8, 1.0)","(0.7, 0.8)",346
80138-01-04-00G,H1743-322,C,high,3.664,12.4,14.2,18.8,"(0.013, 0.013)","(0.7, 0.9)","(0.8, 0.9)",347
80138-01-05-00G,H1743-322,C,high,2.072,13.3,15.9,20.7,"(0.006, 0.006)","(1.0, 1.1)","(0.8, 0.8)",348
80138-01-06-00,H1743-322,C,high,3.136,14.1,13.1,19.3,"(0.017, 0.017)","(0.7, 1.0)","(1.3, 1.5)",349
80138-01-07-00,H1743-322,C,high,7.143,7.2,12.8,14.7,"(0.018, 0.018)","(0.8, 0.8)","(0.7, 0.7)",350
80146-01-01-00,H1743-322,C,high,8.517,4.6,14.6,15.3,"(0.01, 0.01)","(0.4, 0.4)","(0.4, 0.3)",351
80146-01-02-00,H1743-322,C,high,5.672,9.5,12.7,15.8,"(0.025, 0.029)","(1.3, 1.7)","(1.1, 1.4)",352
80146-01-03-00,H1743-322,C,high,4.756,11.8,14.6,18.8,"(0.008, 0.008)","(0.5, 0.5)","(0.4, 0.4)",353
80146-01-03-01,H1743-322,C,high,7.016,6.7,14.7,16.1,"(0.018, 0.018)","(0.4, 0.4)","(0.4, 0.4)",354
80146-01-29-00,H1743-322,C,high,5.527,10.0,16.0,18.8,"(0.02, 0.02)","(0.3, 0.3)","(0.5, 0.5)",355
80146-01-30-00,H1743-322,C,high,4.431,12.3,12.8,17.7,"(0.004, 0.004)","(0.3, 0.3)","(0.2, 0.2)",356
80146-01-31-00,H1743-322,C,high,5.301,12.2,13.9,18.5,"(0.018, 0.018)","(0.9, 0.8)","(0.9, 0.9)",357
80146-01-32-00,H1743-322,C,high,4.862,12.6,16.2,20.5,"(0.007, 0.007)","(0.3, 0.3)","(0.3, 0.3)",358
80146-01-33-00,H1743-322,C,high,6.22,8.4,17.4,19.3,"(0.013, 0.013)","(0.3, 0.3)","(0.3, 0.3)",359
80146-01-33-01,H1743-322,C,high,5.879,8.8,16.9,19.1,"(0.03, 0.03)","(0.4, 0.4)","(0.5, 0.5)",360
80146-01-34-00,H1743-322,C,high,2.774,17.4,10.4,20.3,"(0.005, 0.005)","(0.6, 0.7)","(0.5, 0.5)",361
80146-01-35-00,H1743-322,C,high,2.264,14.6,17.9,23.1,"(0.006, 0.006)","(1.2, 1.1)","(1.0, 0.9)",362
80146-01-36-00,H1743-322,C,high,1.827,15.6,17.5,23.4,"(0.003, 0.003)","(0.6, 0.7)","(0.5, 0.6)",363
80146-01-37-00,H1743-322,C,high,1.899,15.8,16.7,23.0,"(0.003, 0.003)","(0.6, 0.7)","(0.5, 0.5)",364
80146-01-38-00,H1743-322,C,high,3.202,16.7,12.6,21.6,"(0.007, 0.007)","(0.8, 1.0)","(0.6, 0.7)",365
80146-01-39-00,H1743-322,C,high,2.134,16.9,15.9,23.2,"(0.003, 0.003)","(0.6, 0.7)","(0.5, 0.5)",366
80146-01-40-00,H1743-322,C,high,1.701,20.3,14.9,25.2,"(0.004, 0.004)","(0.7, 0.8)","(0.5, 0.6)",367
80146-01-41-00,H1743-322,C,high,2.498,17.7,14.2,22.7,"(0.003, 0.003)","(0.6, 0.7)","(0.4, 0.5)",368
80146-01-42-00,H1743-322,C,high,3.2,17.5,11.7,21.0,"(0.004, 0.004)","(0.4, 0.5)","(0.3, 0.3)",369
80146-01-43-00,H1743-322,C,high,3.769,14.4,15.5,21.1,"(0.007, 0.007)","(0.5, 0.5)","(0.5, 0.5)",370
80146-01-43-01,H1743-322,C,high,3.811,13.7,14.6,20.0,"(0.009, 0.009)","(0.7, 0.8)","(0.5, 0.6)",371
80146-01-44-00,H1743-322,C,high,3.778,14.1,15.4,20.9,"(0.008, 0.008)","(0.9, 1.2)","(0.9, 1.0)",372
80146-01-45-00,H1743-322,C,high,3.606,17.3,11.7,20.9,"(0.004, 0.004)","(0.5, 0.6)","(0.3, 0.4)",373
80146-01-46-00,H1743-322,C,high,4.63,12.5,16.0,20.3,"(0.009, 0.009)","(0.6, 0.7)","(0.6, 0.7)",374
80146-01-47-00,H1743-322,C,high,6.665,7.0,14.5,16.1,"(0.047, 0.047)","(0.6, 0.7)","(0.6, 0.7)",375
80146-01-50-00,H1743-322,C,high,9.44,2.5,9.6,9.9,"(0.017, 0.017)","(0.5, 0.4)","(0.5, 0.4)",376
90058-11-03-00,H1743-322,C,high,0.127,21.0,22.2,30.6,"(0.001, 0.001)","(1.1, 1.1)","(1.4, 1.6)",377
90058-16-05-00,H1743-322,C,high,0.106,6.7,40.5,41.0,"(0.001, 0.001)","(1.5, 1.6)","(1.5, 1.6)",378
90058-16-07-00,H1743-322,C,high,0.119,7.5,40.6,41.3,"(0.002, 0.002)","(1.0, 1.1)","(1.0, 1.1)",379
91050-06-01-00,H1743-322,C,high,6.099,5.4,16.7,17.6,"(0.03, 0.03)","(0.5, 0.6)","(0.5, 0.6)",380
91428-01-02-01,H1743-322,C,high,4.078,8.2,12.7,21.3,"(0.031, 0.031)","(1.3, 1.3)","(1.2, 1.2)",381
91428-01-03-00,H1743-322,C,high,1.845,9.4,21.6,23.5,"(0.021, 0.022)","(1.5, 1.7)","(1.4, 1.6)",382
95108-01-01-00,XTE J1859+226,C,high,2.715,13.0,21.9,25.5,"(0.014, 0.014)","(0.5, 0.5)","(0.5, 0.5)",383
95108-01-02-00,XTE J1859+226,C,high,2.594,12.9,21.1,24.8,"(0.008, 0.008)","(1.0, 1.0)","(0.9, 0.9)",384
95108-01-03-00,XTE J1859+226,C,high,3.062,12.3,21.5,24.8,"(0.01, 0.01)","(0.3, 0.3)","(0.3, 0.3)",385
95108-01-04-00,XTE J1859+226,C,high,3.064,13.6,18.9,23.3,"(0.012, 0.012)","(2.0, 2.6)","(1.7, 2.2)",386
95108-01-05-00,XTE J1859+226,C,high,3.332,12.1,18.8,22.3,"(0.015, 0.016)","(2.9, 3.9)","(2.4, 3.3)",387
95108-01-06-00,XTE J1859+226,C,high,4.594,12.6,19.8,23.5,"(0.011, 0.011)","(0.6, 0.6)","(0.5, 0.5)",388
95108-01-07-00,XTE J1859+226,C,high,4.408,13.9,17.5,22.3,"(0.013, 0.013)","(0.8, 0.8)","(0.6, 0.6)",389
95108-01-08-00,XTE J1859+226,C,high,4.852,10.3,18.0,20.7,"(0.01, 0.01)","(1.0, 1.1)","(0.8, 1.0)",390
95108-01-09-00,XTE J1859+226,C,high,4.745,10.2,17.3,20.1,"(0.015, 0.015)","(1.9, 2.3)","(1.6, 2.0)",391
95108-01-10-00,XTE J1859+226,C,high,4.883,9.0,16.9,19.2,"(0.016, 0.016)","(0.9, 1.0)","(0.8, 0.9)",392
95108-01-11-00,XTE J1859+226,C,high,4.637,11.8,20.9,24.0,"(0.011, 0.011)","(0.7, 0.8)","(0.6, 0.7)",393
95108-01-12-00,XTE J1859+226,C,high,4.799,12.0,19.6,23.0,"(0.013, 0.013)","(0.8, 0.8)","(0.7, 0.7)",394
95108-01-13-00,XTE J1859+226,C,high,6.173,8.3,19.7,21.3,"(0.026, 0.026)","(0.5, 0.5)","(0.5, 0.5)",395
95108-01-14-00,XTE J1859+226,C,high,5.021,10.3,22.6,24.8,"(0.018, 0.018)","(0.6, 0.5)","(0.6, 0.5)",396
95108-01-15-00,XTE J1859+226,C,high,5.097,10.8,21.4,23.9,"(0.011, 0.011)","(0.5, 0.5)","(0.4, 0.4)",397
95108-01-16-00,XTE J1859+226,C,high,6.035,7.6,16.2,17.9,"(0.018, 0.019)","(1.4, 1.6)","(1.2, 1.5)",398
95108-01-17-00,XTE J1859+226,C,high,7.023,4.8,16.1,16.8,"(0.041, 0.041)","(0.4, 0.4)","(0.4, 0.4)",399
95108-01-18-01,XTE J1859+226,C,high,7.308,4.7,15.2,15.9,"(0.092, 0.092)","(1.1, 1.0)","(1.1, 1.0)",400
95118-01-19-00,XTE J1859+226,C,high,2.183,16.2,24.3,33.1,"(0.011, 0.011)","(3.4, 2.1)","(2.5, 1.6)",401
95108-01-20-00,XTE J1859+226,C,high,6.545,5.8,18.1,19.0,"(0.043, 0.043)","(0.7, 0.7)","(0.7, 0.7)",402
95108-01-21-00,XTE J1859+226,C,high,7.284,3.0,13.6,13.9,"(0.083, 0.083)","(0.4, 0.3)","(0.3, 0.3)",403
95108-01-22-00,XTE J1859+226,C,high,6.326,5.8,18.9,19.8,"(0.019, 0.019)","(0.3, 0.3)","(0.3, 0.3)",404
95108-01-23-00,XTE J1859+226,C,high,5.34,9.5,19.8,22.0,"(0.015, 0.015)","(1.2, 1.0)","(1.0, 1.0)",405
95108-01-24-00,XTE J1859+226,C,high,6.01,7.4,19.8,21.1,"(0.014, 0.014)","(0.6, 0.6)","(0.6, 0.6)",406
95108-01-25-00,XTE J1859+226,C,high,5.822,6.2,19.6,20.6,"(0.019, 0.019)","(0.4, 0.4)","(0.4, 0.4)",407
95108-01-26-00,XTE J1859+226,C,high,6.672,5.4,19.0,19.8,"(0.024, 0.024)","(0.4, 0.4)","(0.4, 0.4)",408
95108-01-30-00,XTE J1859+226,C,high,6.005,5.8,18.6,19.5,"(0.022, 0.022)","(0.8, 0.7)","(0.7, 0.6)",409
95118-01-01-00,XTE J1859+226,C,high,6.859,4.6,17.2,17.8,"(0.03, 0.03)","(1.4, 1.3)","(1.3, 1.3)",410
95118-01-16-01,XTE J1859+226,C,high,5.944,6.2,15.8,16.9,"(0.041, 0.041)","(1.2, 1.5)","(1.2, 1.4)",411
95118-01-17-00,XTE J1859+226,C,high,4.775,9.2,17.9,20.2,"(0.022, 0.023)","(1.1, 1.2)","(1.0, 1.1)",412
95118-01-17-01,XTE J1859+226,C,high,3.363,12.2,28.1,30.6,"(0.022, 0.022)","(0.7, 0.7)","(0.7, 0.6)",413
95118-01-18-00,XTE J1859+226,C,high,2.549,11.4,26.3,28.7,"(0.023, 0.023)","(2.0, 2.5)","(1.9, 2.4)",414
95118-01-19-00,XTE J1859+226,C,high,2.183,16.2,28.9,33.1,"(0.011, 0.011)","(2.9, 1.8)","(2.5, 1.6)",415
95118-01-20-00,XTE J1859+226,C,high,2.047,12.1,32.2,34.4,"(0.017, 0.017)","(0.7, 0.7)","(0.7, 0.7)",416
95118-01-21-00,XTE J1859+226,C,high,1.624,13.2,30.2,33.0,"(0.015, 0.015)","(1.7, 1.8)","(1.6, 1.6)",417
95358-01-02-00,XTE J1859+226,C,high,1.647,13.8,21.0,25.1,"(0.003, 0.003)","(0.8, 0.8)","(0.7, 0.7)",418
95358-01-02-01,XTE J1859+226,C,high,2.263,11.6,23.6,26.3,"(0.008, 0.008)","(0.3, 0.3)","(0.3, 0.3)",419
95358-01-02-02,XTE J1859+226,C,high,2.737,11.2,22.1,24.8,"(0.01, 0.01)","(0.4, 0.4)","(0.4, 0.4)",420
95358-01-03-00,XTE J1859+226,C,high,2.792,13.0,20.1,23.9,"(0.007, 0.007)","(1.1, 1.2)","(1.0, 1.1)",421
95358-01-03-01,XTE J1859+226,C,high,3.197,11.1,21.7,24.4,"(0.01, 0.01)","(0.3, 0.3)","(0.3, 0.3)",422
30171-02-01-00,XTE J1748-288,C,high,31.555,3.3,6.1,10.2,"(0.128, 0.13)","(0.6, 0.7)","(0.5, 0.6)",423
30185-01-01-00,XTE J1748-288,C,high,31.401,3.3,7.0,10.4,"(0.102, 0.103)","(0.4, 0.3)","(0.4, 0.3)",424
30185-01-02-00,XTE J1748-288,C,high,23.652,4.2,14.9,16.3,"(0.092, 0.087)","(2.4, 2.1)","(2.2, 2.0)",425
30185-01-03-00,XTE J1748-288,C,high,20.053,8.0,9.8,14.8,"(0.042, 0.042)","(0.8, 0.8)","(0.8, 1.4)",426
30185-01-04-00,XTE J1748-288,C,high,19.872,8.6,13.7,17.6,"(0.059, 0.058)","(1.4, 1.3)","(1.1, 1.1)",427
30185-01-05-00,XTE J1748-288,C,high,22.819,7.1,12.8,14.6,"(0.13, 0.13)","(0.8, 0.8)","(0.7, 0.7)",428
30188-05-01-00,XTE J1748-288,C,high,17.157,9.8,14.7,17.7,"(0.047, 0.047)","(0.6, 0.5)","(0.5, 0.5)",429
70133-01-11-00,4U 1543-47,B,low,7.726,8.9,5.4,10.4,"(0.037, 0.04)","(0.2, 0.2)","(0.3, 0.3)",430
70133-01-15-00,4U 1543-47,B,low,8.015,7.6,11.2,13.5,"(0.03, 0.03)","(0.3, 0.4)","(0.3, 0.3)",431
70133-01-16-00,4U 1543-47,B,low,7.509,9.2,8.2,12.3,"(0.069, 0.079)","(0.5, 0.5)","(0.4, 0.4)",432
60113-01-15-00,XTE J1650-500,B,low,1.548,5.2,2.8,8.7,"(0.017, 0.017)","(0.3, 0.3)","(0.5, 0.5)",433
60705-01-84-02,GX 339-4,B,low,5.172,8.4,11.9,14.6,"(0.028, 0.028)","(1.1, 1.1)","(0.9, 0.9)",434
70108-03-02-00,GX 339-4,B,low,5.611,3.2,3.6,4.8,"(0.044, 0.039)","(0.2, 0.2)","(0.2, 0.2)",435
70109-01-07-00,GX 339-4,B,low,5.641,5.7,4.0,7.0,"(0.01, 0.011)","(0.1, 0.1)","(0.2, 0.2)",436
70110-01-14-00,GX 339-4,B,low,6.44,5.4,11.5,12.7,"(0.026, 0.027)","(0.4, 0.4)","(0.3, 0.3)",437
70110-01-15-00,GX 339-4,B,low,5.801,7.7,7.0,10.4,"(0.015, 0.015)","(0.8, 0.2)","(0.6, 0.2)",438
70110-01-47-00,GX 339-4,B,low,5.749,3.6,4.6,5.8,"(0.016, 0.016)","(0.4, 0.4)","(0.4, 0.4)",439
70110-01-89-00,GX 339-4,B,low,0.896,6.8,13.3,14.9,"(0.017, 0.017)","(2.7, 3.9)","(2.4, 3.5)",440
90110-02-01-03,GX 339-4,B,low,4.248,8.9,2.6,9.3,"(0.03, 0.031)","(0.2, 0.2)","(0.4, 0.4)",441
90704-01-02-00,GX 339-4,B,low,4.209,9.0,8.2,9.0,"(0.01, 0.01)","(0.1, 0.1)","(0.2, 0.2)",442
92035-01-04-00,GX 339-4,B,low,6.786,5.6,10.6,12.6,"(0.033, 0.034)","(0.4, 0.4)","(0.4, 0.5)",443
92085-01-03-01,GX 339-4,B,low,8.797,5.9,4.8,17.5,"(0.204, 0.185)","(1.9, 0.8)","(2.5, 1.3)",444
92704-03-10-11,GX 339-4,B,low,1.65,3.0,9.4,9.4,"(0.04, 0.04)","(0.6, 0.7)","(0.6, 0.7)",445
95409-01-15-02,GX 339-4,B,low,5.732,7.1,4.1,9.6,"(0.015, 0.015)","(0.2, 0.2)","(0.8, 0.8)",446
95409-01-15-06,GX 339-4,B,low,5.609,6.6,3.9,10.1,"(0.012, 0.012)","(0.3, 0.2)","(0.7, 2.2)",447
95409-01-16-05,GX 339-4,B,low,6.069,6.3,12.8,14.3,"(0.031, 0.033)","(0.3, 0.3)","(0.3, 0.3)",448
95409-01-17-00,GX 339-4,B,low,5.733,5.7,13.0,14.2,"(0.027, 0.027)","(0.6, 0.6)","(0.6, 0.6)",449
95409-01-17-05,GX 339-4,B,low,5.386,7.1,3.1,8.9,"(0.019, 0.019)","(0.2, 0.2)","(0.4, 0.5)",450
95409-01-17-06,GX 339-4,B,low,5.062,6.9,2.6,10.2,"(0.016, 0.016)","(0.4, 0.4)","(2.2, 1.7)",451
95409-01-18-00,GX 339-4,B,low,5.591,7.9,4.8,9.2,"(0.036, 0.036)","(0.3, 0.4)","(0.4, 0.4)",452
95409-01-18-05,GX 339-4,B,low,4.91,7.0,0,7.0,"(0.02, 0.02)","(0,0)","(0.2, 0.2)",453
95409-01-19-00,GX 339-4,B,low,4.697,6.2,0,6.2,"(0.018, 0.018)","(0,0)","(0.2, 0.2)",454
96409-01-04-04,GX 339-4,B,low,1.995,8.1,5.5,9.8,"(0.036, 0.036)","(1.0, 1.3)","(0.7, 0.8)",455
96409-01-05-02,GX 339-4,B,low,1.72,8.8,0,8.8,"(0.039, 0.039)","(0,0)","(0.7, 0.8)",456
95360-01-01-00,XTE J1752-3223,B,low,3.511,7.1,5.7,9.1,"(0.011, 0.011)","(0.4, 0.4)","(0.3, 0.3)",457
95360-01-01-02,XTE J1752-3223,B,low,4.118,4.1,7.2,7.2,"(0.313, 0.284)","(0.6, 0.7)","(0.6, 0.7)",458
91110-02-05-00,XTE J1118+480,B,low,5.439,2.9,3.5,4.5,"(0.025, 0.025)","(0.1, 0.1)","(0.1, 0.1)",459
91110-02-07-00,XTE J1118+480,B,low,5.427,2.9,3.5,4.5,"(0.015, 0.015)","(0.1, 0.1)","(0.1, 0.1)",460
91110-02-17-00,XTE J1118+480,B,low,4.858,2.4,2.4,3.4,"(0.068, 0.066)","(0.1, 0.1)","(0.1, 0.1)",461
91110-02-18-00,XTE J1118+480,B,low,5.06,3.0,3.0,4.2,"(0.034, 0.034)","(0.2, 0.3)","(0.2, 0.2)",462
91110-02-24-00,XTE J1118+480,B,low,5.328,2.5,3.7,4.4,"(0.047, 0.047)","(0.2, 0.3)","(0.2, 0.2)",463
91110-02-29-00,XTE J1118+480,B,low,5.682,8.4,6.4,10.6,"(0.031, 0.036)","(0.3, 0.4)","(0.3, 0.4)",464
91110-02-30-00,XTE J1118+480,B,low,5.614,7.8,7.1,10.5,"(0.013, 0.013)","(0.2, 0.2)","(0.2, 0.2)",465
92082-01-02-03,XTE J1118+480,B,low,4.847,6.8,2.3,7.2,"(0.013, 0.013)","(0.1, 0.1)","(0.2, 0.2)",466
92082-01-02-04,XTE J1118+480,B,low,4.977,7.6,4.5,8.8,"(0.016, 0.016)","(0.5, 0.6)","(0.4, 0.5)",467
40122-01-01-00,XTE 1859+226,B,intermediate,6.032,3.2,2.7,7.8,"(0.015, 0.015)","(0.2, 0.2)","(0.2, 0.2)",468
40122-01-01-02,XTE 1859+226,B,intermediate,6.047,3.6,3.0,8.2,"(0.018, 0.018)","(0.1, 0.1)","(0.2, 0.2)",469
40122-01-01-03,XTE 1859+226,B,intermediate,6.117,3.7,3.4,8.9,"(0.017, 0.018)","(0.1, 0.2)","(0.2, 0.2)",470
40124-01-13-00,XTE 1859+226,B,intermediate,6.102,3.1,3.1,7.7,"(0.012, 0.012)","(0.1, 0.1)","(0.7, 0.5)",471
40124-01-14-00,XTE 1859+226,B,intermediate,6.345,3.6,6.2,10.5,"(0.054, 0.054)","(0.6, 0.6)","(0.7, 0.7)",472
40124-01-24-00,XTE 1859+226,B,intermediate,5.815,4.6,4.7,10.5,"(0.0156, 0.0156)","(0.1, 0.1)","(0.6, 0.3)",473
40124-01-27-00,XTE 1859+226,B,intermediate,5.476,4.9,6.3,11.7,"(0.037, 0.038)","(0.4, 0.4)","(0.5, 0.5)",474
40124-01-30-00,XTE 1859+226,B,intermediate,5.031,5.0,2.2,8.7,"(0.016, 0.016)","(0.1, 0.2)","(0.3, 0.3)",475
40124-01-36-00,XTE 1859+226,B,intermediate,4.741,5.6,1.8,8.9,"(0.015, 0.01)","(0.1, 0.1)","(0.3, 0.3)",476
40124-01-37-00,XTE 1859+226,B,intermediate,4.822,5.2,1.9,5.6,"(0.025, 0.025)","(0.1, 0.1)","(0.2, 0.2)",477
40124-01-37-01,XTE 1859+226,B,intermediate,4.542,5.3,1.6,5.5,"(0.01, 0.01)","(0.1, 0.1)","(0.1, 0.1)",478
40124-01-37-02,XTE 1859+226,B,intermediate,4.455,4.2,1.7,8.5,"(0.006, 0.006)","(0.1, 0.1)","(0.5, 0.4)",479
40124-01-39-00,XTE 1859+226,B,intermediate,5.687,4.0,1.8,7.1,"(0.063, 0.063)","(0.2, 0.2)","(0.5, 0.5)",480
40124-01-40-00,XTE 1859+226,B,intermediate,5.292,3.5,0,3.5,"(0.085, 0.085)","(0,0)","(0.2, 0.2)",481
40124-01-40-01,XTE 1859+226,B,intermediate,5.244,3.6,0,8.5,"(0.067, 0.066)","(0,0)","(1.0, 1.0)",482
40124-01-41-00,XTE 1859+226,B,intermediate,4.744,2.3,2.7,3.5,"(0.047, 0.047)","(0.1, 0.1)","(0.1, 0.1)",483
40124-01-42-00,XTE 1859+226,B,intermediate,11.632,2.5,4.3,4.3,"(0.694, 0.694)","(0.3, 0.3)","(0.3, 0.3)",484
40124-01-49-01,XTE 1859+226,B,intermediate,5.202,3.2,3.3,4.6,"(0.08, 0.078)","(0.7, 0.7)","(0.5, 0.5)",485
40124-01-61-00,XTE 1859+226,B,intermediate,4.585,2.9,1.8,3.4,"(0.112, 0.106)","(0.2, 0.2)","(0.2, 0.2)",486
30191-01-32-00,XTE J1550-564,B,high,5.403,4.5,2.3,9.0,"(0.034, 0.034)","(0.2, 0.3)","(0.2, 0.2)",487
30191-01-34-01,XTE J1550-564,B,high,4.913,4.3,1.7,8.4,"(0.009, 0.009)","(0.1, 0.1)","(0.3, 0.3)",488
30191-01-41-00,XTE J1550-564,B,high,10.291,1.5,3.8,4.1,"(0.28, 0.28)","(0.1, 0.1)","(0.1, 0.1)",489
40401-01-50-00,XTE J1550-564,B,high,5.87,4.2,3.0,7.7,"(0.024, 0.024)","(0.1, 0.1)","(0.1, 0.1)",490
40401-01-51-00,XTE J1550-564,B,high,5.649,4.1,2.6,8.1,"(0.067, 0.067)","(0.1, 0.1)","(0.2, 0.2)",491
40401-01-51-01,XTE J1550-564,B,high,5.741,4.2,2.8,9.1,"(0.02, 0.02)","(0.2, 0.2)","(0.2, 0.3)",492
40401-01-53-00,XTE J1550-564,B,high,6.333,4.2,3.9,10.0,"(0.009, 0.009)","(0.1, 0.2)","(0.2, 0.3)",493
40401-01-55-00,XTE J1550-564,B,high,6.139,4.4,3.9,9.6,"(0.009, 0.009)","(0.2, 0.2)","(0.1, 0.1)",494
40401-01-56-00,XTE J1550-564,B,high,6.276,5.0,3.6,11.2,"(0.034, 0.035)","(0.2, 0.2)","(0.3, 0.3)",495
40401-01-56-01,XTE J1550-564,B,high,6.277,4.9,0,4.9,"(0.054, 0.054)","(0,0)","(0.2, 0.2)",496
40401-01-58-00,XTE J1550-564,B,high,5.673,5.2,2.4,10.0,"(0.045, 0.045)","(0.1, 0.1)","(0.3, 0.4)",497
40401-01-58-01,XTE J1550-564,B,high,3.11,4.9,9.3,13.9,"(0.02, 0.02)","(0.3, 0.3)","(0.2, 0.2)",498
40401-01-59-01,XTE J1550-564,B,high,5.757,3.9,0.8,8.2,"(0.104, 0.108)","(0.1, 0.2)","(0.4, 0.4)",499
40401-01-61-00,XTE J1550-564,B,high,5.486,3.9,0,7.5,"(0.099, 0.097)","(0,0)","(0.4, 0.4)",500
40401-01-61-01,XTE J1550-564,B,high,9.142,3.5,0,8.4,"(0.67, 0.67)","(0,0)","(1.0, 1.0)",501
50134-01-02-00,XTE J1550-564,B,high,3.58,8.9,3.7,13.4,"(0.013, 0.013)","(0.2, 0.2)","(0.7, 0.7)",502
50134-02-02-00,XTE J1550-564,B,high,4.421,6.7,3.9,10.2,"(0.012, 0.012)","(0.1, 0.1)","(0.3, 0.3)",503
30191-01-02-00,XTE J1550-564,B,high,4.94,0.3,7.1,7.2,"(0.028, 0.028)","(0.0, 0.0)","(0.0, 0.0)",504
70417-01-09-00,4U 1630-47,B,high,4.651,1.0,3.7,9.4,"(0.16, 0.16)","(0.1, 0.1)","(0.4, 0.4)",505
80117-01-05-00,4U 1630-47,B,high,4.663,2.2,11.1,13.4,"(0.058, 0.058)","(0.4, 0.4)","(0.4, 0.4)",506
80117-01-07-01,4U 1630-47,B,high,4.628,0.9,5.3,9.5,"(0.027, 0.028)","(0.2, 0.2)","(0.4, 0.4)",507
80117-01-07-02,4U 1630-47,B,high,4.532,0.8,8.5,8.8,"(0.021, 0.021)","(0.3, 0.3)","(0.2, 0.2)",508
80117-01-10-00,4U 1630-47,B,high,4.547,0.9,5.1,9.6,"(0.039, 0.038)","(0.2, 0.2)","(0.3, 0.3)",509
80417-01-01-00,4U 1630-47,B,high,4.835,1.7,11.4,13.6,"(0.063, 0.063)","(0.2, 0.2)","(0.3, 0.3)",510
10255-01-05-00,GRO J1655-40,B,high,10.635,1.7,6.2,6.6,"(0.085, 0.084)","(0.1, 0.1)","(0.1, 0.1)",511
10255-01-08-00,GRO J1655-40,B,high,9.221,1.6,4.6,8.1,"(0.114, 0.112)","(0.1, 0.1)","(0.1, 0.1)",512
91702-01-02-00G,GRO J1655-40,B,high,6.442,7.1,8.3,11.0,"(0.061, 0.061)","(0.4, 0.5)","(0.5, 0.5)",513
91702-01-58-00,GRO J1655-40,B,high,6.793,0.9,7.7,10.3,"(0.032, 0.032)","(0.5, 0.5)","(0.3, 0.4)",514
80135-02-02-00,H 1743-322,B,high,5.349,4.4,8.8,9.8,"(0.049, 0.04)","(0.4, 1.3)","(0.4, 1.1)",515
80135-02-02-000,H 1743-322,B,high,5.438,4.9,8.5,9.8,"(0.012, 0.012)","(0.4, 0.3)","(0.4, 0.2)",516
80135-02-02-01,H 1743-322,B,high,4.738,4.7,6.2,7.8,"(0.021, 0.021)","(0.2, 0.2)","(0.2, 0.2)",517
80144-01-01-00,H 1743-322,B,high,5.073,5.0,11.2,12.3,"(0.07, 0.071)","(0.4, 0.5)","(0.4, 0.5)",518
80144-01-01-01,H 1743-322,B,high,5.42,4.4,8.4,9.5,"(0.039, 0.039)","(0.3, 0.3)","(0.3, 0.3)",519
80144-01-01-02,H 1743-322,B,high,5.455,4.9,9.4,10.6,"(0.053, 0.051)","(0.4, 0.4)","(0.4, 0.4)",520
80144-01-02-00,H 1743-322,B,high,5.231,4.1,6.9,8.0,"(0.027, 0.027)","(0.2, 0.2)","(0.2, 0.2)",521
80144-01-02-01,H 1743-322,B,high,5.57,3.6,9.4,10.1,"(0.044, 0.044)","(0.3, 0.3)","(0.3, 0.3)",522
80144-01-03-01,H 1743-322,B,high,4.963,4.5,6.9,8.2,"(0.027, 0.027)","(0.3, 0.3)","(0.3, 0.3)",523
80146-01-11-00,H 1743-322,B,high,5.528,6.8,13.9,15.5,"(0.032, 0.032)","(0.4, 0.4)","(0.4, 0.4)",524
80146-01-12-00,H 1743-322,B,high,5.787,5.5,13.5,14.6,"(0.038, 0.038)","(0.4, 0.4)","(0.4, 0.4)",525
80146-01-15-00,H 1743-322,B,high,5.179,7.5,12.9,14.9,"(0.068, 0.068)","(0.8, 0.9)","(0.7, 0.8)",526
80146-01-16-00,H 1743-322,B,high,4.492,2.3,13.4,13.6,"(0.036, 0.035)","(0.5, 0.5)","(0.5, 0.5)",527
80146-01-26-00,H 1743-322,B,high,5.106,4.2,9.6,10.4,"(0.034, 0.034)","(0.3, 0.4)","(0.3, 0.4)",528
80146-01-27-00,H 1743-322,B,high,5.277,3.7,8.8,9.5,"(0.017, 0.017)","(0.2, 0.2)","(0.2, 0.2)",529
80146-01-48-00,H 1743-322,B,high,5.399,5.1,9.3,10.6,"(0.027, 0.027)","(0.2, 0.2)","(0.2, 0.2)",530
80146-01-49-00,H 1743-322,B,high,5.253,5.1,9.9,11.1,"(0.032, 0.031)","(0.5, 0.5)","(0.5, 0.5)",531
80146-01-51-00,H 1743-322,B,high,4.557,2.9,9.0,9.5,"(0.021, 0.021)","(0.2, 0.2)","(0.2, 0.2)",532
80146-01-51-01,H 1743-322,B,high,4.221,2.2,8.6,8.6,"(0.053, 0.05)","(0.2, 0.2)","(0.2, 0.2)",533
80146-01-52-00,H 1743-322,B,high,5.137,3.9,7.4,8.3,"(0.016, 0.016)","(0.1, 0.1)","(0.1, 0.1)",534
80146-01-52-01,H 1743-322,B,high,5.077,5.1,6.4,8.1,"(0.019, 0.019)","(0.1, 0.1)","(0.1, 0.1)",535
80146-01-53-00,H 1743-322,B,high,4.931,4.9,7.0,8.5,"(0.021, 0.021)","(0.2, 0.2)","(0.2, 0.2)",536
80146-01-53-01,H 1743-322,B,high,5.082,4.6,6.3,7.8,"(0.04, 0.04)","(0.3, 0.3)","(0.3, 0.3)",537
80146-01-54-00,H 1743-322,B,high,4.853,3.8,9.2,9.9,"(0.016, 0.016)","(0.3, 0.3)","(0.3, 0.3)",538
80146-01-55-00,H 1743-322,B,high,5.173,4.1,6.8,7.9,"(0.02, 0.02)","(0.2, 0.2)","(0.2, 0.2)",539
80146-01-56-00,H 1743-322,B,high,4.861,4.8,5.9,7.6,"(0.018, 0.018)","(0.2, 0.2)","(0.1, 0.1)",540
80146-01-58-00,H 1743-322,B,high,3.864,2.1,7.2,7.5,"(0.044, 0.044)","(0.1, 0.1)","(0.1, 0.1)",541
80146-01-59-00,H 1743-322,B,high,4.991,5.4,5.4,7.7,"(0.04, 0.04)","(0.5, 0.7)","(0.4, 0.5)",542
80146-01-60-00,H 1743-322,B,high,5.373,4.7,8.1,9.4,"(0.014, 0.014)","(0.1, 0.1)","(0.1, 0.1)",543
80146-01-62-00,H 1743-322,B,high,4.549,3.1,6.7,7.4,"(0.022, 0.022)","(0.2, 0.2)","(0.1, 0.1)",544
80146-01-65-00,H 1743-322,B,high,4.938,4.9,5.8,7.6,"(0.012, 0.012)","(0.1, 0.1)","(0.1, 0.1)",545
80146-01-66-00,H 1743-322,B,high,5.16,4.9,6.3,8.0,"(0.027, 0.027)","(0.2, 0.3)","(0.3, 0.3)",546
80146-01-67-00,H 1743-322,B,high,5.152,4.7,6.8,8.3,"(0.034, 0.03)","(0.3, 0.3)","(0.3, 0.4)",547
80146-01-68-00,H 1743-322,B,high,5.323,4.9,8.3,9.6,"(0.029, 0.029)","(0.7, 0.7)","(0.6, 0.6)",548
80146-01-69-00,H 1743-322,B,high,5.363,4.9,6.9,8.4,"(0.02, 0.02)","(0.4, 0.3)","(0.3, 0.2)",549
94413-01-03-02,H 1743-322,B,high,3.752,4.9,0,4.9,"(0.03, 0.03)","(0,0)","(0.2, 0.2)",550
94413-01-03-03,H 1743-322,B,high,3.728,5.1,5.1,5.1,"(0.022, 0.022)","(0.2, 0.2)","(0.2, 0.2)",551
95360-14-04-00,H 1743-322,B,high,3.563,5.5,2.8,6.2,"(0.014, 0.014)","(0.1, 0.1)","(0.1, 0.1)",552
95405-01-01-01,H 1743-322,B,high,1.608,3.8,4.0,5.5,"(0.043, 0.043)","(0.4, 0.5)","(0.4, 0.4)",553
95405-01-02-00,H 1743-322,B,high,1.939,6.9,5.8,6.9,"(0.035, 0.035)","(0.3, 0.3)","(0.4, 0.4)",554
95405-01-02-04,H 1743-322,B,high,2.346,6.1,0,6.1,"(0.062, 0.062)","(0,0)","(0.5, 0.5)",555
95405-01-02-05,H 1743-322,B,high,1.832,6.0,5.8,8.3,"(0.025, 0.025)","(1.0, 1.0)","(0.8, 0.8)",556
95108-01-27-00,MAXI J1659-15,B,high,3.888,4.7,6.0,7.7,"(0.013, 0.013)","(0.4, 0.4)","(0.3, 0.3)",557
95108-01-28-00,MAXI J1659-15,B,high,4.103,5.5,9.1,15.6,"(0.02, 0.02)","(0.6, 0.4)","(0.8, 0.8)",558
95118-01-01-01,MAXI J1659-15,B,high,3.857,5.8,6.1,8.4,"(0.016, 0.016)","(1.3, 0.9)","(0.9, 0.7)",559
95118-01-02-00,MAXI J1659-15,B,high,3.469,4.5,3.5,5.7,"(0.035, 0.034)","(0.3, 0.3)","(0.2, 0.2)",560
95118-01-07-00,MAXI J1659-15,B,high,3.287,6.4,7.3,9.7,"(0.015, 0.015)","(0.8, 0.8)","(0.6, 0.6)",561
95118-01-09-00,MAXI J1659-15,B,high,5.08,2.7,6.9,7.4,"(0.16, 0.16)","(0.4, 0.4)","(0.4, 0.4)",562
95118-01-10-00,MAXI J1659-15,B,high,3.564,6.1,9.5,11.3,"(0.017, 0.017)","(0.8, 0.9)","(0.7, 0.8)",563
95118-01-12-00,MAXI J1659-15,B,high,1.972,5.0,4.5,6.7,"(0.04, 0.04)","(0.6, 0.8)","(0.5, 0.6)",564
