full_ids,mjd,net_source_count_rate,source_percent,source_exposure_time,tin_before_error,diskbb_norm_before_error,gamma_before_error,nthcomp_norm_before_error,fit_stat,reduced_fit_stat,tin_after_error,diskbb_norm_after_error,gamma_after_error,nthcomp_norm_after_error,hardness_ratio,counts_ratio,source_counts,net_source_counts,bg_net_count_rate,pds_exposure
1130360266_3,58385.5571644,0.8403,63.2,209.92732318289,0.2,3912.17,2.21457,0.00690538,45.63,0.950625,0.2,3912.2,2.2146,0.0069054,0.4262700125779602,4.917928310221061,265,265,0.3221962050471529,
1130360214_0,58307.5973264,2.674,71.8,150.889875696448,0.355173,663.722,1.19926,0.00367744,83.35,0.9580459770114942,0.35533,661.76,1.1986,0.0035003,0.4896729918913078,5.996022705876482,498,498,0.660609536003686,
1130360262_0,58381.2459954,0.6972,64.5,497.615774032427,0.2,4627.61,1.90367,0.00399752,82.41,0.969529411764706,0.2,3289.3,1.8941,0.0039151,0.4772528111571851,5.1621598108286335,511,511,0.2467220756206553,
1130360190_0,58276.0742708,7.234,90.5,201.932067400077,0.2,71111.9,1.94883,0.0379529,133.46,0.974160583941606,0.2,63741.0,1.941,0.037429,0.4311735002406489,17.171544096158406,1622,1622,0.4966998958224011,
1130360227_1,58322.7264236,16.52,98.0,294.816450993239,0.200003,109408.0,1.87186,0.0831737,162.87,0.9752694610778444,0.2,109680.0,1.8656,0.082455,0.458997627055218,84.155517712443,5184,5184,0.2114570685639409,
1130360219_0,58313.5863079,1.171,73.5,1042.64433699343,0.2,9231.39,1.88602,0.00590264,150.88,0.9797402597402596,0.2,7885.9,1.8794,0.0058266,0.4830761983207758,6.800051202954998,1548,1548,0.255978175958119,
1130360272_0,58393.6412269,1.124,64.4,132.951508198486,0.53779,11.1479,1.1998,0.00174723,39.34,0.9835,0.5373,19.858,1.1937,0.0015387,0.5514587725618255,5.109220821790196,224,224,0.4100107749205741,
1130360276_0,58398.7387269,3.045,88.6,864.829590129666,0.298969,915.991,1.38247,0.00734267,176.52,0.9972881355932204,0.29953,902.13,1.3803,0.0073133,0.5491724152912016,15.42094944094822,3046,3046,0.2442336524011445,
1130360226_0,58321.1773611,8.268,95.9,406.762271290296,0.200034,31463.3,1.81187,0.0393331,162.62,0.9976687116564418,0.2,31830.0,1.8047,0.038948,0.4959446360411419,41.5917259695529,3699,3699,0.224029984901354,
1130360244_3,58350.4849421,1.503,65.0,283.901167999604,0.277075,1005.76,1.37559,0.00328538,102.85,0.9985436893203884,0.28027,959.32,1.3632,0.0032191,0.6333985154381473,4.894518417354878,550,550,0.4974411952850298,
2130360201_5,58558.6863657,1.81,77.4,420.682523908617,0.2,6906.79,1.85939,0.00984904,117.93,0.999406779661017,0.2,6263.8,1.8511,0.0097192,0.4465971836733476,8.467434932898657,1034,1034,0.3291505770700645,
1130360191_1,58277.4804051,2.574,85.5,412.864990305679,0.2,29080.1,1.69438,0.00947983,126.06,1.0004761904761903,0.2,29084.0,1.6944,0.0094799,0.4762181302461351,11.522721983241434,1198,1198,0.2757532655879552,
1130360216_2,58309.0684028,1.505,67.8,415.767455996946,0.2,19024.3,1.72214,0.00566969,122.55,1.0045081967213114,0.2,17180.0,1.7104,0.0055636,0.4379790025960225,5.558904464853449,824,824,0.4347266136770067,
1130360235_1,58335.5590856,3.894,87.4,854.702288997505,0.2,26973.4,1.81127,0.0176837,182.59,1.014388888888889,0.2,25518.0,1.8076,0.017572,0.4775874654916353,14.11125571157172,3794,3794,0.3385619690814365,
1130360245_0,58351.1905208,0.9017,61.0,300.893656696193,0.542861,7.77144,1.19774,0.00144172,76.24,1.0165333333333333,0.5431,7.7509,1.1939,0.0012219,0.5463694059725315,4.894779457628094,442,442,0.3771606420588674,
1130360284_0,58505.082037,1.798,82.8,1107.83889590204,0.2,8762.37,1.78833,0.00848276,169.24,1.0195180722891566,0.2,7046.9,1.7816,0.0083688,0.4760727086036869,10.779295262971171,2408,2408,0.2222656319794667,
1130360268_0,58388.8881944,1.436,73.7,1905.41686816094,0.2,5822.67,1.75725,0.00627179,190.78,1.0202139037433156,0.2,204.84,1.5201,0.0039231,0.5176930491777547,7.024433724765599,3473,3473,0.3025509679306276,
1130360261_1,58380.6676505,0.6217,54.8,434.77702002693,0.263443,281.088,2.39382,0.00602363,82.9,1.0234567901234568,0.26601,253.68,2.2153,0.0041148,0.3574675987780734,4.191363813250034,463,463,0.3336860823931255,
1130360267_4,58386.4537269,0.9671,67.0,1030.24968209211,0.2,5535.68,1.76881,0.0042945,154.82,1.0252980132450331,0.2,5535.7,1.7688,0.0042945,0.5147896603731938,5.729189922207512,1401,1401,0.2875470329252929,
1130360217_0,58310.2450463,1.429,80.7,720.760339600703,0.2,14504.4,2.17249,0.00998543,132.35,1.025968992248062,0.2,11950.0,2.1592,0.00974,0.4047380876981304,8.494095077610572,1190,1190,0.2203113549500912,
1130360263_1,58382.2164815,0.5973,65.8,146.537097000517,0.348082,94.1422,1.27083,0.00133931,22.71,1.0322727272727272,0.34575,99.973,1.2734,0.0013549,0.5564560720129434,4.943770198479531,136,136,0.2353313162311158,
1130360226_4,58321.4990972,10.23,95.1,469.719315996626,0.200552,53149.2,1.67091,0.0393971,185.06,1.033854748603352,0.20029,54554.0,1.67,0.039362,0.5276032820476563,34.457186570867215,5209,5209,0.3314564842435429,
1130360244_2,58350.4206019,0.9362,55.7,262.909133496985,0.2,4327.91,2.72651,0.0122113,76.52,1.034054054054054,0.2,92.803,1.5688,0.0017447,0.3424860806936368,4.297636996213158,393,393,0.4532982367629806,
1130360227_0,58322.0135995,12.77,97.1,543.675667200238,0.201031,59201.6,1.77697,0.0568622,192.6,1.035483870967742,0.2008,60195.0,1.7775,0.056989,0.4885906698272189,58.1616704333264,7498,7498,0.2412685023045782,
1130360199_0,58287.3230208,9.017,93.2,208.919723097002,0.2,52983.7,1.66328,0.0345495,153.85,1.0465986394557822,0.2,48432.0,1.6586,0.034267,0.5002133798245745,25.89923997228217,2095,2095,0.4027341848467643,
1130360178_8,58252.8227083,1.409,73.8,517.831339197175,0.216569,5004.37,2.05877,0.00890097,120.77,1.0501739130434782,0.21741,4937.0,2.058,0.0088849,0.3932720250740775,6.79362339795761,967,967,0.3223204659813977,
1130360239_0,58339.2249653,1.008,67.3,325.890790003352,0.2,7285.99,1.99289,0.00611387,81.03,1.0523376623376623,0.2,7134.3,1.9709,0.0059372,0.3929235795968158,5.396974072576685,482,482,0.3363729364025689,
1130360220_4,58314.5435995,0.6585,31.0,74.9531325011048,0.216596,0.11757,1.66939,0.00356357,28.51,1.055925925925926,0.2365,9.792,1.416,0.0020516,0.5873837948839272,3.0048267937161506,134,134,0.8917398043429416,
1130360275_0,58397.771088,2.45,87.4,846.292267818004,0.2,10074.0,1.75392,0.0108492,165.25,1.0592948717948718,0.2,9096.0,1.7499,0.010768,0.5163031859844404,14.261544521370649,2431,2431,0.2166059979181959,
1130360283_2,58502.8292245,1.992,81.7,1149.44907022174,0.205999,4416.82,1.91247,0.0114232,174.95,1.0603030303030303,0.206,4416.9,1.9125,0.011423,0.4533376933616893,10.338689939291712,2898,2898,0.2699744664234653,
1130360178_6,58252.5650694,2.966,85.2,537.825688003621,0.308708,1125.03,1.49839,0.00779257,160.6,1.0635761589403974,0.30871,1125.0,1.4984,0.0077926,0.5069409015287463,11.64317838901353,1878,1878,0.328082227644544,
1130360221_0,58315.5812153,1.838,76.0,926.665074912744,0.30568,586.299,1.56213,0.00543772,181.98,1.0642105263157895,0.31682,504.51,1.5181,0.0050553,0.4954854089875175,7.512152067429653,2142,2142,0.3549540517432262,
1130360199_2,58287.8375694,15.57,94.6,595.783473199117,0.2,112655.0,1.92351,0.0831431,203.64,1.0661780104712042,0.2,94178.0,1.9167,0.081975,0.4472422808176159,31.49329206271905,10181,10181,0.5603994135513557,
1130360226_8,58321.825,10.87,96.4,149.89787999948,0.2,64908.2,1.90919,0.0586202,141.96,1.0673684210526315,0.2,57666.0,1.9037,0.058011,0.4362898962612966,45.34424628451733,1766,1766,0.2656794300582067,
1130360215_0,58308.5636111,2.252,69.5,318.876897900336,0.2,26362.7,1.69199,0.00751619,136.71,1.068046875,0.2,26363.0,1.692,0.0075162,0.4749749341953813,5.214371647503638,871,871,0.6481302132324742,
1130360234_1,58334.5292361,5.202,91.8,653.773781390511,0.2,26088.8,1.88309,0.0266474,180.02,1.0715476190476192,0.2,26089.0,1.8831,0.026647,0.4510308998637353,21.381490454891043,3852,3852,0.2890831901732174,
1130360284_1,58505.1463657,1.531,69.9,1092.96303991042,0.300349,312.002,1.91663,0.00801321,184.6,1.07953216374269,0.30029,313.27,1.917,0.0080189,0.4497491478235397,6.507097062482085,2374,2374,0.3944141685503928,
2130360205_0,58588.6875926,0.8351,36.1,611.772458395106,0.321857,239.726,1.19365,0.00122027,185.25,1.0833333333333333,0.32174,172.32,1.1937,0.0011926,0.5760676589480255,2.874623932258442,1196,1196,1.0428626201642583,
1130360226_6,58321.6921875,10.79,95.4,496.701551512873,0.2,55449.2,1.78799,0.0487077,194.23,1.0850837988826816,0.2,55022.0,1.7841,0.048444,0.4835105096144956,38.204071440503775,5862,5862,0.3172194646637239,
1130360256_1,58371.3863079,2.085,69.7,122.779706997913,0.454307,93.7367,1.19935,0.0029728,67.38,1.086774193548387,0.45436,93.679,1.199,0.0027624,0.4634553423434922,6.347988544077838,364,364,0.5543503457262515,
1130360192_0,58278.7163194,2.694,73.3,1349.52034500166,0.2,26958.8,1.99627,0.014267,208.98,1.0884375,0.2,26400.0,2.0361,0.015014,0.4107151296663147,6.194862309709763,4395,4395,0.6269102954806857,
1130360244_4,58350.5493056,1.366,64.7,282.901006603963,0.2,7899.39,1.19514,0.00248474,107.82,1.089090909090909,0.2,7971.1,1.1937,0.002173,0.7263674238277594,5.138332350727766,523,523,0.4467266175795525,
1130360234_2,58334.5946296,5.19,92.2,563.804743206943,0.2,28052.7,1.92285,0.0274706,186.58,1.097529411764706,0.2,28053.0,1.9228,0.027471,0.4427675046862271,22.3271543958443,3228,3228,0.2684552415080013,
1130360243_0,58349.9109259,1.366,49.5,395.859895205009,0.329789,247.514,1.19365,0.00235043,161.44,1.1057534246575342,0.32983,246.4,1.1937,0.0020139,0.6696196483252957,3.7594346723833727,895,895,0.8193348222532848,
1130360211_0,58304.2501157,11.0,90.5,176.854736096284,0.2,130321.0,2.0056,0.0620031,164.88,1.1065771812080536,0.2,95965.0,1.9843,0.059575,0.428578478774601,17.50904213768276,2085,2085,0.7141139036027722,
1130360218_0,58311.8530556,1.224,76.1,775.741902399575,0.233916,3780.95,1.52516,0.00356797,154.83,1.1138848920863311,0.23454,3675.7,1.5214,0.0035417,0.5574945499950152,7.309976220437885,1161,1161,0.2371850143442086,
1130360199_1,58287.325463,9.549,91.7,679.767100007739,0.252003,9362.12,1.68074,0.0358535,214.3,1.1161458333333334,0.25145,9593.8,1.6827,0.036021,0.5103568402200234,21.42574976015733,7333,7333,0.528133281811438,
1130360226_7,58321.7578704,10.94,93.9,382.763420904346,0.2,53479.1,1.7783,0.0494546,190.87,1.1161988304093569,0.2,51211.0,1.776,0.049253,0.487299772850589,28.81821083783356,4678,4678,0.4393398482783081,
1130360178_5,58252.5002546,1.386,78.9,577.81301700609,0.200017,7654.16,1.70292,0.00560496,137.55,1.1182926829268294,0.2,7621.6,1.7025,0.0056004,0.4803681634882332,8.426252061196312,1002,1002,0.2335128122464725,
1130360270_0,58391.0726968,1.307,38.5,2116.52016559057,0.2,4847.89,1.65176,0.00526003,225.02,1.119502487562189,0.2,4589.5,1.6492,0.005238,0.5042294102018573,2.888906949554114,6531,6531,1.633603701014818,
2130360201_4,58558.6220486,1.92,79.7,402.69633951009,0.313581,248.644,1.95528,0.0101123,130.76,1.1272413793103448,0.31358,248.71,1.9553,0.010112,0.4682188761596136,8.633077258895817,1001,1001,0.3256542402827743,
2130360201_3,58558.5575,2.363,81.2,278.759864706604,0.2,5818.2,1.70249,0.00997451,124.09,1.128090909090909,0.2,5818.2,1.7025,0.0099745,0.500496406650697,9.150291969624906,786,786,0.3459546195466654,
1130360232_1,58328.5084491,32.11,96.2,112.874344003503,0.2,440683.0,2.20911,0.215322,175.78,1.1340645161290324,0.2,406150.0,2.2021,0.2126,0.3451156414977399,41.54577430205491,3685,3685,0.8051868143646453,
1130360228_2,58324.7163079,32.93,98.0,103.934396802913,0.2,416869.0,2.24785,0.233449,167.86,1.134189189189189,0.2,414590.0,2.2511,0.23438,0.3509671907467566,78.6696310530231,3497,3497,0.4331966507502888,
1130360226_1,58321.2416898,8.627,94.1,401.765071189497,0.200066,34157.4,1.8995,0.0457803,188.36,1.134698795180723,0.20003,34310.0,1.8996,0.045791,0.4923516211281045,29.237649280924945,3837,3837,0.3382136116740569,
1130360223_0,58317.5153356,1.553,83.5,594.760631495592,0.2,11462.2,1.87612,0.00786002,137.37,1.14475,0.2,10374.0,1.8724,0.0078007,0.4453178853866402,10.632402053100844,1105,1105,0.1928792295189505,
1130360269_1,58390.2478472,1.464,77.9,1144.0753859547,0.2,7947.83,1.72102,0.00601599,187.48,1.1501840490797546,0.2,622.33,1.5675,0.004453,0.5455922907644875,8.098365987833754,2028,2028,0.2497209169524705,
1130360258_0,58376.0151042,1.412,59.7,852.17158599617,0.207937,4475.05,1.54635,0.0047517,202.67,1.1647701149425287,0.20794,4475.0,1.5463,0.0047517,0.5720720181279422,4.809563664708223,1798,1798,0.553843932386148,
1130360240_1,58340.6439699,0.9851,39.0,1040.63512950903,0.234193,975.748,2.25539,0.00911458,217.38,1.1687096774193548,0.23195,1064.4,2.2576,0.0091834,0.3265365796610414,3.245352888492582,2298,2298,0.98348317727612,
1130360282_1,58501.5427778,1.807,74.3,71.9694071996491,0.295363,775.692,1.47366,0.00526299,35.09,1.1696666666666669,0.29617,765.57,1.4716,0.0052437,0.6211363462422186,7.206999244304985,178,178,0.3984651872240071,
1130360220_2,58314.542338,0.02158,0.8,80.9519508018857,0.200024,2.91162,1.66296,0.00236387,45.85,1.1756410256410257,0.2124,0.10004,1.2774,6.8684e-05,0.2893305746216501,2.227084315727973,206,206,2.073793439796984,
1130360226_3,58321.4347222,10.1,95.1,459.726024002302,0.27672,5174.09,1.63274,0.0346017,210.65,1.1768156424581009,0.27578,46435.0,1.7344,0.042863,0.5208294977422108,35.53144140080161,5081,5081,0.3200629465962185,
1130360210_0,58303.2847801,13.76,92.5,128.890027503599,0.2,146189.0,2.03277,0.0765799,165.98,1.1771631205673758,0.2,146190.0,2.0328,0.07658,0.4031254655424395,20.256188917558912,1883,1883,0.7586835464158157,
1130360244_1,58350.3564699,1.24,68.7,243.91635680222,0.2,13346.9,1.54299,0.00387127,87.12,1.1772972972972973,0.2,12230.0,1.5294,0.0037909,0.5187145508251271,5.574495838535709,400,400,0.3584889964019782,
1130360167_4,58236.6643866,-0.05429,-1.1,747.706410006736,0.204173,31036.5,3.64758,2.37144e-12,237.98,1.1839800995024876,0.20415,36307.0,3.6476,6.8536e-24,9.926046813847712,1.9164908316853453,2906,2906,4.240688586625779,
1130360233_0,58333.6274074,7.45,93.9,171.940264400677,0.200001,40908.2,1.98572,0.0428519,147.16,1.186774193548387,0.2,40428.0,1.982,0.042629,0.4294191863057389,26.86627896369956,1390,1390,0.3125383053298839,
1130360167_2,58236.2139005,1.069,68.2,258.901735398016,0.200001,51343.2,2.20529,0.00232582,60.67,1.189607843137255,0.2,51208.0,2.3238,0.0026857,0.2577695152601163,3.569169392323383,210,210,0.3157123666575631,
2130360207_5,58596.2202546,0.6744,44.9,719.732015992049,0.2,594.354,1.94676,0.00449783,167.09,1.1935,0.2,594.35,1.9468,0.0044978,0.419273354009222,3.715044652774465,969,969,0.4958792989465595,
2130360202_1,58571.1660301,1.04,67.1,891.676650004112,0.3365,115.179,1.44197,0.00283488,176.91,1.195337837837838,0.33682,114.39,1.4409,0.0028291,0.5509456841777828,5.687197092336835,1371,1371,0.3280324783270242,
1130360265_5,58384.5983333,1.568,81.5,145.511337984353,0.280502,1041.31,1.19365,0.00210049,58.76,1.1991836734693877,0.28048,10288.0,1.1937,0.002652,0.7927066147807168,9.297575632075054,273,273,0.226107304821667,
1130360169_0,58238.2711458,0.8009,62.8,61.975435600616,0.200017,37974.5,1.79625,0.00130695,13.27,1.2063636363636363,0.2,38332.0,1.5762,0.00096579,0.4532196367969307,2.998046073108302,45,45,0.3634020956135767,
1130360215_1,58308.5673264,1.909,78.2,792.731886689435,0.2,17889.6,1.94946,0.00991582,185.84,1.206753246753247,0.2,17890.0,1.9495,0.0099158,0.4330953901586318,8.074887339505485,1776,1776,0.3166628421472203,
1130360257_1,58375.9507639,1.255,53.0,852.221971982159,0.32961,237.117,1.62993,0.00447338,210.02,1.2070114942528736,0.32966,236.91,1.6298,0.004472,0.4918895627856236,4.298653088746512,1859,1859,0.6612870508154248,
1130360189_0,58274.2211574,11.07,73.2,140.949042601831,0.291879,8194.74,1.69805,0.0368232,203.51,1.2113690476190475,0.29213,8154.8,1.6966,0.036735,0.4091013033899282,6.2745997879573565,2116,2116,2.846190862966913,
1130360178_4,58252.4392276,0.5514,58.9,73.7119377087678,0.2,32787.3,3.53543,0.0258453,10.92,1.2133333333333334,0.2,11711.0,3.3475,0.018407,0.0917465722969837,3.9074577781618096,86,86,0.4012797152893041,
1130360234_0,58334.4649306,5.155,89.0,629.782523994218,0.2,30702.4,1.8348,0.0245764,206.3,1.213529411764706,0.2,30703.0,1.8348,0.024576,0.4697557052670275,15.766166602796178,3687,3687,0.3964740510823695,
1130360210_1,58303.2864592,13.57,92.2,152.840759100727,0.2,156921.0,1.97165,0.07082,180.84,1.221891891891892,0.2,143270.0,1.9649,0.069968,0.4247237342065819,18.82893145573468,2189,2189,0.8033064614618729,
1130360178_2,58252.3717477,0.8116,64.3,323.894959201687,0.200036,5333.84,2.4719,0.00911279,80.9,1.2257575757575758,0.2,5042.2,2.3388,0.006666,0.3339921301226463,5.2019951265914015,393,393,0.2887571966472239,
1130360240_3,58340.7729861,1.241,27.7,1013.64195658872,0.2,3174.51,3.48606,0.0379828,245.74,1.2287,0.2,2075.1,3.4813,0.03612,0.0508623166357874,2.441103178107698,3854,3854,2.6383478609062005,
1130360256_0,58371.2578241,1.969,77.0,73.8747180022765,0.2,22502.3,1.84867,0.0101128,40.6,1.2303030303030305,0.2,11093.0,1.8133,0.0094397,0.5046869145949272,7.980676173231317,186,186,0.3606779695701159,
1130360169_1,58238.2718981,0.7364,55.8,327.876409603981,0.2,32167.4,2.02641,0.0015001,75.3,1.2344262295081967,0.2,30711.0,2.0518,0.0015395,0.2448770646290473,3.101148367181031,247,247,0.3585337656220265,
1130360178_0,58252.2426505,0.6487,48.6,357.883614199411,0.2,7443.41,2.18374,0.00536158,95.15,1.2357142857142858,0.2,6577.7,2.1627,0.0051984,0.3516694501002684,3.731472303462962,432,432,0.4419215000296796,
1130360212_1,58305.9879861,5.309,81.6,200.845672194846,0.316933,1987.54,1.4189,0.0122861,168.42,1.256865671641791,0.31683,1992.5,1.4196,0.012302,0.5045228397059912,10.088679029963403,1276,1276,0.6990165043788699,
1130360274_0,58396.8055787,2.089,87.4,1278.0777052464,0.2,17005.9,1.91175,0.0114078,213.88,1.2581176470588236,0.2,8692.9,1.8794,0.010697,0.4710877186414502,14.065845642503987,3075,3075,0.1841409323721155,
1130360196_3,58282.8847917,1.372,77.1,505.834082603105,0.2,11316.9,2.06407,0.00873154,139.67,1.2582882882882882,0.2,10470.0,2.0554,0.0086122,0.4329482668712477,7.5504320558559135,861,861,0.2598514333976087,
1130360196_2,58282.8207176,1.317,78.0,481.84224140516,0.2,9687.95,2.49563,0.0135186,129.49,1.2695098039215686,0.2,9688.0,2.4956,0.013519,0.3037941816837781,7.568738959454206,745,745,0.2353799135100223,
1130360171_1,58241.6165972,0.1009,6.3,1545.47095882113,0.2,8277.59,3.59313,0.00206123,248.85,1.2761538461538462,0.2,8192.6,3.5408,0.0019378,-0.2398094877668761,2.072905446834405,1696,1696,1.0228302159343283,
1130360245_1,58351.1941088,0.5482,29.0,111.961236801464,0.202026,186.295,1.99913,0.00463542,46.33,1.2869444444444444,0.20976,0.52118,1.1937,0.0004063,0.4629067526336542,3.0015357322858645,197,197,0.8790937473503012,
1130360230_2,58326.777037,40.01,99.1,166.859001895646,0.2,617730.0,2.4206,0.32814,212.58,1.2883636363636364,0.2,608140.0,2.4181,0.32682,0.3041727911528608,161.84934043311537,6621,6621,0.2466917705793863,
2130360208_2,58603.5583681,1.363,38.6,1299.48805999884,0.246914,1037.47,1.19365,0.00240982,259.12,1.2891542288557214,0.24666,5096.7,1.1937,0.002221,1.129105995027032,2.9466376539277266,3668,3668,1.450013059915923,
1130360224_0,58319.2317824,3.058,49.6,1053.36633522168,0.249729,2789.04,1.65537,0.0110935,259.57,1.2913930348258706,0.24954,2811.2,1.656,0.011106,0.5097510690812089,3.3097115835154582,6051,6051,2.4870812077321265,
2130360203_0,58572.1951852,0.6983,55.1,597.173421244629,0.2,4022.88,1.74245,0.00350055,144.5,1.3018018018018018,0.2,3070.5,1.7312,0.0034308,0.4436898433890455,4.550053639288895,756,756,0.3566041642723379,
1130360207_0,58300.1898727,32.04,98.2,218.862292796723,0.2,557028.0,2.40496,0.247708,219.09,1.304107142857143,0.2,555520.0,2.3915,0.24349,0.3117174689608814,85.3289143982956,6701,6701,0.363071503673628,
1130360168_0,58237.306331,1.035,59.3,613.775091802934,0.2,34084.2,1.55859,0.00145933,148.94,1.3064912280701757,0.2,34084.0,1.5586,0.0014593,0.4267322661271323,3.407976685320677,618,618,0.4181450283685189,
1130360225_0,58320.6632639,5.924,81.5,244.85270600504,0.2,20617.9,1.75456,0.027488,187.56,1.3116083916083916,0.2,19925.0,1.7529,0.027407,0.5149278305761559,9.743467386401202,1842,1842,0.8604012316689786,
1130360232_2,58328.5097801,31.16,98.5,465.501380000729,0.2,402552.0,2.21297,0.208704,250.89,1.3135602094240837,0.2,402580.0,2.213,0.20871,0.3595152383844346,104.05237998714053,14429,14429,0.3007857341178816,
1130360273_1,58395.9690394,1.872,86.2,1343.05019988678,0.2,7827.89,1.86934,0.00930689,216.85,1.3142424242424242,0.2,7827.9,1.8693,0.0093069,0.4796016924069701,12.93373041770262,2860,2860,0.1784421981056163,
1130360226_9,58321.888206,11.81,95.9,238.846490299678,0.2,51502.4,1.89014,0.0618302,202.34,1.322483660130719,0.2,47840.0,1.8864,0.061411,0.4781052497740035,40.61677978354391,3076,3076,0.325078536407451,
1130360172_3,58242.7248032,0.2005,34.3,276.911830897763,0.2,4121.55,3.44585,0.00370953,34.4,1.323076923076923,0.2,4104.8,3.4233,0.0036037,0.009571868007175,2.608117323394433,110,110,0.2470207543628073,
1130360171_0,58241.4331366,0.1466,14.2,157.948381397815,0.2,10035.4,2.43568,0.00119402,36.27,1.3433333333333335,0.2,7445.9,2.3043,0.00098426,-0.2166931569685444,2.215211503507192,104,104,0.5418340424901783,
1130360235_0,58335.4947454,4.178,88.4,853.702295594907,0.200015,27251.5,1.71734,0.0164097,249.96,1.3438709677419356,0.20001,27232.0,1.7118,0.016283,0.5275638142469642,14.956057955178611,3929,3929,0.3297712688726334,
1130360248_0,58355.4467593,6.491,81.0,672.762700195075,0.20048,18278.5,1.8657,0.0345033,257.1,1.3603174603174604,0.20033,18737.0,1.8681,0.03463,0.4762204196265429,10.018466423300266,5439,5439,0.8964466758570212,
1130360222_0,58316.5477199,1.54,70.2,859.675866009784,0.399555,120.078,1.26267,0.0028012,221.86,1.3611042944785277,0.39986,119.5,1.261,0.0027925,0.4927361164678754,6.39549850362434,1845,1845,0.3977681992849087,
1130360174_1,58244.521088,0.5233,18.7,410.86350690134,0.2,3777.11,1.19365,0.00124812,224.51,1.385864197530864,0.2,3734.0,1.1937,0.0011188,1.9791660114986085,2.557962999129261,892,892,1.393510182461237,
1130360165_1,58231.1308796,2.781,85.0,103.964255200233,0.2,174820.0,3.64758,0.0118109,39.2,1.4,0.2,173990.0,3.6476,0.015656,-0.0161974403214256,4.95144088399166,138,138,0.3359228534993685,
1130360177_1,58250.1255903,0.3417,46.2,68.9775059994136,0.200001,14132.9,1.19365,0.000241873,8.43,1.405,0.2,13954.0,1.1937,0.00026167,2.162002389604427,2.975974196796912,40,40,0.2934750833331254,
1130360168_2,58237.6947569,-0.8569,-14.0,369.841751001077,0.2,18132.5,3.64758,2.39861e-22,282.22,1.4111000000000002,0.2,17245.0,3.6475,3.1689000000000002e-27,2.02701599753578,1.8601426054980787,1885,1885,5.925499390970919,
1130360267_3,58386.4518981,0.9956,60.4,144.486410005484,0.435261,47.7704,1.31095,0.00161484,57.96,1.4136585365853658,0.43558,47.617,1.3093,0.0016105,0.4523911180413833,4.5033926080284425,213,213,0.4207884336093295,
1130360167_3,58236.2771759,1.032,64.5,343.868041596375,0.200026,47088.4,2.58293,0.00356479,90.54,1.4146875,0.2,46731.0,2.3489,0.0026853,0.1997015466589656,3.215224463240078,266,266,0.3491982693202561,
1130360168_3,58237.6990856,0.6968,30.9,358.877580997738,0.2,28033.7,3.64758,0.00951436,154.23,1.4149541284403668,0.2,27092.0,3.6476,0.012218,-0.1368513949662377,2.2741163868986733,524,524,1.145976882238139,
1130360283_1,58502.3319213,1.717,52.5,1049.62176011503,0.213101,692.436,2.08561,0.0135067,269.21,1.4168947368421052,0.21483,633.91,2.0717,0.012948,0.4193188667171766,4.34541584226037,3190,3190,0.9084640547393168,
1130360166_5,58233.8385995,0.3783,9.4,324.887712496275,0.2,79512.8,3.64758,0.00066844,217.01,1.4276973684210523,0.2,74299.0,3.6476,3.0629e-15,-1.9172699013086387,1.9316863753608744,843,843,2.784995794804987,
2130360212_2,58614.7088542,0.454,22.0,757.722647805931,0.360297,0.100009,1.19365,0.00119733,264.27,1.4284864864864864,0.36215,0.1,1.1937,0.0010636,1.2603216500954115,2.7276967785693422,1278,1278,0.9762320512756816,
1130360176_2,58247.2843403,0.3739,23.7,712.762428396352,0.2,2556.0,1.19365,0.000729258,215.03,1.433533333333333,0.2,2542.4,1.1937,0.00067152,1.1904094301221515,2.6456221000743745,830,830,0.7076250236817602,
1130360209_0,58302.0612847,17.76,95.4,316.82485749491,0.2,208176.0,2.04914,0.100739,247.2,1.4456140350877191,0.2,206450.0,2.0292,0.098072,0.396190434761126,36.73375134876967,5836,5836,0.515486651763034,
1130360260_2,58379.956875,0.5539,45.3,359.093519970775,0.2,2920.04,1.77163,0.00305043,108.83,1.4510666666666667,0.2,2428.5,1.7475,0.0029442,0.3940184135836442,3.843268460246732,442,442,0.4329092182788011,
1130360179_0,58255.5947222,35.72,98.1,98.9644491001382,0.280393,97541.3,2.72555,0.181533,180.62,1.4566129032258064,0.28054,97133.0,2.7197,0.18005,0.1279046150569967,77.31798759941108,3306,3306,0.4377203398059219,
1130360233_4,58333.7560301,7.262,95.5,298.897323401354,0.2,49270.5,1.87861,0.0357843,215.7,1.46734693877551,0.2,49270.0,1.8786,0.035784,0.4562700110485215,35.795428504008115,2340,2340,0.2249943654823047,
1130360188_0,58273.758831,15.47,96.8,785.729851801763,0.2,176117.0,1.9624,0.0778704,288.61,1.487680412371134,0.2,176120.0,1.9624,0.07787,0.4205264167218268,51.05096691589538,12253,12253,0.3115707704892323,
1130360226_5,58321.6277662,9.849,89.6,494.703742491547,0.2,63598.8,1.90529,0.0545944,274.46,1.508021978021978,0.2,36534.0,1.885,0.052322,0.469389935318049,16.991801420551027,5705,5705,0.7211291721712909,
2130360207_3,58596.2182176,0.7076,60.7,120.949748701212,0.200012,3231.4,2.5419,0.00985798,34.87,1.516086956521739,0.2,1869.5,2.5063,0.0092177,0.3755295903891422,4.63347465675493,135,135,0.3071897091677801,
1130360165_4,58231.5813079,2.139,56.9,594.800318003399,0.2,136443.0,3.64756,0.00984126,201.92,1.5181954887218043,0.2,136460.0,3.6476,0.013306,-0.0331674921245301,2.8401032932010093,1092,1092,0.9977212996138164,
1130360163_0,58229.3940394,4.628,75.2,454.851760996826,0.204821,191773.0,1.19365,0.00263228,263.32,1.5398830409356723,0.2048,219540.0,1.1937,0.0023837,0.4064409935779363,4.905393537587323,1633,1633,0.9192878093704818,
1130360202_0,58288.9965278,33.09,98.2,281.88844080409,0.2,374365.0,2.12127,0.203314,282.48,1.5436065573770492,0.2,372350.0,2.1096,0.20015,0.3833227034494273,91.7186757239084,9415,9415,0.3681682684623399,
1130360241_1,58342.1974769,-0.4045,-2.4,357.788207191858,0.486843,0.110791,1.19365,0.000739898,311.77,1.551094527363184,0.48636,0.10207,1.1937,0.00072477,0.0852940593827573,2.027251790919832,5546,5546,15.08957250470512,
1130360259_1,58377.5682407,0.2168,8.2,103.770159993321,0.96157,0.10061,3.64755,0.00260624,76.9,1.569387755102041,0.96005,0.37564,3.646,0.00011718,0.3233698601278068,2.446329629917706,246,246,1.6390618326994133,
1130360240_2,58340.7135185,2.372,67.5,574.796392505959,0.2,18967.9,1.7334,0.00834729,276.49,1.579942857142857,0.2,18969.0,1.7334,0.0083473,0.5176631934541952,4.639260029412664,1701,1701,0.8131622189262293,
1130360265_0,58384.5907755,1.492,82.7,69.7806199919432,0.2,9230.56,1.19366,0.00288346,33.25,1.5833333333333333,0.2,8266.4,1.1937,0.0026657,1.3833119327354702,7.975332118070486,138,138,0.2835171744491525,
1130360167_1,58236.2128125,0.8111,60.5,84.9674109992338,0.2,50644.5,1.49214,0.000133635,27.24,1.6023529411764703,0.2,50031.0,2.1852,0.00030826,0.1147872763827473,2.7413884854184176,55,55,0.3717188935494261,
1130360166_3,58233.6475116,2.651,65.5,234.9211810017,0.2,109539.0,1.28658,0.00190417,164.24,1.6101960784313727,0.2,109540.0,1.2866,0.0019042,0.3504996065380713,3.258030606142577,510,510,0.9614311221529842,
1130360260_0,58379.3649769,-0.6325,-7.0,464.842921977863,0.2,0.119366,1.54951,0.000173528,324.13,1.612587064676617,0.20624,0.10002,1.1937,7.2426e-05,-1.3606140003954914,1.9972069572145053,3815,3815,8.23006035341238,
1130360286_1,58536.6868403,1.872,54.5,1159.51860001427,0.200002,15885.5,1.53623,0.0049288,323.39,1.61695,0.2,15590.0,1.5551,0.0050555,0.5698995884444149,3.5046182263100065,3235,3235,1.1139226344932969,
1130360175_7,58245.7452894,0.369,22.4,266.912343900825,0.25173,533.365,1.19774,0.000826952,127.06,1.65012987012987,0.25174,532.92,1.1937,0.00071578,1.169471071586396,2.750936482235693,353,353,0.7553281222956195,
1130360173_1,58243.2916898,0.7491,26.2,117.924963798723,0.2,11686.7,3.6037,0.00919276,97.7,1.6559322033898305,0.2,11568.0,3.5816,0.0089903,0.0448554548632128,2.1372077727617484,248,248,1.8492946353743045,
1130360163_1,58229.5225347,4.084,56.5,492.837309995142,0.202333,189088.0,1.19365,0.00251533,321.53,1.6573711340206183,0.2023,207870.0,1.1937,0.0022842,0.3920370973448412,3.318277235345973,2177,2177,1.9054145620920784,
1130360201_0,58288.738287,29.08,97.8,852.684987109416,0.2,275715.0,2.05081,0.169577,330.36,1.6601005025125628,0.2,276490.0,2.042,0.16759,0.4036053467699404,76.18951326464283,25557,25557,0.3986244957814169,
1130360162_2,58228.24375,8.368,74.1,219.928169997293,0.204812,247928.0,1.19365,0.00605107,296.46,1.674915254237288,0.2048,295200.0,1.1937,0.0071547,0.6065540054198383,5.420660830492158,1683,1683,1.7310756998328212,
1130360175_3,58245.2931134,0.03284,2.1,407.8668695956,0.528771,0.100773,1.19365,0.00064107,181.54,1.680925925925926,0.52524,0.1,1.1937,0.00062083,0.9217008748476088,2.337369168673252,506,506,0.9276428046750692,
1130360162_4,58228.5567477,7.067,69.3,236.921647796582,0.208462,206481.0,1.19365,0.00591945,301.38,1.7123863636363637,0.2083,263460.0,1.1937,0.0054532,0.5361410332963911,4.604051797111213,1666,1666,1.9510986506438084,
1130360232_0,58328.4435185,32.13,98.5,639.354240000248,0.2,413577.0,2.18806,0.207867,338.2,1.7167512690355329,0.2,414590.0,2.175,0.20432,0.3598785271485238,105.88878672107104,20497,20497,0.3056466848584193,
1130360194_1,58280.9021412,1.186,44.8,1014.65835099807,0.200003,9884.39,3.52896,0.030337,312.95,1.7195054945054944,0.2,9600.6,3.5295,0.030182,0.0592593276907749,2.79763951782065,2145,2145,1.1759933224210657,
1130360208_0,58301.1579745,23.93,97.7,610.729754704982,0.2,336034.0,2.17277,0.148646,329.31,1.7241361256544503,0.2,334130.0,2.1671,0.1475,0.3608078212840117,71.85190846490187,14379,14379,0.3322982480004897,
1130360176_3,58247.3487037,0.7438,33.6,675.772525999229,0.2,9724.74,1.19365,0.000680283,310.22,1.7526553672316385,0.2,6618.4,1.1937,0.0012138,1.5464536626084413,2.950321676276225,1133,1133,0.859652896825485,
1130360168_1,58237.3706713,1.429,64.2,776.717638198257,0.2,42045.8,1.81672,0.00302972,261.27,1.77734693877551,0.2,42046.0,1.8167,0.0030297,0.428289747088977,3.6026602195281656,984,984,0.4867595229435829,
1130360242_1,58344.193206,-4.429,-18.9,101.939503802452,0.200002,1.44628,3.64747,6.19941e-07,355.67,1.7872864321608042,0.2,0.32241,3.6476,7.4069e-10,2.0019757978675297,1.894878458248051,2242,2242,24.577009604810705,
1130360173_0,58243.2272801,0.7122,39.7,100.890598261826,0.2,15915.2,2.42842,0.00225097,53.74,1.7913333333333334,0.2,11180.0,2.2828,0.0018179,0.2583746551462786,2.578592536917302,108,108,0.6781144718590267,
1130360206_0,58297.680625,60.37,98.7,206.865967503574,0.26563,191802.0,2.86488,0.491082,309.34,1.8090058479532165,0.26554,192380.0,2.8668,0.49256,0.1551905196725038,125.32518314885642,12243,12243,0.4760358858098362,
1130360163_2,58229.5868634,3.504,51.1,514.830101495318,0.213037,130311.0,1.19366,0.00149193,343.84,1.809684210526316,0.21298,141720.0,1.1955,0.0015938,0.2277826231307402,3.059140586456288,2202,2202,2.0771477245058683,
1130360231_1,58327.7968287,35.68,95.6,389.677118993131,0.2,540815.0,2.33767,0.273307,347.75,1.8111979166666667,0.2,511260.0,2.3325,0.27072,0.3207063202896963,36.92670952108297,14189,14189,1.0135132726021516,
1130360231_2,58327.8033449,36.69,99.0,393.632358598523,0.2,536234.0,2.34055,0.277737,344.34,1.8315957446808508,0.2,515500.0,2.3371,0.27596,0.325706757000178,160.33665180088818,14138,14138,0.2254143177755611,
2130360204_0,58581.9201968,0.8188,42.2,563.803558797925,0.276544,267.033,2.24464,0.00762196,246.1,1.8365671641791044,0.27537,274.82,2.2461,0.0076611,0.3452434766249855,3.5972197635250787,1028,1028,0.7020315057464687,
1130360186_1,58270.9313657,34.3,96.2,729.733622990025,0.2,618150.0,2.41834,0.262293,363.98,1.8382828282828283,0.2,617630.0,2.4236,0.26401,0.2936300905522714,40.41122719842462,24201,24201,0.8414900715643828,
2130360201_1,58558.4931944,1.96,83.6,66.9352913986659,0.2,2810.22,2.27123,0.0181659,46.06,1.8424,0.2,1969.1,2.2481,0.017416,0.433315945231056,7.82467399954012,158,158,0.3458756733920409,
1130360170_1,58240.785787,-0.4822,-17.3,587.799785998533,0.392284,50.7113,3.64758,8.79734e-18,341.45,1.845675675675676,0.38629,86.153,3.6475,1.6268e-07,-2.393392156026958,1.937335866098771,1343,1343,2.4375377702010184,
1130360162_3,58228.4923958,5.407,51.2,216.928476798523,0.22266,120425.0,1.19365,0.00305535,321.22,1.8460919540229888,0.22264,147210.0,1.1937,0.0030782,0.3492821762292002,3.1490520629601555,1481,1481,3.176812295078015,
2130360205_1,58588.7523958,2.929,56.8,577.784001403837,0.2,12800.4,1.19365,0.00412211,371.38,1.8476616915422883,0.2,9778.5,1.1937,0.0049099,1.0865708415170865,4.274931362693051,2550,2550,1.347635571523888,
1130360163_4,58229.7843981,3.477,43.5,167.942779199453,0.213929,119287.0,1.19365,0.000806936,260.32,1.8594285714285717,0.21392,139580.0,1.1937,0.0017654,0.4919906553535443,2.7243277894378792,901,901,3.11131245670848,
1130360259_0,58377.5022106,0.08913,3.1,247.45390399918,0.2,0.156074,1.47942,0.0023322,223.87,1.8655833333333331,0.2,0.1,1.1972,0.00055943,0.5312250323488263,2.487827720841476,651,651,1.7682107742423714,
1130360220_1,58314.5415625,-2.629,-30.8,64.9581594992196,0.200454,0.783126,3.64712,2.09256e-06,190.06,1.9006,0.20012,0.19005,3.6476,6.7106e-08,2.2492162015118016,1.8239118383305244,501,501,9.361022121843083,
1130360267_1,58386.4446412,-0.5256,-14.1,403.618140039034,1.32469,0.100117,3.64758,4.69012e-05,357.07,1.9094652406417112,1.3241,0.22187,3.6476,4.7882e-18,-0.3567387656297219,2.059530636602648,1355,1355,3.168510126771855,
1130360186_0,58270.9260764,32.08,96.5,454.837701495708,0.2,574220.0,2.45575,0.257092,373.85,1.9370466321243525,0.2,572680.0,2.4457,0.25382,0.2931929277629387,44.70725776700634,14043,14043,0.7063986821521641,
1130360203_1,58290.284213,49.25,99.0,484.808279494027,0.2,694970.0,2.25255,0.339576,380.84,1.9530256410256408,0.2,671760.0,2.2497,0.33781,0.3351477150482396,168.57814936293815,23848,23848,0.2935381447051874,
1130360184_10,58266.3568634,68.17,99.3,95.9613791992888,0.287957,143250.0,3.64758,0.733771,239.77,1.9653278688524591,0.28796,143260.0,3.6476,1.1377,0.0725499256746265,236.18053848332067,6441,6441,0.2854009651995946,
1130360206_1,58297.6881019,59.2,98.4,227.905493997037,0.233679,417835.0,3.11437,0.757999,337.2,1.9719298245614036,0.23347,1201400.0,3.344,1.1431,0.1657595412665974,98.05962485968617,13170,13170,0.5953774366673384,
1130360228_1,58324.2556481,28.88,89.0,1014.34014849743,0.2,324163.0,2.171,0.189805,397.05,1.9753731343283585,0.2,323100.0,2.1611,0.18737,0.3690798755653681,12.870610898445213,32553,32553,2.7035495457007417,
1130360184_4,58266.2303013,74.98,99.5,121.916541056238,0.294471,143518.0,3.64758,0.758948,257.27,1.979,0.29447,138420.0,3.6476,0.99323,0.0610467326222493,287.0753680478845,8876,8876,0.2544920356396572,
1130360203_0,58290.217662,48.06,99.0,674.730000006821,0.2,662653.0,2.23005,0.321211,394.01,1.9799497487437183,0.2,662650.0,2.23,0.32121,0.3427618227358009,159.76202110847794,32204,32204,0.3006305965642915,
2130360212_1,58614.6442708,0.6812,26.6,774.716892509605,0.407884,0.1,1.19365,0.0016922,390.51,1.9923979591836731,0.40741,0.1,1.1937,0.0015927,1.4999820662319674,2.915803040909979,1682,1682,1.1332666473628008,
1130360228_4,58324.8457639,33.81,98.4,548.600053490431,0.2,429467.0,2.31146,0.253933,385.18,2.006145833333333,0.2,430750.0,2.2851,0.24544,0.3315427505012853,99.46014630192906,18595,18595,0.3442546857888341,
1130360165_0,58231.0665046,1.97,53.7,273.909223802562,0.21057,94367.5,3.64758,0.00756331,163.04,2.0128395061728392,0.21058,83006.0,3.6476,0.009486,-0.0924643468763154,2.914330574190541,555,555,1.0584476677227208,
1130360164_2,58230.7482523,1.944,39.6,510.82901940681,0.2,153215.0,3.64758,0.00593423,335.27,2.0196987951807226,0.2,152360.0,3.6476,0.0072609,-0.0603854105850656,2.4646520196608663,1350,1350,1.8043623347009012,
1130360207_1,58300.1924306,32.21,98.1,617.751625797304,0.2,553873.0,2.36845,0.240919,391.67,2.029378238341969,0.2,553870.0,2.3685,0.24092,0.3089813313930317,84.26573302219629,19241,19241,0.3740653085556912,
1130360166_6,58233.9043981,0.07979,2.2,199.93136000121,0.237117,17150.5,1.19365,4.8808e-09,199.2,2.0326530612244897,0.23711,59201.0,3.6476,1.5506e-11,-1.8486229352709675,1.9710300549673083,475,475,2.446696029304642,
1130360184_7,58266.2934244,75.41,99.1,76.4834807240195,0.296991,140118.0,3.64758,0.663437,228.45,2.039732142857143,0.29698,140220.0,3.6476,1.0103,0.0581856976294377,169.8825876550637,5620,5620,0.4350947035625186,
1130360216_3,58309.7193634,0.5049,16.4,399.836079997476,0.247048,538.759,2.25116,0.00850111,316.25,2.0535714285714284,0.23737,582.24,2.2421,0.0084688,0.2786040251899266,2.6801484641871767,1094,1094,1.6284996956113185,
1130360162_5,58228.621331,4.18,45.5,216.928628699679,0.217606,126064.0,1.19365,0.00262709,337.77,2.0595731707317078,0.21755,126540.0,1.1937,0.0023908,0.3394665110424593,2.955101762333823,1289,1289,3.0392517768025678,
1130360174_4,58244.7156366,-0.03043,-1.4,588.808574999479,0.438821,1.30541,1.19365,0.00060606,349.76,2.0819047619047617,0.44199,0.15997,1.1937,0.00055665,1.4478228616826376,2.336996872179599,1002,1002,1.2728089021106743,
1130360229_0,58325.4804282,31.94,79.1,171.868609200697,0.2,524219.0,2.66376,0.385461,405.81,2.1026424870466323,0.2,403870.0,2.6359,0.36592,0.2632038360901328,7.228135387688295,6894,6894,6.440456803970786,
1130360230_0,58326.6445486,38.62,99.0,621.490892997361,0.2,563884.0,2.36636,0.297818,410.12,2.136041666666667,0.2,563880.0,2.3664,0.29782,0.3140334099099176,154.8445320364194,23633,23633,0.2471735645938385,
1130360165_3,58231.3882639,2.619,82.6,653.782414199144,0.2,153530.0,3.47334,0.0105986,210.13,2.144183673469388,0.2,152160.0,3.2796,0.008613,0.0707906200014084,5.116783818417343,901,901,0.334759950258261,
1130360198_0,58284.1713773,0.8471,39.8,872.709902101516,0.255147,211.806,2.28466,0.00940558,364.99,2.2120606060606063,0.25479,213.55,2.2849,0.0094141,0.3337324395260367,3.507605307345866,1762,1762,0.8051500422520078,
1130360161_2,58224.7022917,10.44,93.3,501.824099204736,0.228879,216282.0,3.64758,0.0393006,246.78,2.2232432432432434,0.22889,204830.0,3.6476,0.056079,0.0244628188631735,15.430083929572488,3315,3315,0.4577866904334582,
1130360229_1,58325.4824421,36.68,98.4,1071.22901759483,0.2,493298.0,2.34931,0.283572,444.94,2.2358793969849247,0.2,493300.0,2.3493,0.28357,0.3235941253355119,101.58719123923572,39141,39141,0.3632510743840891,
1130360175_5,58245.73875,-1.324,-25.8,524.757870005124,0.2,0.102593,3.64758,7.54212e-07,451.64,2.246965174129353,0.2,0.10017,3.6476,7.2364e-09,0.9560015883680476,1.8698572122742023,2329,2329,5.102259691137612,
1130360203_2,58290.3462963,49.6,99.2,680.723309694033,0.200007,689287.0,2.27052,0.348066,452.29,2.26145,0.2,676010.0,2.2895,0.3564,0.3383505172214534,196.8300641920976,33460,33460,0.2510012869026192,
1130360231_3,58327.8617708,35.47,96.5,942.173083315778,0.2,521523.0,2.31986,0.263322,456.66,2.2833,0.2,499480.0,2.3162,0.26151,0.3249204019679934,45.43139614638249,33900,33900,0.8098023734007691,
1130360229_2,58325.5495949,36.52,98.8,817.390835380065,0.200001,494562.0,2.2916,0.263543,460.03,2.30015,0.2,493100.0,2.2967,0.26523,0.3329940692332687,134.21210336646865,29794,29794,0.2736247411055146,
1130360184_9,58266.2946065,74.74,99.4,125.948755798512,0.294239,144452.0,3.64758,0.734483,312.54,2.3323880597014925,0.29424,144950.0,3.6476,0.99714,0.0615506672426674,262.9781209254154,9078,9078,0.2751257718866322,
1130360261_0,58380.0212847,0.1369,12.8,369.063160016667,0.384851,0.136605,1.8717,0.00183885,163.89,2.341285714285714,0.38574,0.1,1.3112,1.3957e-09,0.1965790863349934,2.761027144018168,400,400,0.615450664937867,
1130360228_0,58324.1911921,26.61,67.1,1023.31279361248,0.2,274851.0,2.56152,0.28683,474.48,2.360597014925373,0.2,272830.0,2.5741,0.29094,0.2637310650470798,4.256711184304873,39875,39875,11.965009469295934,
1130360164_0,58230.6806134,1.953,43.8,774.741924997215,0.203853,140400.0,3.63418,2.12077e-26,410.61,2.4012280701754385,0.20371,141220.0,1.2196,1.0288e-28,-0.2220537366420314,2.384563474946224,1648,1648,1.536339789159343,
1130360158_0,58218.3289931,32.24,96.3,117.957519999356,0.278975,127982.0,3.27441,0.111742,250.03,2.4041346153846157,0.27879,128820.0,3.3213,0.1199,0.043802798694796,37.11307728191572,3402,3402,0.7986273496002148,
1130360161_1,58224.7001736,10.4,95.1,172.940505300125,0.242162,134984.0,3.64758,0.0279319,156.21,2.44078125,0.24214,135170.0,3.6476,0.041676,0.0118563318435647,19.763628673270247,1102,1102,0.339600281172717,
1130360212_0,58305.0232176,6.005,59.3,164.878675498185,0.222304,12258.8,2.03436,0.0444806,355.78,2.453655172413793,0.22163,12663.0,2.0356,0.044605,0.3861056179091979,5.21463145605079,1709,1709,2.45933657434606,
1130360158_1,58218.7151042,30.46,97.9,137.950802998908,0.27561,132128.0,3.64758,0.127268,241.84,2.49319587628866,0.27564,126300.0,3.6421,0.18016,0.0350944690535782,65.54135532567075,3538,3538,0.3973704010871374,
1130360185_1,58267.194456,72.4,99.1,321.870266196143,0.252108,304405.0,3.64758,1.2314,429.16,2.5097076023391813,0.25214,281030.0,3.6476,2.469,0.1045212320121256,170.86984431964703,22537,22537,0.4121914288166765,
1130360162_8,58228.8143866,2.538,22.6,119.959919998655,0.202707,172976.0,1.19365,0.00200817,403.29,2.585192307692308,0.20263,193190.0,1.1937,0.002118,0.7447731646651214,2.4928175429002213,971,971,5.422209984667007,
1130360161_0,58224.6328588,10.55,91.1,943.672054402996,0.235688,163327.0,3.64758,0.0388523,422.02,2.6212422360248446,0.2357,153840.0,3.6476,0.054988,0.0273383835970976,12.28626491865312,6673,6673,0.6265414250961476,
1050360105_13,58009.1096181,4879.0,99.6,62.7341399998404,0.2,16980200.0,2.3583,45.3331,528.34,2.6285572139303484,0.2,16980000.0,2.3583,45.333,0.3491219589397369,314.37329525644094,336166,336166,17.099674888987543,
1130360184_3,58266.2291204,74.53,99.4,101.135289832201,0.30059,129942.0,3.64758,0.613203,318.46,2.6319008264462807,0.30062,121020.0,3.6476,0.90159,0.0552927962621274,267.1981143829861,7225,7225,0.2683676438056195,
1130360183_4,58261.3057292,90.16,95.1,209.328240559011,0.319484,105492.0,3.64758,0.60001,476.45,2.6323204419889503,0.31995,104400.0,3.6476,0.85472,0.0490327249863396,34.525623156768305,19902,19902,2.8359073599509155,
1130360267_0,58386.246794,-2.025,-24.1,418.517399956472,0.2,0.142244,3.64758,4.10207e-07,529.3,2.6333333333333333,0.2,0.10225,3.6476,7.0156e-11,3.762842588656683,1.884607036575666,3198,3198,8.638026880500657,
1130360204_0,58292.6001389,84.94,98.0,346.841559795343,0.27398,184359.0,3.19491,0.949955,512.85,2.643556701030928,0.27385,185150.0,3.1985,0.95545,0.1402772338483468,84.29953835460921,29750,29750,1.0297060036188217,
1130360249_1,58356.4187153,9.676,55.5,202.928097401949,0.357797,429.419,1.19365,0.0214748,526.05,2.6568181818181817,0.35856,419.03,1.1937,0.017796,0.6861255111562508,4.585088184511585,3512,3512,4.827391050287309,
1130360264_0,58383.4303819,0.7181,30.1,979.971377054695,0.211855,0.107166,1.19645,0.00221903,523.79,2.6588324873096445,0.21019,1.3112,1.1937,0.0016528,0.8017516126248522,3.2217790356012896,2176,2176,0.9994121743132998,
1130360160_2,58220.9677083,21.56,97.5,318.888031001552,0.257414,161733.0,3.64758,0.088652,295.29,2.6602702702702703,0.25741,161810.0,3.6476,0.13145,0.0313664311959062,46.60614275652637,5041,5041,0.3466212117329442,
1130360182_2,58260.1431246,85.14,97.1,109.561674449687,0.333866,83781.9,3.64758,0.341324,326.99,2.702396694214876,0.33387,81355.0,3.6476,0.47968,0.0258202858708339,47.90762934502763,9534,9534,1.8551242468657685,
1130360158_3,58218.9725579,29.35,95.7,343.876331999432,0.271403,141693.0,3.64758,0.155995,380.3,2.716428571428572,0.2714,141540.0,3.6476,0.1825,0.0297648357297768,31.119684695666507,8600,8600,0.8303204693177851,
1130360161_3,58224.7653009,10.31,92.1,617.785059600079,0.233119,173721.0,3.64758,0.0526594,327.71,2.7309166666666664,0.23312,168850.0,3.6476,0.049404,0.0148170452192599,13.535063828966411,4125,4125,0.5326721635351651,
1130360187_0,58270.9903704,32.85,97.0,1191.57123759622,0.2,596322.0,2.41344,0.248981,549.08,2.7317412935323384,0.2,596340.0,2.4134,0.24898,0.293821506120013,52.55588812094592,37646,37646,0.6128025357926605,
1130360231_0,58327.1526852,39.8,98.7,1137.08140642685,0.2,586088.0,2.36283,0.304723,553.18,2.7659,0.2,586090.0,2.3628,0.30472,0.3143273520986243,132.59087376588187,44486,44486,0.2973076121488932,
1050360108_4,58012.3799306,5936.0,100.0,65.5480979857966,0.2,19021500.0,2.33704,54.0517,561.33,2.7926865671641794,0.2,19022000.0,2.337,54.052,0.3532215928332116,6904.769052992639,427691,427691,0.9451130553414916,
1130360241_0,58342.1309838,6.836,36.5,502.712988210435,0.2,31484.0,1.19365,0.008648,565.69,2.8143781094527367,0.2,31020.0,1.1937,0.0082113,1.7287002414764177,2.578080328199896,8700,8700,10.96655044337596,
1130360184_14,58266.5509606,73.93,99.5,256.895709398726,0.293337,138649.0,3.64758,0.777768,439.91,2.856558441558441,0.29334,138380.0,3.6476,1.0922,0.069309721544373,290.642717439256,18674,18674,0.2509677344576438,
1130360166_2,58233.5829514,9.881,40.2,252.908489902708,0.2,118184.0,1.19365,0.0095935,575.88,2.865074626865672,0.2,114040.0,1.1937,0.0095415,2.172884853857342,2.639352751114444,5429,5429,13.094352241146494,
1130360183_8,58261.5646644,91.54,99.1,97.9134464026429,0.320409,106719.0,3.64758,0.576753,355.4,2.866129032258064,0.3204,106750.0,3.6476,0.85241,0.0487400880541852,199.30172177441,8934,8934,0.460126372364212,
1050360105_23,58009.4859144,5034.0,99.9,82.4704599874094,0.2,16359100.0,2.35843,46.9555,578.64,2.8788059701492537,0.2,16359000.0,2.3584,46.956,0.3485421500331733,2300.494471824925,457018,457018,2.409919405027894,
1130360283_0,58502.3141667,1.042,41.0,764.44185590744,1.31665,0.1,3.64665,0.0035181,472.37,2.8803048780487805,1.3183,0.1,3.6476,3.1448e-11,0.3422931548689547,3.774611515755141,2021,2021,0.952839320819787,
1130360286_0,58536.6224769,3.151,55.0,1160.5114511968,0.2,22411.7,1.19365,0.00499629,580.02,2.8856716417910446,0.2,22407.0,1.1937,0.0043869,0.8792649098574526,3.2982950405789686,5622,5622,2.107830241821267,
1130360190_1,58276.083588,5.344,40.3,535.767804794712,0.207421,24241.2,2.10707,0.0432385,581.36,2.8923383084577114,0.207,24842.0,2.1079,0.043314,0.3500107386784412,3.16553004175572,6719,6719,5.791136686596166,
1050360108_5,58012.3845255,5884.0,99.9,77.4829380037263,0.2,18681600.0,2.32554,52.901,595.32,2.9617910447761195,0.2,18682000.0,2.3255,52.901,0.3559887139609719,2377.659088589368,501687,501687,2.7243310308280977,
1130360184_15,58266.6153356,75.3,99.4,237.903467199183,0.288897,154877.0,3.64758,0.822642,472.25,2.970125786163522,0.2889,155790.0,3.6476,1.1965,0.0745442834374841,244.4234976135141,17024,17024,0.2939668379104183,
1130360205_0,58296.200706,70.76,98.9,373.44684408203,0.260068,232358.0,3.64713,1.15933,538.46,2.9749171270718238,0.26009,232180.0,3.6468,1.1094,0.1091449559782422,147.75369325609103,26021,26021,0.4747950137287629,
1050360105_21,58009.422037,4880.0,99.9,75.5271280091256,0.2,17193200.0,2.31402,43.048,602.15,2.995771144278607,0.2,17193000.0,2.314,43.048,0.3576015781633967,1296.5012261623745,404944,404944,4.13860682435292,
