obsid,source,nH,gamma,kT_e,nthcomp_norm,diskbb_Tin,diskbb_norm,red_pgstat
10255-01-03-00,GRO_J1655-40,1.63554,2.54958,1000.00,1.65973,1.24672,1470.90,1291.121971830986
10255-01-05-00,GRO_J1655-40,1.63554,2.03668,1000.00,1.05864,1.42916,842.151,30599.12837837838
10255-01-06-00,GRO_J1655-40,1.63554,1.97303,1000.00,0.894278,1.42392,853.386,13617.693333333333
10255-01-07-00,GRO_J1655-40,1.63554,1.94007,1000.00,0.863335,1.41788,865.223,9369.15894039735
10255-01-08-00,GRO_J1655-40,1.63554,2.24610,11.8233,2.25698,1.29228,1172.52,15494.823218997362
10255-01-09-00,GRO_J1655-40,1.63554,1.97629,1000.00,0.606291,1.66739,423.760,16158.504385964912
10255-01-10-00,GRO_J1655-40,1.63554,1.91869,1000.00,0.862456,1.42440,848.668,6110.844277673546
10255-01-11-00,GRO_J1655-40,1.63554,2.19644,11.3416,1.70410,1.27560,1283.07,3056.218032786885
10255-01-16-00,GRO_J1655-40,1.63554,2.50712,1000.00,2.31306,1.24640,1360.48,2046.9665697674418
10255-01-17-00,GRO_J1655-40,1.63554,1.80052,1000.00,0.347681,1.67640,416.723,6660.768929503916
10255-01-18-00,GRO_J1655-40,1.63554,1.89228,1000.00,0.843910,1.42062,839.757,3572.649289099526
20187-01-01-00,GRO_J1655-40,1.63554,1.91070,1000.00,0.891379,1.42406,824.670,3666.9761388286333
20402-02-25-00,GRO_J1655-40,1.63554,1.80052,1000.00,0.433926,1.67240,396.152,5691.076
20402-02-26-00,GRO_J1655-40,1.63554,1.80052,1000.00,0.385625,1.70582,345.826,5757.775510204082
30171-02-01-00,XTE_J1748-2848,1.63554,1.89565,1000.00,0.779952,1.43194,719.680,2712.6340830449826
30185-01-01-00,XTE_J1748-2848,1.63554,1.80052,1000.00,0.330286,1.76852,279.719,6580.863857374392
30185-01-02-00,XTE_J1748-2848,1.63554,1.80052,1000.00,0.327740,1.76173,276.080,6579.769817073171
30185-01-03-00,XTE_J1748-2848,1.63554,1.92870,1000.00,0.340342,1.82821,218.323,8692.978417266188
30185-01-04-00,XTE_J1748-2848,1.63554,1.80114,10.6468,0.606604,1.43551,591.891,6339.487057220708
30185-01-05-00,XTE_J1748-2848,1.63554,1.82133,1000.00,0.340109,1.73279,248.467,9945.498059508409
30188-05-01-00,ASM_J1748-2848,1.63554,1.80252,10.6366,0.590704,1.43468,558.343,7732.678571428572
30188-06-01-00,XTE_J1550-564,1.63554,1.87115,1000.00,0.424388,1.68567,265.736,9880.775558166863
30188-06-01-01,XTE_J1550-564,1.63554,1.91619,1000.00,0.468426,1.67628,266.881,9719.943820224718
30188-06-01-02,XTE_J1550-564,1.63554,1.85990,1000.00,0.528167,1.59020,332.516,9003.821313240043
30188-06-01-03,XTE_J1550-564,1.63554,1.89775,1000.00,0.576797,1.58180,333.727,8873.75
30188-06-03-00,XTE_J1550-564,1.63554,1.97742,1000.00,0.893838,1.40341,521.088,9359.791459781529
30188-06-04-00,XTE_J1550-564,1.63554,2.23044,28.7502,1.61789,1.28180,671.937,9377.686424474188
30188-06-05-00,XTE_J1550-564,1.63554,2.08858,11.0887,1.34983,1.30467,641.812,9303.244239631336
30188-06-06-00,XTE_J1550-564,1.63554,1.96816,10.0000,1.11715,1.32483,638.997,8575.324733096086
30188-06-07-00,XTE_J1550-564,1.63554,2.20173,21.3835,1.64945,1.28062,655.453,8776.513327601031
30188-06-08-00,XTE_J1550-564,1.63554,2.19583,20.0306,1.66977,1.27927,651.905,8572.866056572379
30188-06-09-00,XTE_J1550-564,1.63554,2.18934,18.8615,1.67933,1.27886,650.008,8315.890410958904
30188-06-10-00,XTE_J1550-564,1.63554,2.17626,17.6373,1.65678,1.28166,643.378,8132.84765625
30188-06-11-00,XTE_J1550-564,1.63554,2.18201,17.5540,1.70205,1.27740,647.668,7853.244882486732
30191-01-01-00,XTE_J1550-564,1.63554,2.20007,18.4802,1.78170,1.26983,661.276,7436.174521354934
30191-01-02-00,XTE_J1550-564,1.63554,2.22550,17.9792,1.99710,1.26847,677.599,5995.082319255547
30191-01-27-00,XTE_J1550-564,1.63554,2.21968,17.4917,1.99176,1.26678,676.801,5965.257660167131
30191-01-27-01,XTE_J1550-564,1.63554,2.22161,17.6373,2.00269,1.26510,677.441,5855.186440677966
30191-01-28-00,XTE_J1550-564,1.63554,2.21643,17.2679,1.98843,1.26592,674.479,5763.678996036988
30191-01-28-01,XTE_J1550-564,1.63554,2.22330,17.8295,2.01397,1.26271,676.895,5669.1049581455245
30191-01-28-02,XTE_J1550-564,1.63554,2.20823,16.7170,1.96919,1.26613,670.002,5617.804648241206
30191-01-29-00,XTE_J1550-564,1.63554,2.21830,17.4523,2.00557,1.26166,674.287,5529.2765174739425
30191-01-29-01,XTE_J1550-564,1.63554,2.21156,16.9967,1.98762,1.26200,670.511,5508.497005988024
30191-01-30-00,XTE_J1550-564,1.63554,2.22637,18.1744,2.04161,1.25524,679.012,5416.720304271504
30191-01-31-00,XTE_J1550-564,1.63554,2.20930,16.8322,1.98858,1.25935,673.204,5345.855263157895
30191-01-31-01,XTE_J1550-564,1.63554,2.23038,18.5157,2.06161,1.25088,684.385,5248.6373810856185
30191-01-32-00,XTE_J1550-564,1.63554,2.22338,17.9020,2.03995,1.25214,684.532,5132.615005476451
30191-01-34-01,XTE_J1550-564,1.63554,2.20811,16.7624,1.98868,1.25606,680.431,5048.235924932976
30191-01-41-00,XTE_J1550-564,1.63554,2.21105,16.9667,1.96025,1.25212,676.176,5312.153361344538
40122-01-01-00,XTE_J1859+226,1.63554,2.20666,16.5857,1.93277,1.25054,678.542,5345.214027849407
40122-01-01-02,XTE_J1859+226,1.63554,2.21309,16.9274,1.94944,1.24631,685.434,5299.893617021276
40122-01-01-03,XTE_J1859+226,1.63554,2.22081,17.4102,1.96892,1.24184,692.028,5268.596316575411
40124-01-04-00,XTE_J1859+226,1.63554,2.21758,17.2300,1.95603,1.24253,688.718,5238.187377690802
40124-01-05-00,XTE_J1859+226,1.63554,2.19650,16.0276,1.87937,1.25108,672.340,5231.887926887927
40124-01-06-00,XTE_J1859+226,1.63554,2.19075,15.6793,1.85503,1.25200,665.709,5289.172185430463
40124-01-07-00,XTE_J1859+226,1.63554,2.19585,15.8348,1.87254,1.24865,669.402,5251.191251744997
40124-01-08-00,XTE_J1859+226,1.63554,2.19150,15.5064,1.85011,1.24828,662.693,5370.869963369963
40124-01-09-00,XTE_J1859+226,1.63554,2.19556,15.6300,1.86090,1.24549,664.182,5365.984677782785
40124-01-10-00,XTE_J1859+226,1.63554,2.17447,14.7798,1.78282,1.25471,646.313,5384.944543034605
40124-01-11-00,XTE_J1859+226,1.63554,2.16298,14.6034,1.73131,1.26148,630.599,5423.265618173875
40124-01-13-00,XTE_J1859+226,1.63554,2.18431,15.0154,1.81196,1.24755,656.232,5311.340361445783
40124-01-14-00,XTE_J1859+226,1.63554,2.16448,14.6972,1.72580,1.25931,632.463,5358.47181008902
40124-01-15-00,XTE_J1859+226,1.63554,2.17847,14.8182,1.78388,1.24921,650.974,5255.545112781955
40124-01-16-00,XTE_J1859+226,1.63554,2.17701,14.7183,1.77526,1.24859,650.250,5249.932070811034
40124-01-17-00,XTE_J1859+226,1.63554,1.91255,10.6617,1.04993,1.33553,580.461,4783.67086038961
40124-01-18-00,XTE_J1859+226,1.63554,2.09564,10.0000,1.63115,1.24376,681.954,5167.947178871548
40124-01-19-00,XTE_J1859+226,1.63554,2.09655,10.0000,1.62839,1.24235,679.978,5206.511444356748
40124-01-20-00,XTE_J1859+226,1.63554,2.18759,11.6481,1.84449,1.22740,683.993,5161.325418450759
40124-01-21-00,XTE_J1859+226,1.63554,2.18650,11.4976,1.83624,1.22639,682.320,5189.556451612903
40124-01-23-00,XTE_J1859+226,1.63554,1.90199,10.6366,1.01144,1.33615,569.399,4802.1921182266005
40124-01-23-01,XTE_J1859+226,1.63554,1.89856,10.6366,1.00294,1.33646,568.576,4773.180628272251
40124-01-24-00,XTE_J1859+226,1.63554,1.90622,10.6366,1.01958,1.33222,573.627,4740.396825396825
40124-01-25-00,XTE_J1859+226,1.63554,1.90655,10.6616,1.01378,1.33456,567.564,4722.170189504373
40124-01-26-00,XTE_J1859+226,1.63554,1.89900,10.6366,0.992395,1.33295,566.538,4833.260165527168
40124-01-27-00,XTE_J1859+226,1.63554,1.89746,10.6366,0.988381,1.33285,566.438,4794.532693674485
40124-01-28-00,XTE_J1859+226,1.63554,2.19265,11.5960,1.82473,1.21845,681.711,5155.394875394875
40124-01-28-01,XTE_J1859+226,1.63554,2.19289,11.5753,1.82345,1.21781,681.597,5127.701109570042
40124-01-29-00,XTE_J1859+226,1.63554,2.19403,11.5382,1.81703,1.21519,681.420,5211.474820143885
40124-01-30-00,XTE_J1859+226,1.63554,2.19430,11.5078,1.81390,1.21414,682.191,5198.325998645904
40124-01-31-00,XTE_J1859+226,1.63554,2.19403,11.4652,1.80987,1.21357,681.433,5186.766477082636
40124-01-36-00,XTE_J1859+226,1.63554,2.10515,10.0000,1.58855,1.22451,676.816,5331.370701058201
40124-01-37-00,XTE_J1859+226,1.63554,2.10629,10.0000,1.58672,1.22257,677.727,5355.196142530239
40124-01-37-01,XTE_J1859+226,1.63554,2.10639,10.0000,1.58428,1.22210,677.482,5329.156431803491
40124-01-37-02,XTE_J1859+226,1.63554,2.10741,10.0000,1.57565,1.21944,678.438,5413.328539469479
40124-01-39-00,XTE_J1859+226,1.63554,2.11010,10.0000,1.56991,1.21520,682.701,5516.798356510746
40124-01-40-00,XTE_J1859+226,1.63554,2.13200,14.1137,1.46769,1.25888,572.283,5726.208190059394
40124-01-40-01,XTE_J1859+226,1.63554,2.11084,10.0000,1.56560,1.21367,683.722,5472.1861471861475
40124-01-41-00,XTE_J1859+226,1.63554,2.11092,10.0000,1.55725,1.21250,683.837,5499.325481798715
40124-01-42-00,XTE_J1859+226,1.63554,2.12949,14.5046,1.42172,1.26422,554.355,5815.602300242131
40124-01-49-01,XTE_J1859+226,1.63554,2.13776,13.5834,1.48115,1.24312,594.701,5758.881401617251
40124-01-61-00,XTE_J1859+226,1.63554,2.11641,10.0000,1.54202,1.20549,682.440,5739.731772377
40401-01-02-00,XTE_J1550-564,1.63554,2.13688,13.3708,1.46298,1.23643,613.594,5708.299150307647
40401-01-48-00,XTE_J1550-564,1.63554,2.13919,13.3361,1.46380,1.22412,664.540,5443.787659327926
40401-01-50-00,XTE_J1550-564,1.63554,2.14617,13.3171,1.48992,1.21630,692.288,5261.004010312231
40401-01-51-00,XTE_J1550-564,1.63554,2.14238,13.3288,1.47662,1.21775,692.373,5182.703966005665
40401-01-51-01,XTE_J1550-564,1.63554,2.12352,13.9505,1.38722,1.23905,642.763,5206.245446903895
40401-01-53-00,XTE_J1550-564,1.63554,2.12349,14.2999,1.37628,1.24433,631.541,5134.085365853659
40401-01-55-00,XTE_J1550-564,1.63554,2.13215,13.5775,1.44220,1.22702,676.941,4935.904853304086
40401-01-56-00,XTE_J1550-564,1.63554,2.12733,13.8667,1.41411,1.23447,658.912,4912.198860553445
40401-01-56-01,XTE_J1550-564,1.63554,2.13863,13.4138,1.47253,1.22051,693.123,4795.15033557047
40401-01-57-00,XTE_J1550-564,1.63554,2.12628,13.9698,1.40762,1.23630,653.689,4828.27444208289
40401-01-58-00,XTE_J1550-564,1.63554,2.12595,13.9634,1.40806,1.23618,654.567,4769.556928740468
40401-01-58-01,XTE_J1550-564,1.63554,2.12775,13.9199,1.41989,1.23308,662.108,4706.444560124935
40401-01-59-01,XTE_J1550-564,1.63554,2.13616,13.5933,1.46266,1.22192,689.784,4617.854934295285
40401-01-61-00,XTE_J1550-564,1.63554,2.12891,14.0244,1.41766,1.23217,663.981,4636.039540816327
40401-01-61-01,XTE_J1550-564,1.63554,2.12858,14.6981,1.38865,1.24203,638.230,4645.976256630463
50134-01-02-00,XTE_J1550-564,1.63554,2.13522,13.6667,1.45305,1.22221,688.103,4527.893089634452
50134-01-04-00,XTE_J1550-564,1.63554,2.13172,13.7248,1.43419,1.22521,678.367,4547.0161290322585
50134-01-05-00,XTE_J1550-564,1.63554,2.12261,14.6540,1.35741,1.24539,623.906,4684.3568617806195
50134-02-01-00,XTE_J1550-564,1.63554,2.12383,13.7986,1.39727,1.23059,659.398,4607.339673250427
50134-02-02-00,XTE_J1550-564,1.63554,2.12738,13.5953,1.41728,1.22474,672.994,4561.073500967118
50135-01-02-00,XTE_J1550-564,1.63554,2.12639,16.1407,1.31371,1.26186,578.496,4745.918734268249
50135-01-03-00,XTE_J1550-564,1.63554,2.11663,13.9853,1.35595,1.23714,637.072,4656.421440456382
50135-01-04-00,XTE_J1550-564,1.63554,2.13712,13.3439,1.45019,1.21375,691.056,4554.2151779401365
50135-01-05-00,XTE_J1550-564,1.63554,2.12299,13.4401,1.39322,1.22395,664.612,4610.864688011217
50135-01-06-00,XTE_J1550-564,1.63554,2.12248,13.4392,1.38946,1.22410,662.979,4598.983659751999
50137-02-01-00,XTE_J1550-564,1.63554,2.11517,13.5076,1.36006,1.22887,648.746,4645.419013679733
50137-02-02-00,XTE_J1550-564,1.63554,2.13452,13.3045,1.43300,1.21229,684.137,4591.289770783442
50137-02-02-01,XTE_J1550-564,1.63554,2.12487,13.2788,1.40008,1.21738,670.709,4613.740242108835
50137-02-03-00,XTE_J1550-564,1.63554,2.10482,13.5739,1.32154,1.23404,630.846,4682.577169154787
50137-02-03-01G,XTE_J1550-564,1.63554,2.11600,13.2711,1.36986,1.22172,657.959,4617.868359505513
50137-02-04-00,XTE_J1550-564,1.63554,2.10922,13.3133,1.34581,1.22576,646.892,4636.872582605813
50137-02-04-01,XTE_J1550-564,1.63554,2.14201,13.5006,1.45233,1.20452,689.250,4590.222612128523
50137-02-05-00,XTE_J1550-564,1.63554,2.09268,13.5703,1.28279,1.23815,614.357,4711.5572967678745
50137-02-05-01,XTE_J1550-564,1.63554,2.09822,13.3345,1.31024,1.22981,631.478,4674.065233826547
50137-02-06-00,XTE_J1550-564,1.63554,2.21367,18.6544,1.64543,1.17725,734.903,4534.320934719692
50137-02-07-00,XTE_J1550-564,1.63554,2.08944,13.3616,1.28236,1.23415,618.660,4688.482817320992
60113-01-03-00,XTE_J1650-500,1.63554,2.17138,15.2859,1.53232,1.18970,707.144,4562.050469855348
60113-01-04-00,XTE_J1650-500,1.63554,2.08595,13.3232,1.28289,1.23074,619.404,4718.784449334591
60113-01-05-00,XTE_J1650-500,1.63554,2.07626,13.4623,1.25015,1.23796,601.992,4745.843561472852
60113-01-05-01,XTE_J1650-500,1.63554,2.07526,13.4168,1.25097,1.23669,602.965,4737.287838116869
60113-01-06-00,XTE_J1650-500,1.63554,2.09943,13.4040,1.33257,1.21788,638.763,4686.402951424472
60113-01-07-00,XTE_J1650-500,1.63554,2.09253,13.3639,1.31216,1.22118,630.223,4693.570047817682
60113-01-08-00,XTE_J1650-500,1.63554,2.09317,13.3730,1.31431,1.21985,630.198,4699.51318048682
60113-01-08-01,XTE_J1650-500,1.63554,2.09119,13.3491,1.30888,1.22033,627.731,4692.668471720818
60113-01-09-00,XTE_J1650-500,1.63554,2.07980,13.2692,1.27435,1.22665,613.526,4708.117096485114
60113-01-09-01,XTE_J1650-500,1.63554,2.07945,13.2563,1.27320,1.22631,612.738,4698.727632229362
60113-01-09-02,XTE_J1650-500,1.63554,2.07718,13.2042,1.26705,1.22695,610.365,4689.073237777341
60113-01-10-00,XTE_J1650-500,1.63554,2.05160,13.5413,1.17599,1.24964,562.802,4766.271814370673
60113-01-10-01,XTE_J1650-500,1.63554,2.11832,14.1832,1.37939,1.20579,646.561,4628.122761157905
60113-01-11-00,XTE_J1650-500,1.63554,2.15604,16.7176,1.47638,1.19108,670.978,4598.383653846154
60113-01-11-01,XTE_J1650-500,1.63554,2.05228,13.2808,1.18446,1.24361,570.526,4737.803666921314
60113-01-11-02,XTE_J1650-500,1.63554,2.17711,19.1404,1.52487,1.18422,678.553,4579.549464099402
60113-01-12-00,XTE_J1650-500,1.63554,2.05088,13.2252,1.18029,1.24329,569.074,4715.2590917655925
60113-01-12-01,XTE_J1650-500,1.63554,2.10975,13.9269,1.34936,1.20802,634.121,4613.462798315395
60113-01-12-02,XTE_J1650-500,1.63554,2.09344,13.3929,1.30494,1.21489,620.496,4622.081628858312
60113-01-12-03,XTE_J1650-500,1.63554,2.05282,13.0948,1.18615,1.23927,573.456,4680.245659401551
60113-01-12-04,XTE_J1650-500,1.63554,2.05600,13.0297,1.19617,1.23602,578.799,4659.420183486239
60113-01-13-00,XTE_J1650-500,1.63554,2.05798,12.9838,1.20066,1.23377,581.417,4657.829930732774
60113-01-13-01,XTE_J1650-500,1.63554,2.05028,13.0140,1.17493,1.23909,569.873,4673.055052517204
60113-01-13-02,XTE_J1650-500,1.63554,2.06433,12.9741,1.21656,1.22890,588.594,4625.924426450742
60113-01-14-00,XTE_J1650-500,1.63554,2.09616,13.4474,1.29944,1.21153,618.447,4597.613087788307
60113-01-15-00,XTE_J1650-500,1.63554,2.05672,12.9645,1.18717,1.23256,578.343,4660.057741849516
60705-01-59-00,GX_339-4,1.63554,2.05857,12.9021,1.18702,1.23067,578.614,4691.7469985875705
60705-01-68-01,GX_339-4,1.63554,2.05126,12.8975,1.16428,1.23532,568.764,4698.279975440751
60705-01-69-00,GX_339-4,1.63554,2.06440,12.9356,1.20033,1.22684,583.556,4660.847280334728
60705-01-70-00,GX_339-4,1.63554,2.06674,12.9419,1.20644,1.22541,585.954,4632.998353980767
60705-01-84-02,GX_339-4,1.63554,2.07739,13.0467,1.23348,1.21939,596.356,4604.44549681419
70108-03-01-00,GX_339-4,1.63554,2.07545,12.9941,1.23009,1.21941,594.011,4609.005562687205
70108-03-02-00,GX339-4,1.63554,2.09517,13.3899,1.27636,1.20905,611.238,4601.531133038448
70109-01-06-00,GX_339-4,1.63554,2.07530,12.9586,1.22617,1.21779,594.192,4615.277754291029
70109-01-07-00,GX_339-4,1.63554,2.17224,19.4688,1.46206,1.18080,656.852,4533.461085896789
70109-02-01-00,GX_339-4,1.63554,2.04270,12.7380,1.13121,1.23620,558.225,4671.546495112374
70109-04-01-00,GX_339-4,1.63554,2.06957,12.8085,1.20312,1.21956,587.566,4619.514119601329
70109-04-01-02,GX_339-4,1.63554,2.02781,12.9085,1.08187,1.24895,533.315,4682.335067294195
70110-01-10-00,GX_339-4,1.63554,2.12997,14.7512,1.35636,1.19256,634.517,4521.857658840913
70110-01-11-00,GX_339-4,1.63554,2.08538,13.0481,1.24191,1.21148,600.662,4544.553615146075
70110-01-14-00,GX_339-4,1.63554,2.05297,12.6806,1.15643,1.22834,570.475,4564.649898580122
70110-01-15-00,GX_339-4,1.63554,2.01886,13.9378,1.01635,1.27528,481.208,4704.176010325079
70110-01-47-00,GX_339-4,1.63554,2.04357,12.6680,1.12901,1.23398,559.907,4541.069136990696
70110-01-89-00,GX_339-4,1.63554,2.12577,14.4439,1.34150,1.19347,631.860,4429.911476194274
70110-01-94-00,GX_339-4,1.63554,2.04613,12.6599,1.13389,1.23224,561.944,4505.4479860450365
70110-01-95-00,GX_339-4,1.63554,2.05518,12.6661,1.15763,1.22655,571.754,4474.670030749822
70124-02-01-00,4U1543-47,1.63554,2.13953,15.2459,1.36859,1.18784,638.228,4405.005096040768
70124-02-02-00,4U1543-47,1.63554,2.07799,12.8410,1.21161,1.21410,591.092,4447.752222048963
70124-02-03-00,4U1543-47,1.63554,2.06054,12.6537,1.16555,1.22312,574.567,4453.597735907575
70128-01-01-00,4U1543-47,1.63554,2.13061,14.9094,1.32061,1.19212,619.192,4517.59793337446
70128-01-01-01,4U1543-47,1.63554,2.04750,12.5577,1.11104,1.23023,551.477,4614.2856047242885
70128-02-02-00,GX_339-4,1.63554,2.12912,14.5453,1.30272,1.19174,611.980,4603.1411136537
70133-01-01-00,4U1543-47,1.63554,2.08117,12.7941,1.18713,1.20867,588.647,4600.504514073287
70133-01-06-00,4U1543-47,1.63554,2.02950,12.7032,1.04985,1.24004,533.135,4652.383036522789
70133-01-08-00,4U1543-47,1.63554,2.11624,13.6835,1.27409,1.19055,624.897,4511.725587330181
70133-01-11-00,4U1543-47,1.63554,2.17242,18.7779,1.40408,1.17142,658.296,4456.177392862476
70133-01-15-00,4U1543-47,1.63554,2.03265,12.7917,1.05492,1.23617,541.993,4576.852071884747
70133-01-16-00,4U1543-47,1.63554,2.02973,12.8532,1.04452,1.23874,537.221,4565.483823312158
70133-01-30-00,4U1543-47,1.63554,2.17228,18.7722,1.40130,1.17040,661.576,4396.670585641855
70133-01-31-00,4U1543-47,1.63554,2.04568,12.6139,1.09159,1.22446,563.388,4499.966374269005
70133-01-31-01,4U1543-47,1.63554,2.05545,12.5831,1.11498,1.21793,573.972,4489.216841186737
70417-01-09-00,4U_1630-47,1.63554,2.03369,12.7167,1.05384,1.23623,537.361,4513.952832236128
80117-01-02-01,4U_1630-47,1.63554,2.11645,13.3500,1.26853,1.19096,618.454,4389.656686339427
80117-01-02-04,4U_1630-47,1.63554,2.15555,16.4117,1.35756,1.17836,638.440,4349.304690297172
80117-01-04-00,4U_1630-47,1.63554,2.05582,12.5380,1.11371,1.22255,560.067,4415.974636648618
80117-01-05-00,4U_1630-47,1.63554,2.03447,12.8003,1.05172,1.24358,518.333,4441.911816828525
80117-01-06-01,4U_1630-47,1.63554,2.15418,15.3262,1.36562,1.17984,629.741,4285.2341325811
80117-01-07-00,4U_1630-47,1.63554,2.07716,12.6135,1.17482,1.21432,567.418,4336.437442986457
80117-01-07-01,4U_1630-47,1.63554,2.07173,12.5408,1.16127,1.21808,560.010,4320.208769724899
80117-01-07-02,4U_1630-47,1.63554,2.05425,12.5693,1.11327,1.23263,531.848,4323.609586662035
80117-01-08-00,4U_1630-47,1.63554,2.17343,17.2877,1.41238,1.17871,620.839,4202.694594220932
80117-01-08-01,4U_1630-47,1.63554,2.13825,13.9425,1.33198,1.19108,600.051,4196.486690969117
80117-01-10-00,4U_1630-47,1.63554,2.16345,14.9772,1.39950,1.18127,614.926,4156.9812482890775
80117-01-11-02,4U_1630-47,1.63554,2.04533,12.8329,1.08034,1.24773,501.150,4270.30102840019
80117-01-12-01,4U_1630-47,1.63554,2.28466,45.5494,1.65336,1.15500,697.084,3742.452216348109
80117-01-16-00,4U_1630-47,1.63554,2.12894,13.4823,1.30906,1.19777,584.722,4124.049915682968
80117-01-17-00,4U_1630-47,1.63554,2.05552,12.6397,1.11271,1.23890,515.854,4187.265037593985
80117-01-21-01,4U_1630-47,1.63554,2.06361,12.5473,1.13581,1.23235,526.374,4164.634195229505
80117-01-22-00,4U_1630-47,1.63554,2.13276,13.8643,1.31033,1.19772,581.241,4100.889080994813
80135-02-02-00,XTE_J1746-319,1.63554,2.26507,33.1944,1.62643,1.15560,644.233,4022.871136408763
80135-02-02-000,XTE_J1746-319,1.63554,2.04365,12.9864,1.05728,1.25429,488.255,4181.741765480896
80135-02-02-01,XTE_J1746-319,1.63554,2.09079,12.6569,1.19698,1.21763,550.968,4076.656612681136
80137-01-20-00,XTE_J1746-319,1.63554,2.07671,12.5582,1.15464,1.22536,535.731,4114.762464108588
80137-01-25-00,XTE_J1746-319,1.63554,2.14223,13.8470,1.31961,1.19373,586.203,4054.7073725235464
80137-01-26-00,XTE_J1746-319,1.63554,2.05957,12.5833,1.10346,1.23668,514.867,4134.654726496832
80137-01-27-00,XTE_J1746-319,1.63554,2.15422,14.7988,1.34009,1.18988,588.837,4055.7668790628823
80137-01-28-00,XTE_J1746-319,1.63554,2.07041,12.5116,1.12780,1.22888,524.908,4131.075730394669
80137-02-01-00,XTE_J1746-319,1.63554,2.12601,13.1300,1.26423,1.20019,568.424,4103.799987244084
80138-01-02-00G,XTE_J1746-319,1.63554,2.12942,13.1338,1.27254,1.19817,570.848,4095.818412698413
80138-01-03-00G,XTE_J1746-319,1.63554,2.13593,13.4257,1.28688,1.19564,573.740,4085.41811516339
80138-01-04-00G,XTE_J1746-319,1.63554,2.15288,13.3606,1.33368,1.18654,588.692,4062.13377800151
80138-01-05-00G,XTE_J1746-319,1.63554,2.07632,12.3760,1.13734,1.22408,526.919,4116.878406314602
80138-01-06-00,XTE_J1746-319,1.63554,2.12292,12.9019,1.25427,1.20088,563.064,4065.195833853062
80138-01-07-00,XTE_J1746-319,1.63554,2.06714,12.3634,1.11219,1.22974,516.642,4105.253647935424
80144-01-01-00,XTE_J1746-319,1.63554,2.13525,13.2594,1.28328,1.19573,570.783,4027.04253214639
80144-01-01-01,XTE_J1746-319,1.63554,2.12259,12.9369,1.25105,1.20146,561.724,4018.377546623992
80144-01-01-02,XTE_J1746-319,1.63554,2.05712,12.4101,1.08315,1.23696,505.254,4065.340728030396
80144-01-02-00,XTE_J1746-319,1.63554,2.11551,12.7283,1.23147,1.20480,556.967,3988.555738605162
80144-01-02-01,XTE_J1746-319,1.63554,2.14331,13.5766,1.29923,1.19293,575.711,3953.674969623329
80144-01-03-01,XTE_J1746-319,1.63554,2.15978,14.9389,1.33420,1.18786,582.925,3932.187405480612
80146-01-01-00,XTE_J1746-319,1.63554,2.08080,12.4132,1.14164,1.22278,528.283,3971.5600530056618
80146-01-02-00,XTE_J1746-319,1.63554,2.14032,13.3751,1.28890,1.19449,571.746,3921.3871064467767
80146-01-03-00,XTE_J1746-319,1.63554,2.05799,12.3934,1.07839,1.23739,502.486,3994.7951749671565
80146-01-03-01,XTE_J1746-319,1.63554,2.13545,13.1647,1.27406,1.19653,566.896,3912.8227388951655
80146-01-11-00,XTE_J1746-319,1.63554,2.14707,13.6555,1.29840,1.19274,572.337,3893.9187588820464
80146-01-12-00,XTE_J1746-319,1.63554,2.19570,18.3022,1.40495,1.17805,592.537,3861.5130609116104
80146-01-15-00,XTE_J1746-319,1.63554,2.08103,12.3596,1.13203,1.22438,522.391,3917.4051673517324
80146-01-16-00,XTE_J1746-319,1.63554,2.12926,12.9721,1.24845,1.20102,558.842,3870.9104730717504
80146-01-26-00,XTE_J1746-319,1.63554,2.14060,13.1397,1.27652,1.19586,567.494,3845.140344747263
80146-01-27-00,XTE_J1746-319,1.63554,2.12002,12.4514,1.22522,1.20468,554.733,3837.6413617119993
80146-01-29-00,XTE_J1746-319,1.63554,2.13630,13.3728,1.25959,1.19959,561.190,3818.9245697123715
80146-01-30-00,XTE_J1746-319,1.63554,2.09385,12.4029,1.15645,1.21857,530.932,3844.062697727926
80146-01-31-00,XTE_J1746-319,1.63554,2.04892,12.5852,1.03291,1.24971,479.756,3902.1476856095323
80146-01-32-00,XTE_J1746-319,1.63554,2.13563,13.2224,1.25626,1.19951,558.866,3800.5500085582244
80146-01-33-00,XTE_J1746-319,1.63554,2.15193,13.1042,1.30156,1.19056,573.834,3773.7475849528355
80146-01-33-01,XTE_J1746-319,1.63554,2.13932,13.1671,1.26629,1.19737,562.068,3771.1619220103007
80146-01-34-00,XTE_J1746-319,1.63554,2.13530,12.8449,1.25766,1.19834,559.452,3771.1922209695604
80146-01-35-00,XTE_J1746-319,1.63554,2.17938,15.8564,1.35769,1.18301,580.653,3746.0698444781315
80146-01-36-00,XTE_J1746-319,1.63554,2.12513,12.8195,1.23009,1.20347,548.366,3773.736718487865
80146-01-37-00,XTE_J1746-319,1.63554,2.10728,12.3867,1.18763,1.21102,535.480,3784.7802595666462
80146-01-38-00,XTE_J1746-319,1.63554,2.06106,12.2225,1.07010,1.23695,493.962,3828.887039502885
80146-01-39-00,XTE_J1746-319,1.63554,2.04064,12.5675,1.00602,1.25665,460.683,3872.5205857971814
80146-01-40-00,XTE_J1746-319,1.63554,2.12403,12.4347,1.22877,1.20201,545.078,3773.622701750523
80146-01-41-00,XTE_J1746-319,1.63554,2.15097,12.3319,1.30109,1.18775,566.760,3752.8990513790645
80146-01-42-00,XTE_J1746-319,1.63554,2.15509,13.3036,1.30325,1.18852,562.639,3754.743281625519
80146-01-43-00,XTE_J1746-319,1.63554,2.06807,10.0000,1.15970,1.19873,563.103,3748.303498558137
80146-01-43-01,XTE_J1746-319,1.63554,2.11672,12.4529,1.20658,1.20593,534.676,3762.028726287263
80146-01-44-00,XTE_J1746-319,1.63554,2.09407,12.0688,1.15235,1.21617,519.077,3768.684736245343
80146-01-45-00,XTE_J1746-319,1.63554,2.12291,12.5202,1.22056,1.20290,537.404,3748.686531841652
80146-01-46-00,XTE_J1746-319,1.63554,2.14059,12.4528,1.26768,1.19333,552.269,3726.306060118952
80146-01-47-00,XTE_J1746-319,1.63554,2.14808,12.9665,1.28237,1.19117,554.265,3717.5862068965516
80146-01-48-00,XTE_J1746-319,1.63554,2.19201,16.3758,1.38086,1.17648,575.437,3683.8234512097847
80146-01-49-00,XTE_J1746-319,1.63554,2.13229,12.3369,1.24223,1.19803,545.083,3693.1961220597586
80146-01-50-00,XTE_J1746-319,1.63554,2.06089,12.1279,1.06107,1.23768,484.704,3735.9956721380695
80146-01-51-00,XTE_J1746-319,1.63554,2.10143,12.1852,1.16206,1.21431,520.270,3685.1845619939004
80146-01-51-01,XTE_J1746-319,1.63554,2.09573,12.1544,1.14667,1.21726,516.049,3677.4749855937976
80146-01-52-00,XTE_J1746-319,1.63554,2.11449,12.3037,1.19057,1.20818,530.272,3649.9076200417535
80146-01-52-01,XTE_J1746-319,1.63554,2.13465,12.4326,1.23932,1.19836,545.926,3624.0179917840987
80146-01-53-00,XTE_J1746-319,1.63554,2.04491,12.4137,1.00482,1.25337,461.011,3704.168479950264
80146-01-53-01,XTE_J1746-319,1.63554,2.19513,16.3407,1.37741,1.17666,577.610,3571.9181334847467
80146-01-54-00,XTE_J1746-319,1.63554,2.13873,11.9546,1.25089,1.19483,552.982,3581.1597407940753
80146-01-55-00,XTE_J1746-319,1.63554,2.14377,12.6485,1.25557,1.19488,552.104,3570.694337688957
80146-01-56-00,XTE_J1746-319,1.63554,2.20679,17.9688,1.39345,1.17491,579.651,3535.974165220055
80146-01-58-00,XTE_J1746-319,1.63554,2.08561,12.0948,1.10899,1.22328,509.422,3589.4017398382257
80146-01-59-00,XTE_J1746-319,1.63554,2.07083,12.0985,1.07025,1.23198,496.428,3592.3357664233577
80146-01-60-00,XTE_J1746-319,1.63554,2.13755,12.5048,1.23034,1.19814,548.892,3531.633920905096
80146-01-62-00,XTE_J1746-319,1.63554,2.09882,12.1934,1.13396,1.21701,519.916,3547.2606945143434
80146-01-65-00,XTE_J1746-319,1.63554,2.12460,11.9143,1.20020,1.20243,543.536,3515.0759741236648
80146-01-66-00,XTE_J1746-319,1.63554,2.04097,12.9115,0.961249,1.26709,440.000,3624.2614431341194
80146-01-67-00,XTE_J1746-319,1.63554,2.05873,12.2083,1.02901,1.24101,483.222,3558.10536274461
80146-01-68-00,XTE_J1746-319,1.63554,2.14787,12.0252,1.25355,1.19149,561.155,3474.0006946511858
80146-01-69-00,XTE_J1746-319,1.63554,2.13944,12.8512,1.22252,1.19863,548.271,3475.642027194067
80417-01-01-00,4U_1630-47,1.63554,2.05002,12.4283,0.998729,1.25135,465.528,3546.4465904611748
90058-11-03-00,XTE_J1829-098,1.63554,2.05169,12.3379,1.00427,1.24868,469.327,3538.809839446163
90058-16-05-00,GRO_J1655-40,1.63554,2.15086,12.6623,1.25093,1.19282,554.667,3455.7713195361807
90058-16-07-00,GRO_J1655-40,1.63554,2.07875,12.0684,1.07436,1.22811,500.021,3503.006191799522
90110-02-01-00,GX_339-4,1.63554,2.14233,12.4274,1.22324,1.19617,546.100,3481.597998250899
90110-02-01-02,GX_339-4,1.63554,2.12988,11.9062,1.19368,1.20040,539.185,3490.4972643199535
90110-02-01-03,GX_339-4,1.63554,2.08364,12.0100,1.07832,1.22458,501.545,3520.4380970761363
90428-01-01-01,GRO_J1655-40,1.63554,2.07308,10.0000,1.11657,1.20019,552.020,3482.4959130685643
90428-01-01-02,GRO_J1655-40,1.63554,2.13910,12.5181,1.20063,1.19799,537.028,3514.6823191183516
90428-01-01-03,GRO_J1655-40,1.63554,2.07498,10.0000,1.11568,1.19862,551.047,3502.3397956260146
90428-01-01-04,GRO_J1655-40,1.63554,2.12573,12.1114,1.16332,1.20311,525.869,3546.3866945845625
90428-01-01-09,GRO_J1655-40,1.63554,2.14619,12.5858,1.20364,1.19457,535.066,3563.607132694679
90428-01-01-10,GRO_J1655-40,1.63554,2.12436,11.9120,1.15086,1.20292,520.874,3593.4696096039324
90704-01-01-00,GX_339-4,1.63554,1.89703,10.6366,0.727845,1.26996,494.172,3324.218757360215
90704-01-02-00,GX_339-4,1.63554,2.11717,12.2006,1.12766,1.20751,511.746,3599.0661971830987
90704-01-11-00,GX339-4,1.63554,1.91141,12.6570,0.556406,1.44244,281.083,3309.485331960885
90704-04-01-00,GRO_J1655-40,1.63554,2.23012,21.0341,1.36466,1.16971,560.048,3554.370715784565
90704-04-01-01,GRO_J1655-40,1.63554,2.08775,11.9551,1.05829,1.22077,489.810,3617.962076497653
91050-06-01-00,H_1743-322,1.63554,2.13848,11.7927,1.17894,1.19478,527.971,3577.3852424845986
91094-01-01-00,SWIFT_J1753.5-0127,1.63554,2.16339,13.4015,1.22841,1.18719,537.198,3561.6652047458565
91094-01-01-01,SWIFT_J1753.5-0127,1.63554,2.10813,11.9179,1.10461,1.20987,504.383,3584.1466893664015
91094-01-01-02,SWIFT_J1753.5-0127,1.63554,2.16694,1000.00,1.08776,1.22794,515.675,3289.7344645723456
91094-01-01-03,SWIFT_J1753.5-0127,1.63554,2.08502,10.0000,1.12622,1.18731,554.755,3534.796818576587
91094-01-01-04,SWIFT_J1753.5-0127,1.63554,2.30060,50.7108,1.48299,1.15607,614.824,3252.073898583079
91094-01-02-00,SWIFT_J1753.5-0127,1.63554,2.11701,11.7450,1.12482,1.20307,509.510,3588.9469143090687
91094-01-02-01,SWIFT_J1753.5-0127,1.63554,2.13030,12.2792,1.15174,1.19824,515.236,3578.258724482868
91094-01-02-02,SWIFT_J1753.5-0127,1.63554,1.89874,10.6366,0.725462,1.26729,486.369,3314.524701105346
91094-01-02-03,SWIFT_J1753.5-0127,1.63554,2.02712,12.4377,0.903434,1.26162,422.357,3668.3563430318836
91110-02-05-00,XTE_J1817-330,1.63554,2.03014,12.3606,0.912937,1.25714,429.918,3644.225907664724
91110-02-07-00,XTE_J1817-330,1.63554,2.23253,1000.00,0.938094,1.36257,313.688,3255.142525243499
91110-02-17-00,XTE_J1817-330,1.63554,2.24135,1000.00,0.936335,1.36871,306.382,3252.1385944597846
91110-02-18-00,XTE_J1817-330,1.63554,2.18123,1000.00,0.915829,1.33430,353.919,3226.677173044482
91110-02-24-00,XTE_J1817-330,1.63554,2.24710,1000.00,0.922330,1.37901,295.758,3248.613151606337
91110-02-25-00,XTE_J1817-330,1.63554,2.23740,1000.00,0.925776,1.36876,307.049,3235.4380238200265
91110-02-29-00,XTE_J1817-330,1.63554,2.18434,1000.00,0.908926,1.33847,348.139,3212.814492371279
91110-02-30-00,XTE_J1817-330,1.63554,2.06698,10.0000,1.06633,1.19320,542.281,3488.791584483892
91110-02-31-00,XTE_J1817-330,1.63554,2.12952,11.9865,1.14502,1.19211,528.779,3490.3796915279418
91404-01-01-00,GRO_J1655-40,1.63554,2.03558,12.3542,0.918255,1.24863,442.286,3578.097042554118
91404-01-01-01,GRO_J1655-40,1.63554,2.13499,12.6931,1.14876,1.19163,526.463,3492.8835048413007
91404-01-01-02,GRO_J1655-40,1.63554,2.15054,13.8976,1.17425,1.18715,529.770,3503.28095918279
91404-01-01-03,GRO_J1655-40,1.63554,2.14647,13.3441,1.16610,1.18761,528.793,3504.367637540453
91404-01-01-04,GRO_J1655-40,1.63554,1.91515,10.6366,0.742267,1.25395,501.763,3253.7147281486577
91404-01-01-05,GRO_J1655-40,1.63554,1.92128,10.6411,0.753179,1.25062,506.090,3247.9103773584907
91423-01-01-00,SWIFT_J1753.5-0127,1.63554,2.13920,13.4476,1.14499,1.19113,520.650,3504.393382352941
91423-01-01-04,SWIFT_J1753.5-0127,1.63554,1.93708,10.7946,0.777745,1.24534,510.384,3244.995311967269
91423-01-02-00,SWIFT_J1753.5-0127,1.63554,1.92529,10.6942,0.758750,1.24894,505.696,3242.636811692726
91423-01-02-05,SWIFT_J1753.5-0127,1.63554,2.27304,1000.00,0.947118,1.37169,291.915,3234.5213486953576
91423-01-02-06,SWIFT_J1753.5-0127,1.63554,2.16396,1000.00,1.06742,1.21760,519.156,3233.738597972973
91423-01-03-00,SWIFT_J1753.5-0127,1.63554,2.08120,12.1419,1.01934,1.21501,483.023,3523.905355338498
91423-01-03-02,SWIFT_J1753.5-0127,1.63554,2.12049,12.9040,1.10229,1.19745,507.007,3499.3779382135663
91423-01-03-03,SWIFT_J1753.5-0127,1.63554,2.10030,12.0012,1.06275,1.20407,497.835,3505.161951791095
91423-01-03-04,SWIFT_J1753.5-0127,1.63554,2.07017,12.0771,0.994036,1.21975,473.863,3528.33534982686
91423-01-03-05,SWIFT_J1753.5-0127,1.63554,1.92820,13.7297,0.589215,1.39664,306.030,3223.959901834366
91423-01-03-06,SWIFT_J1753.5-0127,1.63554,1.90090,10.6367,0.713362,1.25861,485.945,3245.6819972628873
91423-01-03-07,SWIFT_J1753.5-0127,1.63554,2.12956,13.5444,1.11570,1.19300,507.484,3503.806078147612
91423-01-04-00,SWIFT_J1753.5-0127,1.63554,2.12172,12.8229,1.10177,1.19468,505.310,3501.4824586717236
91423-01-04-01,SWIFT_J1753.5-0127,1.63554,2.11867,13.0899,1.09210,1.19699,500.838,3501.1961034156766
91423-01-04-02,SWIFT_J1753.5-0127,1.63554,2.24226,1000.00,0.945002,1.34541,316.063,3213.9457399286916
91423-01-04-03,SWIFT_J1753.5-0127,1.63554,2.12273,13.0423,1.10094,1.19440,503.666,3490.519347852736
91423-01-04-04,SWIFT_J1753.5-0127,1.63554,2.07551,12.2310,0.999741,1.21597,472.930,3512.479119983703
91423-01-04-05,SWIFT_J1753.5-0127,1.63554,2.27933,57.4502,1.39343,1.15276,592.424,3223.1417313238817
91423-01-04-06,SWIFT_J1753.5-0127,1.63554,2.10269,12.1994,1.05906,1.20135,492.576,3490.9421199724575
91423-01-05-01,SWIFT_J1753.5-0127,1.63554,2.22899,26.1959,1.30427,1.16212,540.581,3452.314123016033
91423-01-05-02,SWIFT_J1753.5-0127,1.63554,1.90254,10.0000,0.713383,1.25431,485.844,3229.153142995208
91423-01-06-00,SWIFT_J1753.5-0127,1.63554,2.16953,17.6268,1.18225,1.17954,516.816,3474.2082229181724
91428-01-02-01,H_1743-322,1.63554,2.27266,65.1020,1.35487,1.15672,595.463,3165.038834174073
91428-01-03-00,H_1743-322,1.63554,1.92163,10.7306,0.741483,1.24664,491.918,3238.74251497006
91702-01-01-00,GRO_J1655-40,1.63554,2.20958,1000.00,0.905505,1.33987,321.608,3211.229997611655
91702-01-01-01,GRO_J1655-40,1.63554,2.24571,1000.00,0.931158,1.34930,305.129,3219.4562197348573
91702-01-01-02,GRO_J1655-40,1.63554,2.24349,30.9828,1.31828,1.15792,538.333,3457.9752246012586
91702-01-01-03,GRO_J1655-40,1.63554,1.93728,10.7631,0.768872,1.23714,502.936,3230.271912861597
91702-01-01-04,GRO_J1655-40,1.63554,2.26826,56.6820,1.34057,1.15688,589.150,3165.5515328007555
91702-01-01-05,GRO_J1655-40,1.63554,2.27586,93.7252,1.34707,1.15598,590.450,3161.8737982184202
91702-01-02-00G,GRO_J1655-40,1.63554,2.24355,1000.00,0.918134,1.35532,297.861,3201.4189004108785
91702-01-58-00,GRO_J1655-40,1.63554,2.11241,12.6248,1.08944,1.20304,482.038,3344.681780934171
91702-01-71-03,GRO_J1655-40,1.63554,2.17774,17.6581,1.21959,1.18066,509.368,3317.1563095840306
91702-01-71-04,GRO_J1655-40,1.63554,1.89274,10.6366,0.706493,1.26389,470.085,3081.9541344922586
91702-01-76-00,GRO_J1655-40,1.63554,1.90338,10.0000,0.720282,1.26059,472.330,3084.1218124830707
91702-01-76-01,GRO_J1655-40,1.63554,2.16632,1000.00,1.07490,1.21701,500.984,3070.138529808991
91702-01-79-00,GRO_J1655-40,1.63554,2.16118,1000.00,1.06100,1.21973,496.148,3074.9005271866704
91702-01-79-01,GRO_J1655-40,1.63554,2.23291,25.5585,1.32448,1.16350,526.251,3297.980352277524
91702-01-80-00,GRO_J1655-40,1.63554,1.92338,10.7260,0.750252,1.25173,479.773,3089.412575102369
91702-01-80-01,GRO_J1655-40,1.63554,2.17675,1000.00,0.906066,1.32352,343.343,3060.2976758386444
91702-01-80-02,GRO_J1655-40,1.63554,1.90013,11.2181,0.565447,1.39974,295.765,3075.0041863297306
91702-01-81-00,GRO_J1655-40,1.63554,2.28195,67.6879,1.38251,1.15670,581.327,3027.607408531957
91702-01-81-01,GRO_J1655-40,1.63554,1.92020,10.7334,0.739501,1.25369,473.567,3095.9765329295988
91702-01-81-02,GRO_J1655-40,1.63554,2.13833,13.5436,1.12589,1.19158,487.331,3338.184735014344
91702-01-82-00,GRO_J1655-40,1.63554,2.11874,12.7767,1.08319,1.19970,475.948,3346.31945490137
91702-01-87-03,GRO_J1655-40,1.63554,2.04694,12.1444,0.926576,1.23710,425.952,3391.5159933924015
91704-01-01-01,GRO_J1655-40,1.63554,2.12363,12.9059,1.08674,1.19751,475.605,3365.0561629474314
92035-01-02-01,GX_339-4,1.63554,2.20043,20.7905,1.23426,1.17329,503.023,3339.3469006721434
92035-01-02-02,GX_339-4,1.63554,2.17823,1000.00,1.08719,1.20684,503.517,3097.5342618799345
92035-01-02-03,GX_339-4,1.63554,2.13566,13.8007,1.11120,1.19272,480.013,3345.1218243945923
92035-01-02-04,GX_339-4,1.63554,1.92889,10.8326,0.748858,1.24947,471.479,3102.5585271892132
92035-01-02-06,GX_339-4,1.63554,2.24734,32.0261,1.32933,1.15891,516.224,3313.0053938229644
92035-01-02-07,GX_339-4,1.63554,2.20946,22.2890,1.26806,1.16415,515.138,3308.30729550479
92035-01-03-00,GX_339-4,1.63554,1.92849,10.8258,0.750716,1.24846,471.112,3091.757312950169
92035-01-03-01,GX_339-4,1.63554,1.92117,13.8527,0.572645,1.40424,283.433,3068.71609734643
92035-01-03-02,GX_339-4,1.63554,2.17427,18.7337,1.18416,1.18087,488.565,3312.1549203099867
92035-01-03-03,GX_339-4,1.63554,2.21686,25.0147,1.26822,1.16758,503.444,3295.5764182587136
92035-01-03-05,GX_339-4,1.63554,1.88579,11.6050,0.545954,1.40141,288.847,3050.6992727272727
92035-01-04-00,GX_339-4,1.63554,1.87130,10.0000,0.653149,1.27557,437.767,3068.5800812418397
92082-01-02-03,XTE_J1817-330,1.63554,2.27518,94.3167,1.35148,1.15706,568.527,2994.9725075965853
92082-01-02-04,XTE_J1817-330,1.63554,2.21236,24.1720,1.25700,1.16839,503.041,3269.625487083273
92085-01-03-00,GX_339-4,1.63554,1.91471,14.3497,0.567703,1.39975,287.935,3026.917734273787
92085-01-03-01,GX_339-4,1.63554,2.22945,1000.00,0.937556,1.33498,311.471,3013.586862885858
92085-01-03-02,GX_339-4,1.63554,2.19444,21.2249,1.21973,1.17310,498.178,3256.6074752971504
92085-01-03-03,GX_339-4,1.63554,2.25060,34.3159,1.33222,1.15577,518.425,3237.6421225539207
92428-01-04-00,GX_339-4,1.63554,1.92500,10.7510,0.744165,1.24626,473.769,3025.0527140618324
92428-01-04-01,GX_339-4,1.63554,1.99507,663.610,0.618873,1.41184,270.325,3011.5823504334235
92428-01-04-02,GX_339-4,1.63554,2.26449,46.5275,1.33816,1.15791,560.247,2973.7746279234584
92428-01-04-03,GX_339-4,1.63554,2.00081,386.446,0.636666,1.39373,287.213,2981.249823271596
92704-03-10-11,GX_339-4,1.63554,2.27156,76.9861,1.33719,1.15675,569.708,2941.4000141023835
92704-03-11-01,GX_339-4,1.63554,2.12171,13.2745,1.07939,1.19505,472.398,3233.5437473624984
92704-03-12-01,GX_339-4,1.63554,2.19274,20.8722,1.21370,1.17256,497.932,3211.623403956784
93427-01-03-01,H_1743-322,1.63554,2.19005,1000.00,0.914953,1.31546,338.071,2960.931770468859
93427-01-04-00,H_1743-322,1.63554,1.89555,10.6366,0.689261,1.26022,453.137,3006.831285774117
93427-01-04-02,H_1743-322,1.63554,2.12725,13.5139,1.08338,1.19286,471.805,3237.164740286868
93427-01-04-03,H_1743-322,1.63554,1.90465,12.3247,0.558234,1.39397,289.984,2989.015835532713
93427-01-09-00,H_1743-322,1.63554,2.25013,33.6732,1.31562,1.15589,511.925,3207.3247194124983
93427-01-09-01,H_1743-322,1.63554,1.96345,32.3778,0.592065,1.40136,279.802,2981.2671043538357
93427-01-09-02,H_1743-322,1.63554,2.26612,95.6859,1.30746,1.15837,563.134,2934.2210119950364
93427-01-09-03,H_1743-322,1.63554,1.90927,12.5380,0.561138,1.39374,288.802,2974.447118690689
93427-01-10-00,H_1743-322,1.63554,1.93183,10.8371,0.744320,1.24422,468.830,2989.0224996570173
93427-01-10-01,H_1743-322,1.63554,2.27155,88.3503,1.32022,1.15709,561.040,2923.634186396606
93427-01-10-02,H_1743-322,1.63554,1.92569,10.6850,0.737148,1.24405,469.989,2979.019795221843
93427-01-11-00,H_1743-322,1.63554,2.05285,12.5464,0.964374,1.19312,534.549,2963.3868990875662
93427-01-11-01,H_1743-322,1.63554,1.92324,10.6669,0.731783,1.24520,467.519,2975.1864556446135
93427-01-11-03,H_1743-322,1.63554,1.97019,40.3449,0.595603,1.39962,279.407,2950.758910421466
93427-01-12-02,H_1743-322,1.63554,1.85694,10.0000,0.616051,1.28261,420.682,2975.9132080573204
93427-01-12-04,H_1743-322,1.63554,1.94084,18.8765,0.584355,1.38928,289.676,2942.5819285232637
93427-01-12-05,H_1743-322,1.63554,2.07064,12.0553,0.959676,1.21774,435.409,3208.5117045607426
93427-01-13-00,H_1743-322,1.63554,1.98081,45.7917,0.610466,1.39161,284.727,2933.9545027513086
93427-01-13-01,H_1743-322,1.63554,2.16237,1000.00,1.03254,1.21144,481.494,2945.909090909091
93427-01-13-02,H_1743-322,1.63554,2.26020,31.0393,1.32520,1.15751,531.146,2966.5777347402163
93427-01-13-03,H_1743-322,1.63554,2.23687,1000.00,0.926028,1.33403,303.414,2922.076282478348
93427-01-13-04,H_1743-322,1.63554,2.05860,11.9581,0.931845,1.22375,426.152,3198.092516283398
93427-01-13-05,H_1743-322,1.63554,1.91435,10.0000,0.713481,1.24779,461.743,2939.7351147062723
93427-01-13-06,H_1743-322,1.63554,1.92102,20.4224,0.540087,1.41604,266.931,2925.564889535653
93427-01-14-00,H_1743-322,1.63554,2.00206,38.7737,0.651036,1.36673,303.618,2909.136861554705
93427-01-14-01,H_1743-322,1.63554,2.09399,12.3460,1.00014,1.20661,445.834,3168.422317314022
93427-01-14-02,H_1743-322,1.63554,1.89805,10.6366,0.681374,1.25816,446.147,2935.7756469197425
93427-01-14-03,H_1743-322,1.63554,1.93350,10.7806,0.741012,1.24091,467.361,2925.4327742104574
93427-01-14-04,H_1743-322,1.63554,2.15737,16.9354,1.11653,1.18410,470.925,3138.8658648189307
93427-01-14-05,H_1743-322,1.63554,2.03276,11.9624,0.918518,1.19842,521.403,2909.6667536194077
93427-01-14-06,H_1743-322,1.63554,1.94207,11.0945,0.604717,1.37364,296.926,2896.3793103448274
93427-01-15-00,H_1743-322,1.63554,2.26593,54.1127,1.29701,1.15876,545.105,2860.8305205763986
93427-01-15-01,H_1743-322,1.63554,1.93451,10.8146,0.738907,1.24131,464.568,2911.3372620126925
93427-01-15-02,H_1743-322,1.63554,1.88884,10.6366,0.663627,1.26215,439.278,2915.6871042770385
93427-01-15-03,H_1743-322,1.63554,1.89965,11.5840,0.549286,1.38785,289.007,2885.6481242748487
93427-01-15-04,H_1743-322,1.63554,2.13847,14.9235,1.07646,1.19002,461.723,3120.8630225080387
93427-01-15-05,H_1743-322,1.63554,1.90310,10.0000,0.686217,1.25420,448.672,2899.319260875144
93427-01-15-06,H_1743-322,1.63554,2.26508,102.524,1.27677,1.15952,546.961,2839.4139674817566
94331-01-06-00,XTE_J1752-223,1.63554,2.26779,103.026,1.28263,1.15842,548.092,2835.399156980457
94331-01-06-01,XTE_J1752-223,1.63554,1.92986,10.6671,0.731665,1.24074,464.065,2888.60010194979
94331-01-06-02,XTE_J1752-223,1.63554,1.89128,10.6366,0.668641,1.25741,444.130,2892.6589319771138
94413-01-02-00,H_1743-322,1.63554,1.87926,10.6366,0.647722,1.26443,434.818,2893.1234935938096
94413-01-02-01,H_1743-322,1.63554,2.27722,76.3356,1.30496,1.15563,546.371,2826.00493608404
94413-01-02-02,H_1743-322,1.63554,2.26709,106.722,1.27720,1.15843,546.118,2821.628993559793
94413-01-02-03,H_1743-322,1.63554,1.99089,34.7216,0.626899,1.37345,293.559,2852.027844273655
94413-01-02-04,H_1743-322,1.63554,1.94215,11.0273,0.596512,1.37677,290.038,2857.5028284098053
94413-01-02-05,H_1743-322,1.63554,2.26516,86.2248,1.26997,1.15870,543.754,2821.1441740875453
94413-01-03-02,H_1743-322,1.63554,2.00355,42.1141,0.643539,1.36577,298.740,2845.315354774121
94413-01-03-03,H_1743-322,1.63554,1.94819,10.6366,0.763668,1.22856,477.274,2863.7985391434636
94413-01-07-00,H_1743-322,1.63554,1.94018,10.8094,0.743658,1.23645,465.153,2861.977700261617
94413-01-07-01,H_1743-322,1.63554,1.89257,10.6366,0.667171,1.25643,441.894,2863.699813548788
94413-01-07-02,H_1743-322,1.63554,2.26103,71.8260,1.26310,1.15972,539.685,2802.3158253751703
95105-01-11-00,SWIFT_J1753.5-0127,1.63554,1.86166,10.0000,0.610357,1.27790,414.416,2860.668543497092
95108-01-02-00,MAXI_J1659-152,1.63554,1.92706,10.7091,0.720408,1.24208,457.248,2850.033028768984
95108-01-03-00,MAXI_J1659-152,1.63554,2.12775,1000.00,0.816850,1.31326,336.046,2812.4045213748923
95108-01-04-00,MAXI_J1659-152,1.63554,2.22607,28.1914,1.22524,1.16297,483.509,3036.3524892440073
95108-01-05-00,MAXI_J1659-152,1.63554,2.21349,25.3184,1.20102,1.16679,479.179,3033.337728443518
95108-01-06-00,MAXI_J1659-152,1.63554,1.93308,10.8527,0.724747,1.24265,453.597,2838.310794272427
95108-01-07-00,MAXI_J1659-152,1.63554,1.84956,10.0000,0.588678,1.28587,403.286,2843.117902063744
95108-01-08-00,MAXI_J1659-152,1.63554,1.93148,10.7935,0.723064,1.24158,454.827,2834.856524917753
95108-01-09-00,MAXI_J1659-152,1.63554,1.95439,10.9517,0.761790,1.23100,467.668,2827.8531914893615
95108-01-10-00,MAXI_J1659-152,1.63554,1.95260,10.7589,0.763784,1.22805,473.115,2821.523110518015
95108-01-11-00,MAXI_J1659-152,1.63554,2.26698,79.7641,1.26934,1.15769,537.383,2768.5782592906426
95108-01-12-00,MAXI_J1659-152,1.63554,1.95009,10.8423,0.756239,1.23110,467.965,2814.07718323469
95108-01-13-00,MAXI_J1659-152,1.63554,1.91698,10.6826,0.699138,1.24723,447.571,2815.2603350608656
95108-01-14-00,MAXI_J1659-152,1.63554,1.87088,10.6366,0.625926,1.26901,422.226,2817.8409500901985
95108-01-15-00,MAXI_J1659-152,1.63554,2.01182,11.8951,0.816226,1.24954,381.766,3066.878675147006
95108-01-16-00,MAXI_J1659-152,1.63554,2.00351,39.6104,0.638361,1.36484,296.007,2775.836726140582
95108-01-17-00,MAXI_J1659-152,1.63554,2.14462,1000.00,0.836184,1.30793,336.467,2763.068466961405
95108-01-18-01,MAXI_J1659-152,1.63554,2.01085,11.3059,0.867222,1.20154,506.211,2783.2043638965065
95108-01-20-00,MAXI_J1659-152,1.63554,1.86451,10.0000,0.609807,1.27626,412.033,2796.03242117787
95108-01-21-00,MAXI_J1659-152,1.63554,2.24363,1000.00,0.916788,1.32712,297.844,2762.00284934109
95108-01-22-00,MAXI_J1659-152,1.63554,1.92448,15.4307,0.564958,1.37603,291.581,2760.091517592702
95108-01-23-00,MAXI_J1659-152,1.63554,1.89287,10.0000,0.655867,1.25970,430.600,2783.9948575481735
95108-01-24-00,MAXI_J1659-152,1.63554,1.88861,10.6366,0.651432,1.25942,431.432,2784.8690574495695
95108-01-25-00,MAXI_J1659-152,1.63554,1.88695,10.6366,0.647562,1.26115,428.781,2781.8622719246614
95108-01-26-00,MAXI_J1659-152,1.63554,1.95363,10.9706,0.753762,1.23154,462.646,2774.3236814284037
95108-01-27-00,MAXI_J1659-152,1.63554,2.08968,11.9991,0.965319,1.20579,431.438,2988.553510725589
95108-01-28-00,MAXI_J1659-152,1.63554,1.86542,10.0000,0.607787,1.27522,410.654,2779.9154871914843
95108-01-30-00,MAXI_J1659-152,1.63554,2.08064,11.7528,0.947183,1.20933,426.643,2987.8603945371774
95118-01-01-00,MAXI_J1659-152,1.63554,2.26432,98.1669,1.24613,1.15742,535.194,2716.5582411182295
95118-01-01-01,MAXI_J1659-152,1.63554,2.27067,105.589,1.25857,1.15567,536.222,2714.021562245728
95118-01-02-00,MAXI_J1659-152,1.63554,1.94691,10.8983,0.739440,1.23356,458.165,2766.162858137107
95118-01-07-00,MAXI_J1659-152,1.63554,1.86025,10.0000,0.597939,1.27710,407.149,2771.85380252344
95118-01-09-00,MAXI_J1659-152,1.63554,2.26386,80.7088,1.24370,1.15729,532.840,2709.937333949405
95118-01-10-00,MAXI_J1659-152,1.63554,1.91823,10.0000,0.694488,1.24386,446.527,2755.9406340057635
95118-01-12-00,MAXI_J1659-152,1.63554,2.26172,63.3721,1.24518,1.15748,530.240,2702.602381226274
95118-01-16-01,MAXI_J1659-152,1.63554,1.92454,10.7603,0.700623,1.24400,444.543,2750.4026518195387
95118-01-17-00,MAXI_J1659-152,1.63554,1.94632,10.6839,0.742279,1.22930,464.192,2744.314068049032
95118-01-17-01,MAXI_J1659-152,1.63554,2.01562,939.616,0.628383,1.37404,282.608,2722.876700583057
95118-01-18-00,MAXI_J1659-152,1.63554,1.87116,10.0000,0.613056,1.27102,412.651,2746.0453508271535
95118-01-19-00,MAXI_J1659-152,1.63554,2.17184,1000.00,1.01183,1.20270,468.776,2736.009336217693
95118-01-20-00,MAXI_J1659-152,1.63554,1.96187,10.9471,0.763295,1.22479,467.254,2733.800420406772
95118-01-21-00,MAXI_J1659-152,1.63554,1.88886,10.6366,0.644430,1.25788,427.880,2739.6484862229277
95358-01-02-00,MAXI_J1659-152,1.63554,1.88278,10.6366,0.634350,1.26011,423.669,2752.144675794953
95358-01-02-01,MAXI_J1659-152,1.63554,1.95522,10.9810,0.746523,1.23001,456.821,2742.0285149632978
95358-01-02-02,MAXI_J1659-152,1.63554,1.95965,10.9672,0.755854,1.22653,461.669,2736.7561704045984
95358-01-03-00,MAXI_J1659-152,1.63554,1.93838,10.8736,0.716891,1.23822,445.784,2741.0100101225958
95358-01-03-01,MAXI_J1659-152,1.63554,2.12000,1000.00,0.820248,1.28663,357.753,2699.5717813447077
95360-01-01-00,XTE_J1752-223,1.63554,1.94142,10.7703,0.725551,1.23330,452.883,2733.4460064971436
95360-01-01-02,XTE_J1752-223,1.63554,1.95047,10.8716,0.738973,1.22944,457.105,2732.3736724427054
95360-01-11-00,XTE_J1752-223,1.63554,2.14925,1000.00,0.816826,1.31062,323.073,2703.827122615196
95360-14-01-00,H_1743-322,1.63554,1.91389,10.7031,0.675695,1.24802,433.065,2737.3471773744573
95360-14-02-00,H_1743-322,1.63554,1.93740,10.7674,0.715692,1.23473,449.027,2735.510056672964
95360-14-02-01,H_1743-322,1.63554,1.94623,10.6366,0.735237,1.22697,460.093,2728.4102251303093
95360-14-02-02,H_1743-322,1.63554,2.25919,61.9801,1.22373,1.15718,521.006,2679.425567238517
95360-14-02-03,H_1743-322,1.63554,2.04146,11.7321,0.854681,1.22814,394.770,2949.1660223130452
95360-14-03-00,H_1743-322,1.63554,2.26342,70.5345,1.22859,1.15642,520.687,2675.807794069011
95360-14-03-01,H_1743-322,1.63554,1.95771,10.9812,0.745567,1.22740,455.666,2717.895808119705
95360-14-04-00,H_1743-322,1.63554,1.89619,10.0000,0.645919,1.25556,422.903,2719.4476776106294
95360-14-23-01,H_1743-322,1.63554,1.95524,10.8915,0.743083,1.22676,456.903,2710.867397260274
95360-14-24-00,H_1743-322,1.63554,2.26837,109.343,1.23196,1.15488,523.586,2661.0617412227934
95368-01-01-00,H1743-322,1.63554,1.93512,10.8165,0.706393,1.23765,442.014,2712.189444383801
95405-01-01-01,H_1743-322,1.63554,1.87948,10.6366,0.621015,1.26205,414.852,2714.6421178777646
95405-01-02-00,H_1743-322,1.63554,1.93066,10.6624,0.703315,1.23585,445.636,2704.3307600304447
95405-01-02-02,H_1743-322,1.63554,1.93721,10.7580,0.711773,1.23437,446.460,2700.836679327184
95405-01-02-04,H_1743-322,1.63554,2.07895,11.8322,0.921792,1.20875,414.947,2901.6191920285933
95405-01-02-05,H_1743-322,1.63554,1.93524,10.7775,0.706689,1.23623,443.366,2695.1351205275105
95405-01-02-06,H_1743-322,1.63554,1.87032,10.0000,0.601140,1.27039,403.647,2697.321717553134
95405-01-03-00,H_1743-322,1.63554,1.94310,10.7069,0.722265,1.23014,451.425,2686.4178421449337
95405-01-03-01,H_1743-322,1.63554,1.93558,10.7378,0.707428,1.23470,444.836,2688.7694787748524
95405-01-03-02,H_1743-322,1.63554,1.85678,10.0000,0.578277,1.27899,392.874,2693.532124852515
95405-01-03-04,H_1743-322,1.63554,1.91026,10.0000,0.665614,1.24684,430.015,2684.543946044321
95405-01-04-01,H_1743-322,1.63554,1.93300,10.0000,0.705085,1.23362,446.098,2680.013890372903
95409-01-13-01,GX_339-4,1.63554,1.95122,10.9121,0.729407,1.22939,449.188,2676.874266823078
95409-01-13-02,GX_339-4,1.63554,1.88686,10.6366,0.628590,1.25842,415.711,2682.1367748802554
95409-01-13-03,GX_339-4,1.63554,1.87737,10.6366,0.614747,1.26255,411.083,2679.958567937958
95409-01-13-04,GX_339-4,1.63554,2.26139,85.9304,1.20747,1.15677,516.479,2621.958434948574
95409-01-13-05,GX_339-4,1.63554,1.95067,10.7891,0.733258,1.22610,453.627,2662.429886760504
95409-01-13-06,GX_339-4,1.63554,1.92501,16.4158,0.544311,1.37730,277.733,2640.968627865216
95409-01-14-01,GX_339-4,1.63554,1.89856,10.0000,0.648064,1.25112,423.966,2657.735898787559
95409-01-14-02,GX_339-4,1.63554,1.91863,10.6804,0.679136,1.24255,432.647,2655.640324108176
95409-01-14-03,GX_339-4,1.63554,2.25715,87.5690,1.20253,1.15766,513.411,2603.4426530826595
95409-01-14-04,GX_339-4,1.63554,1.86872,10.6366,0.601729,1.26718,404.512,2654.46325610651
95409-01-14-05,GX_339-4,1.63554,1.94990,10.8572,0.730727,1.22739,450.605,2638.754316208015
95409-01-14-06,GX_339-4,1.63554,2.27193,1000.00,0.907368,1.33299,273.003,2619.9138381201046
95409-01-14-07,GX_339-4,1.63554,2.26038,73.5320,1.21254,1.15613,513.366,2588.5815177733766
95409-01-15-00,GX_339-4,1.63554,2.26358,80.3153,1.21588,1.15586,513.469,2584.157735927583
95409-01-15-01,GX_339-4,1.63554,1.93264,10.6509,0.704062,1.23364,443.372,2624.6598816076435
95409-01-15-02,GX_339-4,1.63554,1.87493,10.0000,0.607879,1.26580,405.345,2625.352441173422
95409-01-15-06,GX_339-4,1.63554,2.25669,55.2621,1.20937,1.15683,509.323,2579.349456802897
95409-01-16-05,GX_339-4,1.63554,1.92101,10.6474,0.683035,1.23922,436.678,2616.559950428586
95409-01-17-00,GX_339-4,1.63554,1.89221,10.0000,0.637169,1.25333,420.265,2613.9856715802493
95409-01-17-02,GX_339-4,1.63554,2.25763,111.166,1.19630,1.15632,517.510,2560.8768906266077
95409-01-17-05,GX_339-4,1.63554,1.93353,10.7955,0.699651,1.23542,440.000,2604.914244633871
95409-01-17-06,GX_339-4,1.63554,2.25849,81.5364,1.20016,1.15588,516.441,2555.3088159917993
95409-01-18-00,GX_339-4,1.63554,2.25608,76.4144,1.19779,1.15605,515.899,2552.420699887445
95409-01-18-05,GX_339-4,1.63554,1.86700,10.0000,0.592619,1.26989,400.384,2599.2390971300174
95409-01-19-00,GX_339-4,1.63554,2.23325,31.1532,1.19056,1.15375,470.843,2750.0484249158935
96371-02-01-00,MAXI_J1543-564,1.63554,1.94569,10.6366,0.724675,1.22477,454.821,2582.9602116617484
96371-02-01-01,MAXI_J1543-564,1.63554,2.25923,81.3304,1.20155,1.15565,514.956,2539.121381411884
96371-02-01-02,MAXI_J1543-564,1.63554,1.93533,10.8135,0.699361,1.23444,439.723,2587.9803305282367
96371-02-02-00,MAXI_J1543-564,1.63554,1.93970,10.6725,0.710679,1.22889,447.789,2583.139358364538
96371-02-02-01,MAXI_J1543-564,1.63554,1.92598,10.6366,0.688426,1.23477,440.745,2582.796242044651
96409-01-04-04,GX_339-4,1.63554,2.25664,55.9176,1.19926,1.15557,505.099,2563.360895432086
96409-01-05-02,GX_339-4,1.63554,1.90860,10.0000,0.656866,1.24551,426.638,2579.313034725717
