filename,class
1050360103_0.png,1
1050360103_0.png,1
1050360103_1.png,1
1050360103_2.png,1
1050360104_0.png,1
1050360104_10.png,1
1050360104_11.png,1
1050360104_12.png,1
1050360104_13.png,1
1050360104_14.png,1
1050360104_1.png,1
1050360104_4.png,1
1050360104_5.png,1
1050360104_6.png,1
1050360104_7.png,1
1050360104_8.png,1
1050360104_9.png,1
1050360105_0.png,1
1050360105_13.png,1
1050360105_14.png,1
1050360105_15.png,1
1050360105_16.png,1
1050360105_17.png,1
1050360105_18.png,1
1050360105_19.png,1
1050360105_1.png,1
1050360105_20.png,1
1050360105_21.png,1
1050360105_22.png,1
1050360105_23.png,1
1050360105_24.png,1
1050360105_25.png,1
1050360105_26.png,1
1050360105_27.png,1
1050360105_28.png,1
1050360105_29.png,1
1050360105_2.png,1
1050360105_3.png,1
1050360105_4.png,1
1050360106_0.png,1
1050360106_1.png,1
1050360106_2.png,1
1050360106_3.png,1
1050360106_4.png,1
1050360106_5.png,1
1050360106_6.png,1
1050360106_7.png,1
1050360106_8.png,1
1050360106_9.png,1
1050360107_0.png,1
1050360107_1.png,1
1050360108_0.png,1
1050360108_1.png,1
1050360108_3.png,1
1050360108_4.png,1
1050360108_5.png,1
1050360108_6.png,1
1050360108_7.png,1
1050360108_8.png,1
1050360108_9.png,1
1050360109_0.png,1
1050360109_10.png,1
1050360109_1.png,1
1050360109_2.png,1
1050360109_3.png,1
1050360109_4.png,1
1050360109_5.png,1
1050360109_7.png,1
1050360109_8.png,1
1050360109_9.png,1
1050360110_0.png,1
1050360110_1.png,1
1050360110_2.png,1
1050360110_3.png,1
1050360110_4.png,1
1050360110_5.png,1
1050360110_6.png,1
1050360111_0.png,1
1050360111_2.png,2
1050360111_3.png,1
1050360111_5.png,1
1050360111_6.png,1
1050360112_0.png,2
1050360112_1.png,2
1050360112_2.png,2
1050360112_3.png,1
1050360113_0.png,1
1050360113_1.png,1
1050360113_2.png,1
1050360113_3.png,1
1050360113_4.png,1
1050360113_5.png,1
1050360113_6.png,1
1050360113_7.png,2
1050360114_0.png,1
1050360114_1.png,2
1050360114_2.png,2
1050360115_10.png,2
1050360115_12.png,2
1050360115_13.png,2
1050360115_14.png,2
1050360115_15.png,2
1050360115_16.png,2
1050360115_17.png,2
1050360115_18.png,2
1050360115_19.png,2
1050360115_20.png,2
1050360115_21.png,2
1050360115_22.png,2
1050360115_2.png,2
1050360115_3.png,2
1050360115_4.png,2
1050360115_5.png,2
1050360115_6.png,2
1050360115_7.png,2
1050360115_8.png,2
1050360115_9.png,2
1050360116_0.png,2
1050360116_1.png,2
1050360116_2.png,2
1050360116_3.png,2
1050360116_4.png,2
1050360116_6.png,2
1050360116_7.png,2
1050360116_8.png,2
1050360116_9.png,2
1050360117_0.png,2
1050360117_1.png,2
1050360117_2.png,2
1050360117_3.png,2
1050360117_4.png,2
1050360117_6.png,2
1050360117_7.png,2
1050360117_8.png,2
1050360118_0.png,1
1050360118_1.png,2
1050360118_2.png,2
1050360118_3.png,1
1050360118_4.png,2
1050360118_5.png,2
1050360119_0.png,2
1050360119_1.png,1
1050360119_2.png,2
1050360119_3.png,2
1050360119_4.png,2
1050360119_5.png,2
1050360120_0.png,2
1050360120_1.png,2
1050360120_2.png,2
1050360120_3.png,2
1050360120_4.png,2
1050360120_5.png,2
1050360120_6.png,2
1050360120_7.png,2
1130360103_0.png,2
1130360103_1.png,2
1130360103_2.png,2
1130360103_3.png,1
1130360104_0.png,1
1130360104_1.png,1
1130360105_0.png,1
1130360105_1.png,1
1130360105_2.png,1
1130360105_3.png,1
1130360106_0.png,1
1130360106_1.png,1
1130360107_0.png,1
1130360107_11.png,1
1130360107_12.png,1
1130360107_13.png,1
1130360107_14.png,1
1130360107_15.png,1
1130360107_6.png,1
1130360107_7.png,1
1130360108_1.png,1
1130360108_2.png,1
1130360109_0.png,2
1130360109_1.png,2
1130360109_2.png,2
1130360109_5.png,2
1130360110_0.png,1
1130360110_1.png,1
1130360110_2.png,2
1130360110_3.png,1
1130360110_4.png,2
1130360110_5.png,2
1130360110_6.png,2
1130360111_0.png,2
1130360111_2.png,2
1130360111_3.png,2
1130360113_0.png,1
1130360113_1.png,1
1130360130_4.png,2
1130360130_5.png,2
1130360130_6.png,2
1130360130_8.png,2
1130360130_9.png,2
1130360131_0.png,2
1130360131_1.png,2
1130360131_2.png,2
1130360131_3.png,2
1130360131_4.png,2
1130360131_5.png,2
1130360131_6.png,2
1130360131_7.png,2
1130360131_8.png,2
1130360132_0.png,2
1130360132_1.png,2
1130360132_2.png,2
1130360133_0.png,2
1130360134_0.png,2
1130360135_1.png,2
1130360137_0.png,2
1130360138_0.png,2
1130360138_1.png,2
1130360139_0.png,2
1130360140_0.png,2
1130360142_0.png,2
1130360143_0.png,2
1130360143_1.png,2
1130360144_0.png,2
1130360144_1.png,2
1130360144_2.png,2
1130360144_3.png,2
1130360144_4.png,2
1130360144_5.png,2
1130360145_0.png,2
1130360145_1.png,2
1130360145_2.png,2
1130360145_3.png,2
1130360145_4.png,2
1130360146_0.png,2
1130360146_10.png,2
1130360146_1.png,2
1130360146_2.png,2
1130360146_3.png,2
1130360146_4.png,2
1130360146_5.png,2
1130360146_6.png,2
1130360146_7.png,2
1130360146_8.png,2
1130360146_9.png,2
1130360147_0.png,2
1130360147_1.png,2
1130360147_2.png,2
1130360149_0.png,2
1130360152_0.png,2
1130360152_1.png,2
1130360153_0.png,2
1130360155_0.png,2
1130360155_1.png,2
1130360156_0.png,2
1130360156_1.png,2
1130360156_3.png,2
1130360156_5.png,2
1130360156_6.png,2
1130360157_0.png,2
1130360157_2.png,2
1130360157_3.png,2
1130360157_4.png,2
1130360157_5.png,2
1130360158_0.png,2
1130360158_1.png,2
1130360158_2.png,2
1130360158_3.png,2
1130360160_0.png,2
1130360160_1.png,2
1130360160_2.png,2
1130360161_0.png,2
1130360161_1.png,2
1130360161_2.png,2
1130360161_3.png,2
1130360162_1.png,2
1130360162_2.png,2
1130360162_3.png,2
1130360162_4.png,2
1130360162_5.png,2
1130360162_6.png,2
1130360162_7.png,2
1130360162_8.png,2
1130360163_0.png,2
1130360163_1.png,2
1130360163_2.png,2
1130360163_4.png,2
1130360164_0.png,2
1130360164_2.png,2
1130360165_0.png,2
1130360165_1.png,2
1130360165_2.png,2
1130360165_3.png,3
1130360165_4.png,2
1130360166_0.png,2
1130360166_1.png,2
1130360166_2.png,3
1130360166_3.png,2
1130360166_4.png,2
1130360166_5.png,2
1130360166_6.png,2
1130360167_0.png,2
1130360167_1.png,2
1130360167_2.png,2
1130360167_3.png,2
1130360167_4.png,2
1130360168_0.png,2
1130360168_1.png,2
1130360168_2.png,2
1130360168_3.png,2
1130360169_0.png,2
1130360169_1.png,2
1130360170_0.png,2
1130360170_1.png,2
1130360171_0.png,2
1130360171_1.png,2
1130360171_2.png,2
1130360172_0.png,2
1130360172_1.png,2
1130360172_2.png,2
1130360172_3.png,2
1130360172_5.png,2
1130360172_6.png,2
1130360173_0.png,2
1130360173_1.png,2
1130360174_0.png,2
1130360174_1.png,2
1130360174_2.png,2
1130360174_4.png,2
1130360175_0.png,2
1130360175_1.png,2
1130360175_2.png,2
1130360175_3.png,2
1130360175_5.png,2
1130360175_7.png,2
1130360176_0.png,2
1130360176_1.png,2
1130360176_2.png,2
1130360176_3.png,2
1130360176_4.png,2
1130360176_5.png,2
1130360177_0.png,2
1130360177_1.png,2
1130360177_2.png,2
1130360178_0.png,2
1130360178_1.png,2
1130360178_2.png,2
1130360178_3.png,2
1130360178_4.png,2
1130360178_5.png,2
1130360178_6.png,2
1130360178_7.png,2
1130360178_8.png,2
1130360179_0.png,2
1130360181_0.png,2
1130360181_1.png,2
1130360181_2.png,2
1130360181_3.png,2
1130360181_4.png,2
1130360181_5.png,2
1130360181_6.png,2
1130360181_7.png,2
1130360182_0.png,2
1130360182_1.png,2
1130360182_2.png,2
1130360182_3.png,2
1130360182_4.png,2
1130360182_5.png,2
1130360182_6.png,2
1130360182_7.png,2
1130360182_8.png,2
1130360182_9.png,2
1130360183_0.png,2
1130360183_1.png,2
1130360183_2.png,2
1130360183_3.png,2
1130360183_4.png,2
1130360183_5.png,2
1130360183_6.png,2
1130360183_7.png,2
1130360183_8.png,2
1130360184_0.png,2
1130360184_10.png,2
1130360184_11.png,2
1130360184_12.png,2
1130360184_13.png,2
1130360184_14.png,2
1130360184_15.png,2
1130360184_16.png,2
1130360184_17.png,2
1130360184_3.png,2
1130360184_4.png,2
1130360184_7.png,2
1130360184_9.png,2
1130360185_0.png,2
1130360185_1.png,2
1130360185_2.png,2
1130360186_0.png,2
1130360186_1.png,2
1130360187_0.png,2
1130360188_0.png,2
1130360189_0.png,2
1130360190_0.png,2
1130360190_1.png,2
1130360190_2.png,2
1130360191_0.png,2
1130360191_1.png,2
1130360192_0.png,2
1130360193_0.png,2
1130360193_1.png,2
1130360194_0.png,2
1130360194_1.png,2
1130360195_0.png,2
1130360196_0.png,2
1130360196_1.png,2
1130360196_2.png,2
1130360196_3.png,2
1130360197_0.png,2
1130360198_0.png,2
1130360198_1.png,2
1130360199_0.png,2
1130360199_1.png,2
1130360199_2.png,2
1130360201_0.png,2
1130360202_0.png,2
1130360203_0.png,2
1130360203_1.png,2
1130360203_2.png,2
1130360204_0.png,2
1130360205_0.png,2
1130360205_1.png,2
1130360205_2.png,2
1130360206_0.png,2
1130360206_1.png,2
1130360207_0.png,2
1130360207_1.png,2
1130360208_0.png,2
1130360209_0.png,2
1130360210_0.png,2
1130360210_1.png,2
1130360210_2.png,2
1130360211_0.png,2
1130360212_0.png,2
1130360212_1.png,2
1130360213_0.png,2
1130360214_0.png,2
1130360215_0.png,2
1130360215_1.png,2
1130360216_0.png,2
1130360216_2.png,2
1130360216_3.png,2
1130360217_0.png,2
1130360218_0.png,2
1130360219_0.png,2
1130360220_0.png,2
1130360220_1.png,2
1130360220_2.png,2
1130360220_4.png,2
1130360220_5.png,2
1130360221_0.png,2
1130360222_0.png,2
1130360223_0.png,2
1130360224_0.png,2
1130360224_1.png,2
1130360225_0.png,2
1130360225_1.png,2
1130360226_0.png,2
1130360226_1.png,2
1130360226_3.png,2
1130360226_4.png,2
1130360226_5.png,2
1130360226_6.png,2
1130360226_7.png,2
1130360226_8.png,2
1130360226_9.png,2
1130360227_0.png,2
1130360227_1.png,2
1130360228_0.png,2
1130360228_1.png,2
1130360228_2.png,2
1130360228_3.png,2
1130360228_4.png,2
1130360229_0.png,2
1130360229_1.png,2
1130360229_2.png,2
1130360230_0.png,2
1130360230_1.png,2
1130360230_2.png,2
1130360231_0.png,2
1130360231_1.png,2
1130360231_2.png,2
1130360231_3.png,1
1130360232_0.png,2
1130360232_1.png,2
1130360232_2.png,2
1130360233_0.png,2
1130360233_1.png,2
1130360233_4.png,2
1130360234_0.png,2
1130360234_1.png,2
1130360234_2.png,2
1130360235_0.png,2
1130360235_1.png,2
1130360236_0.png,2
1130360236_1.png,2
1130360237_1.png,2
1130360237_2.png,2
1130360238_0.png,2
1130360238_1.png,2
1130360238_2.png,2
1130360239_0.png,2
1130360239_1.png,2
1130360239_2.png,2
1130360240_0.png,2
1130360240_1.png,2
1130360240_2.png,2
1130360240_3.png,2
1130360241_0.png,2
1130360241_1.png,2
1130360242_0.png,2
1130360242_1.png,2
1130360243_0.png,2
1130360244_0.png,2
1130360244_1.png,2
1130360244_2.png,2
1130360244_3.png,2
1130360244_4.png,2
1130360245_0.png,2
1130360245_1.png,2
1130360246_0.png,2
1130360247_0.png,2
1130360247_1.png,2
1130360248_0.png,2
1130360248_1.png,2
1130360249_0.png,2
1130360249_1.png,2
1130360250_0.png,3
1130360256_0.png,2
1130360256_1.png,2
1130360257_0.png,2
1130360257_1.png,2
1130360258_0.png,2
1130360259_0.png,2
1130360259_1.png,2
1130360260_0.png,2
1130360260_1.png,2
1130360260_2.png,2
1130360261_0.png,2
1130360261_1.png,2
1130360262_0.png,2
1130360263_0.png,2
1130360263_1.png,2
1130360264_0.png,2
1130360265_0.png,2
1130360265_2.png,2
1130360265_3.png,2
1130360265_5.png,2
1130360266_0.png,2
1130360266_1.png,2
1130360266_2.png,2
1130360266_3.png,2
1130360267_0.png,2
1130360267_1.png,2
1130360267_2.png,2
1130360267_3.png,2
1130360267_4.png,2
1130360268_0.png,2
1130360269_0.png,2
1130360269_1.png,2
1130360270_0.png,2
1130360271_0.png,2
1130360272_0.png,2
1130360272_1.png,2
1130360272_2.png,2
1130360273_0.png,2
1130360273_1.png,2
1130360274_0.png,2
1130360275_0.png,2
1130360276_0.png,2
1130360282_0.png,2
1130360282_1.png,2
1130360283_0.png,2
1130360283_1.png,2
1130360283_2.png,2
1130360284_0.png,2
1130360284_1.png,2
1130360284_2.png,2
1130360285_0.png,2
1130360285_1.png,2
1130360285_2.png,2
1130360285_3.png,2
1130360286_0.png,2
1130360286_1.png,2
1130360286_2.png,2
1130360287_0.png,2
1130360287_1.png,2
1130360288_0.png,2
1130360288_1.png,2
1130360288_2.png,2
1130360288_3.png,2
2130360201_0.png,2
2130360201_1.png,2
2130360201_2.png,2
2130360201_3.png,2
2130360201_4.png,2
2130360201_5.png,2
2130360202_0.png,2
2130360202_1.png,2
2130360203_0.png,2
2130360204_0.png,2
2130360204_1.png,2
2130360205_0.png,2
2130360205_1.png,2
2130360206_0.png,2
2130360206_1.png,2
2130360207_0.png,2
2130360207_1.png,2
2130360207_2.png,2
2130360207_3.png,2
2130360207_5.png,2
2130360208_0.png,3
2130360208_1.png,2
2130360208_2.png,2
2130360210_0.png,2
2130360210_1.png,2
2130360210_2.png,2
2130360210_3.png,2
2130360211_0.png,2
2130360212_0.png,2
2130360212_1.png,2
2130360212_2.png,2
