,ids
0,1050360115_16
1,1130360161_0
2,1130360103_0
3,1130360183_1
4,1050360105_23
5,1050360110_5
6,1130360157_3
7,1050360115_21
8,1050360116_2
9,1050360104_7
10,1130360231_0
11,1050360105_29
12,1050360115_12
13,1130360185_2
14,1130360185_1
15,1130360186_1
16,1050360105_15
17,1130360182_4
18,1130360158_1
19,1130360160_2
20,1130360185_0
21,1050360120_5
22,1050360113_1
23,1130360227_0
24,1130360182_0
25,1130360152_1
26,1130360110_6
27,1130360226_1
28,1050360118_1
29,1130360130_8
30,1130360188_0
31,1130360208_0
32,1050360106_1
33,1050360106_4
34,1130360226_6
35,1130360226_0
36,1130360229_1
37,1050360109_8
38,1130360184_12
39,1130360183_2
40,1130360205_0
41,1130360232_0
42,1130360131_5
43,1050360104_11
44,1130360199_2
45,1130360107_7
46,1130360157_4
47,1130360157_0
48,1130360157_2
49,1130360131_2
50,1130360155_1
51,1130360231_1
52,1130360145_4
53,1130360230_2
54,1130360103_1
55,1050360104_8
56,1050360120_6
57,1050360120_3
58,1050360116_3
59,1130360131_0
60,1050360105_2
61,1130360107_14
62,1130360182_3
63,1050360115_3
64,1130360130_5
65,1050360116_4
66,1050360117_3
67,1050360118_4
68,1050360106_2
69,1130360182_1
70,1050360112_3
71,1130360206_0
72,1130360204_0
73,1050360108_4
74,1130360184_17
75,1130360202_0
76,1130360184_16
77,1130360153_0
78,1130360181_0
79,1050360103_2
80,1130360206_1
81,1130360183_7
82,1050360111_3
83,1050360104_5
84,1130360107_0
85,1130360184_0
86,1130360132_0
87,1130360230_0
88,1130360184_11
89,1050360105_28
90,1050360104_0
91,1130360229_2
92,1130360106_0
93,1130360228_1
94,1130360105_0
95,1050360120_2
96,1050360106_3
97,1130360109_5
98,1130360231_2
99,1130360228_2
100,1130360103_3
101,1050360104_12
102,1130360113_0
103,1130360109_2
104,1050360108_5
105,1050360109_5
106,1050360106_0
107,1050360104_13
108,1050360120_7
109,1130360144_4
110,1050360106_8
111,1050360115_20
112,1130360227_1
113,1050360115_17
114,1130360160_0
115,1050360118_3
116,1130360104_0
117,1130360235_1
118,1130360207_1
119,1050360105_18
120,1050360106_7
121,1130360207_0
122,1050360109_3
123,1050360115_14
124,1050360109_2
125,1130360105_3
126,1130360205_1
127,1130360134_0
128,1050360117_4
129,1130360184_14
130,1130360231_3
131,1050360104_1
132,1130360106_1
133,1130360183_8
134,1130360155_0
135,1130360156_0
136,1050360117_6
137,1050360105_16
138,1130360131_6
139,1050360106_6
140,1050360107_0
141,1130360182_2
142,1130360146_1
143,1050360107_1
144,1050360104_6
145,1050360115_19
146,1130360203_1
147,1130360186_0
148,1130360234_1
149,1050360103_0
150,1130360105_2
151,1130360107_11
152,1130360158_0
153,1050360116_1
154,1130360156_1
155,1050360118_0
156,1050360110_6
157,1130360184_9
158,1050360113_0
159,1050360118_5
160,1050360103_1
161,1050360115_18
162,1130360203_0
163,1130360107_15
164,1130360179_0
165,1130360131_4
166,1050360109_10
167,1130360181_5
168,1130360156_3
169,1130360183_3
170,1130360110_5
171,1130360146_0
172,1130360108_2
173,1050360117_7
174,1130360203_2
175,1130360145_3
176,1130360205_2
177,1130360107_6
178,1130360161_3
179,1130360135_1
180,1130360158_2
181,1050360104_14
182,1050360116_0
183,1130360110_3
184,1050360120_4
185,1050360115_10
186,1130360111_2
187,1130360132_2
188,1130360209_0
189,1130360111_0
190,1130360226_7
191,1130360228_4
192,1130360226_4
193,1130360103_2
194,1050360105_4
195,1050360105_26
196,1050360110_3
197,1130360107_12
198,1130360111_3
199,1050360120_1
200,1130360156_5
201,1130360105_1
202,1130360232_1
203,1130360110_0
204,1130360107_13
205,1130360187_0
206,1050360113_4
207,1130360232_2
208,1130360110_1
209,1130360104_1
210,1050360115_15
