full_ids,simpl_tin,simpl_diskbb_norm,simpl_gamma,simpl_FracScat,fit_stat,reduced_fit_stat,mjd,net_source_count_rate,source_percent,source_exposure_time,hardness_ratio,counts_ratio,source_counts,net_source_counts,bg_net_count_rate,pds_exposure
1050360103_0,0.200000,8.53208E+06,1.76864,4.88535E-02,657.62,3.2717412935323384,58005.3035185,1982.0,100.0,148.539888000349,0.497391058292425,4335.480011712296,316230,316230,0.4911599781491678,
1050360103_1,0.200000,8.68178E+06,1.78834,4.98474E-02,705.58,3.510348258706468,58005.36789349999,2005.0,99.9,166.488812995842,0.4929246341643871,2163.82740447424,358360,358360,0.9952051327579134,
1050360103_2,0.200000,8.62548E+06,1.78242,4.98835E-02,706.69,3.5158706467661696,58005.4322454,1971.0,99.9,166.483802996576,0.4962107363217802,1480.6400590475066,352400,352400,1.4305657763517532,
1050360104_0,0.200000,1.83416E+07,2.33759,0.116612,1201.32,5.976716417910447,58008.4558218,4556.0,100.0,222.787264049053,0.35768567645420746,4383.411689397505,1113493,1113493,1.1404702416790908,
1050360104_1,0.200000,1.79397E+07,2.35682,0.122977,763.47,3.798358208955224,58008.5201852,4569.0,100.0,118.363112026826,0.3529490555382753,7774.157504188097,593810,593810,0.6454069891591605,
1050360104_11,0.200000,1.89536E+07,2.35855,0.121571,2569.60,12.78407960199005,58008.8012153,4667.0,100.0,546.884153994732,0.352358179299852,5095.210036055391,2802054,2802054,1.0057830528586542,
1050360104_12,0.200000,1.89657E+07,2.33180,0.113003,4350.42,21.643880597014928,58008.84332180001,4609.0,100.0,846.324606064241,0.3576821180768183,3895.500698645292,4277056,4277056,1.2976458517081688,
1050360104_13,0.200000,1.91877E+07,2.31115,0.105549,4724.10,23.502985074626867,58008.9076852,4494.0,99.9,845.4159501241521,0.36115477399567936,2934.973864156634,4160092,4160092,1.6771668008450769,
1050360104_14,0.200000,1.90148E+07,2.35468,0.118621,4795.74,23.859402985074627,58008.971794000005,4694.0,99.9,866.168562917039,0.3537134471242101,3650.916628305458,4459970,4459970,1.4107386856489228,
1050360104_5,0.200000,1.84990E+07,2.38170,0.130667,3643.52,18.126965174129353,58008.73285880001,4829.0,100.0,658.318983900361,0.3482123521091027,4998.141052376676,3496417,3496417,1.0628335028928575,
1050360104_6,0.200000,1.83706E+07,2.39040,0.133894,1417.37,7.051592039800995,58008.7405324,4852.0,100.0,231.090095985681,0.3477435099730364,5537.180918779071,1232367,1232367,0.963270928017674,
1050360104_7,0.200000,1.88989E+07,2.34748,0.119300,958.81,4.770199004975124,58008.77817130001,4735.0,100.0,145.295696008019,0.3548907455272716,9117.607181254829,754843,754843,0.5698632362278621,
1050360104_8,0.200000,1.90800E+07,2.35731,0.119043,1061.40,5.280597014925373,58008.77991900001,4710.0,100.0,155.333099970594,0.35280602526739496,5347.288050436156,801918,801918,0.9656363329037738,
1050360104_9,0.200000,1.88181E+07,2.35494,0.121276,3104.93,15.447412935323383,58008.7817477,4742.0,99.9,607.71893005399,0.3537294601264574,1875.1426498559615,3165022,3165022,2.7788897992643453,
1050360105_1,0.200000,1.86509E+07,2.38130,0.129586,850.70,4.232338308457711,58008.9988079,4834.0,99.9,136.463918969035,0.3493220535371164,1833.3821026453681,725166,725166,2.9000370957827566,
1050360105_15,0.200000,1.89995E+07,2.38186,0.129273,2374.27,11.81228855721393,58009.1218634,4809.0,99.9,486.063616026193,0.34870118118611954,2014.318640275964,2568419,2568419,2.6245826045522795,
1050360105_16,0.200000,1.96446E+07,2.32945,0.111436,4657.05,23.169402985074626,58009.1646412,4726.0,99.9,845.0861098486929,0.3591091603511961,2410.126689168737,4372065,4372065,2.1474645711472844,
1050360105_17,0.200000,1.96061E+07,2.33062,0.111445,4939.40,24.57412935323383,58009.182858800006,4710.0,99.9,911.352809923701,0.35840226298110034,1781.5425227034814,4704888,4704888,2.8994151419141097,
1050360105_18,0.200000,1.98542E+07,2.29570,0.102654,5063.09,25.18950248756219,58009.2289699,4623.0,99.9,846.228442926425,0.3652616597206601,1532.5180688485807,4278928,4278928,3.3016059258596564,
1050360105_19,0.200000,1.97278E+07,2.31441,0.107552,4512.35,22.449502487562192,58009.2933449,4682.0,99.9,844.248146991245,0.3616003683824405,1493.040951495897,4328998,4328998,3.436659665795616,
1050360105_2,0.200000,1.91454E+07,2.37854,0.126435,1750.51,8.709004975124378,58009.0391088,4766.0,99.9,291.780241058208,0.3502847335750467,2905.9490172182104,1526425,1526425,1.8008646650250524,
1050360105_21,0.200000,1.95927E+07,2.33375,0.116316,597.03,2.9702985074626866,58009.422037000004,4880.0,99.9,75.52712800912559,0.3576015781633968,1296.5012261623747,404944,404944,4.13860682435292,
1050360105_23,0.200000,1.90122E+07,2.37996,0.132328,579.25,2.8818407960199006,58009.48591440001,5034.0,99.9,82.47045998740941,0.3485421500331733,2300.494471824925,457018,457018,2.4099194050278943,
1050360105_26,0.200000,1.96642E+07,2.32400,0.113983,1136.05,5.651990049751244,58009.6779977,4867.0,100.0,177.904161991086,0.3604492047391685,4163.335666918025,949387,949387,1.2820946023271849,
1050360105_28,0.200000,2.02149E+07,2.22226,8.95566E-02,4578.52,22.778706467661692,58009.80675930001,4561.0,99.9,745.954499929212,0.38058124357203976,2229.4968626022423,3715901,3715901,2.235320338952622,
1050360105_29,0.200000,2.02841E+07,2.18356,8.16074E-02,4717.89,23.472089552238806,58009.8711343,4416.0,99.9,803.781432047486,0.3878883641035065,3453.465332596209,3865724,3865724,1.3930398741716488,
1050360105_4,0.200000,1.91127E+07,2.38174,0.128281,736.09,3.6621393034825873,58009.0634028,4903.0,99.9,104.583780008834,0.3485501113007045,2348.292590569696,563173,563173,2.2940890020560816,
1050360106_0,0.200000,2.03222E+07,2.17822,8.07099E-02,5288.25,26.309701492537314,58009.9998148,4410.0,99.9,825.68399998825,0.3896083205446472,3261.5191510843574,3964168,3964168,1.4724868568458718,
1050360106_1,0.200000,2.04424E+07,2.18239,8.10475E-02,5350.38,26.618805970149253,58010.0641898,4429.0,99.9,823.624020030722,0.38860393237490654,3137.374919124889,3970004,3970004,1.5368588002022718,
1050360106_2,0.200000,2.04141E+07,2.20476,8.51678E-02,5108.36,25.4147263681592,58010.1285301,4498.0,99.9,824.607958141714,0.3840705315608478,3544.029441546567,4041021,4041021,1.3831485454273909,
1050360106_3,0.200000,2.06358E+07,2.17695,8.04268E-02,5479.03,27.258855721393033,58010.1926505,4471.0,99.9,884.2376269595699,0.3891987098783376,2281.484427987221,4304840,4304840,2.1348182750360647,
1050360106_4,0.200000,2.05737E+07,2.17022,8.01017E-02,5199.58,25.868557213930348,58010.2570023,4480.0,99.9,844.464641860686,0.3909724798872425,1898.702773422823,4122163,4122163,2.572263755448008,
1050360106_5,0.200000,2.04256E+07,2.16036,7.84172E-02,5249.59,26.117363184079604,58010.321354199994,4418.0,99.9,844.507092183921,0.3936950618370756,1370.4831238466352,4062235,4062235,3.5124088096404282,
1050360106_6,0.200000,2.05413E+07,2.19168,8.28820E-02,5534.02,27.532437810945275,58010.3856944,4489.0,99.9,885.229600146413,0.3869022038496289,1728.293997522968,4328312,4328312,2.8307164423337703,
1050360106_7,0.200000,2.05293E+07,2.23789,9.24315E-02,1072.05,5.333582089552238,58010.45004630001,4674.0,100.0,143.198064029217,0.3785834717808305,4120.7372222834865,730226,730226,1.2378004326524048,
1050360106_8,0.200000,2.05598E+07,2.23210,9.20620E-02,2098.95,10.442537313432835,58010.4567477,4699.0,99.9,309.29758607083903,0.3785994634228202,2614.591895100389,1587223,1587223,1.963467164460136,
1050360106_9,0.200000,2.08892E+07,2.23323,9.19242E-02,1613.36,8.026666666666666,58010.52158559999,4761.0,99.9,236.680289980955,0.3778407191352816,1272.7228126789205,1231243,1231243,4.0906207762435285,
1050360107_0,0.200000,2.20197E+07,2.24771,9.62336E-02,5658.82,28.153333333333332,58011.86532409999,5139.0,99.9,871.743261994328,0.3750828584484685,3073.246419755771,4898182,4898182,1.828901314147824,
1050360107_1,0.200000,2.22135E+07,2.24946,9.75872E-02,5598.22,27.851840796019903,58011.929699099994,5241.0,99.9,882.612504120916,0.3745997539740281,2888.282493424949,5060923,5060923,1.985959448135609,
1050360108_4,0.200000,2.20606E+07,2.35751,0.130483,565.08,2.8113432835820897,58012.3799306,5936.0,100.0,65.5480979857966,0.35322159283321164,6904.769052992639,427691,427691,0.9451130553414916,
1050360108_5,0.200000,2.14477E+07,2.34878,0.131619,597.57,2.972985074626866,58012.3845255,5884.0,99.9,77.4829380037263,0.3559887139609719,2377.659088589368,501687,501687,2.7243310308280977,
1050360108_8,0.200000,2.29984E+07,2.28018,0.104867,1963.85,9.770398009950249,58012.515625,5575.0,99.9,282.194611940533,0.3681536402478104,1513.4976556870745,1724739,1724739,4.040917242893669,
1050360108_9,0.200000,2.26425E+07,2.27636,0.104971,914.42,4.549353233830845,58012.5818866,5521.0,99.9,118.25172800989799,0.3697643528951801,1936.1998496982949,715756,715756,3.1277474585156884,
1050360109_10,0.200000,2.32533E+07,2.34022,0.129590,5520.62,27.465771144278605,58013.9882292,6358.0,100.0,864.8063190896061,0.35763105819362057,4647.73117062048,6049521,6049521,1.5054092719192786,
1050360109_2,0.200000,2.12293E+07,2.41783,0.173409,640.62,3.1871641791044776,58013.34517359999,6914.0,100.0,66.4528110297397,0.3449564758709573,4678.105104909295,507851,507851,1.6339765728975295,
1050360109_3,0.200000,2.15169E+07,2.41469,0.169027,1296.34,6.449452736318408,58013.3459722,6867.0,100.0,160.639848053455,0.34447985815997445,3406.172683488397,1218977,1218977,2.2284509832493624,
1050360109_5,0.200000,2.20451E+07,2.40374,0.159986,1453.21,7.229900497512438,58013.5457755,6773.0,99.9,197.53675302444,0.3464588167545987,2714.737850311793,1476336,1476336,2.754034694605686,
1050360109_8,0.200000,2.30649E+07,2.37156,0.145337,641.57,3.191890547263682,58013.7308681,6747.0,100.0,72.445565010421,0.35308453497737924,8225.294720762246,538582,538582,0.9039436656378698,
1050360110_0,0.200000,2.33574E+07,2.35453,0.135146,5506.85,27.39726368159204,58014.05261569999,6522.0,100.0,861.700923932716,0.3555786273270056,4037.821558389776,6184317,6184317,1.7778521109723748,
1050360110_3,0.200000,2.17051E+07,2.45326,0.197335,2932.01,14.587114427860698,58014.6958796,7636.0,99.9,327.25836002267897,0.3384999001999504,3188.484037900532,2766206,2766206,2.651830434947721,
1050360110_4,0.200000,2.14417E+07,2.46156,0.205785,4571.66,22.74457711442786,58014.6997222,7768.0,99.9,533.579791912809,0.3369979105965171,2497.097990402983,4591089,4591089,3.4471065515632033,
1050360110_5,0.200000,2.01139E+07,2.50893,0.249504,2636.81,13.118457711442785,58014.824375,8244.0,100.0,189.33123305626202,0.3288957177496613,6550.1042948523045,1732072,1732072,1.396888593727092,
1050360110_6,0.200000,2.00031E+07,2.50526,0.254182,8862.69,44.09298507462687,58014.82666669999,8386.0,100.0,673.0893047330901,0.3301605942863663,6930.467687512682,6265500,6265500,1.3433314130499907,
1050360111_2,0.200000,1.24135E+07,2.61917,0.621351,27252.44,135.58427860696517,58015.3430903,10720.0,100.0,514.540000073612,0.31514791206905,2732.0374115797804,6158270,6158270,4.382399186480697,
1050360111_3,0.200000,1.62479E+07,2.59750,0.431826,3516.92,17.497114427860698,58015.5963426,10100.0,100.0,109.855590021238,0.31670446058457097,8580.659805605741,1237778,1237778,1.3132594377124402,
1050360111_6,0.200000,1.39062E+07,2.63215,0.558862,7784.01,38.726417910447765,58015.6674074,10640.0,100.0,175.14680998306702,0.3111518808501109,3435.6183131933253,2081925,2081925,3.4608626767212622,
1050360112_1,0.200000,1.35289E+07,2.59521,0.572395,33170.82,165.0289552238806,58016.306354199995,11120.0,99.9,657.731550084427,0.3188224277827008,2526.8584368751754,8169093,8169093,4.9171805944811116,
1050360112_3,0.200000,1.59594E+07,2.60199,0.460967,28875.26,143.65800995024875,58016.947291699995,10520.0,100.0,847.9329403974119,0.3154806353150234,13406.232909127788,9955228,9955228,0.8758209709647713,
1050360113_0,0.200000,1.60592E+07,2.60267,0.457250,28118.23,139.89169154228856,58017.0116204,10490.0,100.0,849.9117803983389,0.31524312261790005,9674.251232115208,9949991,9949991,1.2102535679248336,
1050360113_1,0.200000,1.39386E+07,2.64407,0.570283,39645.23,197.23995024875623,58017.0759722,10710.0,100.0,860.612700227648,0.30878428027212607,7086.48257540015,10302821,10302821,1.6895808145134508,
1050360113_2,0.200000,1.44037E+07,2.63492,0.550631,38156.68,189.8342288557214,58017.14010419999,10820.0,100.0,879.318790383637,0.3104343449398279,2764.505310842165,10637354,10637354,4.377508066189368,
1050360113_4,0.200000,1.30516E+07,2.65910,0.635778,44760.79,222.69049751243782,58017.2688426,10950.0,100.0,876.245140397921,0.3066468460971497,4695.875373557844,10724684,10724684,2.606962679266769,
1050360113_7,0.208023,8.94603E+06,2.80473,0.906345,93184.90,463.6064676616915,58017.8477778,10720.0,100.0,876.298299977556,0.2778169928210029,18302.164854399183,10546483,10546483,0.6576229404540137,
1050360114_1,0.204305,9.81439E+06,2.81477,0.906187,94024.41,467.78313432835824,58018.876921300005,10600.0,100.0,898.0120000541209,0.2760368424864449,18934.13496579113,10694345,10694345,0.6289983691332095,
1050360114_2,0.275949,2.40986E+06,2.88744,0.906345,97026.51,482.7189552238806,58018.9412731,10540.0,100.0,898.0120000541209,0.2754146398942644,11974.226312524079,10635105,10635105,0.9891187862715076,
1050360115_10,0.200000,1.07299E+07,2.81613,0.905156,62957.79,313.2228358208955,58019.4727431,10440.0,100.0,619.10774028115,0.2745926858636126,28170.714833968643,7262153,7262153,0.4164057425505202,
1050360115_12,0.200860,1.02223E+07,2.78877,0.906345,60168.96,299.34805970149256,58019.5372569,10520.0,100.0,698.156339779496,0.281293315561794,14369.020339450313,8245146,8245146,0.8219563029213409,
1050360115_14,0.200315,1.03544E+07,2.79318,0.906345,57300.18,285.0755223880597,58019.602662,10460.0,100.0,670.453859684989,0.2807092331571002,26443.86953566,7872438,7872438,0.4440498947387567,
1050360115_15,0.200000,1.11419E+07,2.70713,0.774182,23483.11,116.83139303482588,58019.6688079,10660.0,100.0,360.919299861416,0.2989059975984777,14117.328461306835,4309235,4309235,0.8458012395794628,
1050360115_16,0.200000,1.07179E+07,2.71410,0.810889,10167.30,50.58358208955224,58019.6730556,10640.0,100.0,154.196640070528,0.29774388744665264,35068.60981890884,1837195,1837195,0.33976151029636953,
1050360115_17,0.200420,1.05964E+07,2.70748,0.805079,19695.20,97.9860696517413,58019.733645800006,10650.0,100.0,303.570810049772,0.299322317535882,18497.46532232611,3621501,3621501,0.6449705093141257,
1050360115_18,0.200000,1.07474E+07,2.70034,0.791582,10752.43,53.49467661691543,58019.7372801,10600.0,100.0,170.021999996156,0.3002825111948391,14146.842897402894,2018934,2018934,0.8394371218050564,
1050360115_19,0.200000,1.09208E+07,2.70886,0.801238,20114.84,100.07383084577114,58019.8001852,10790.0,100.0,295.552530064248,0.2987193003147865,20955.422560563293,3570433,3570433,0.576514863867693,
1050360115_2,0.208096,8.99956E+06,2.82203,0.906345,80451.00,400.25373134328356,58019.0071181,10530.0,100.0,776.380700166337,0.2747444266608605,9676.095167364809,9181797,9181797,1.2223560047751325,
1050360115_20,0.204127,9.43789E+06,2.78773,0.906345,13102.09,65.18452736318407,58019.8661574,10530.0,100.0,155.188219948672,0.2821334805550156,34939.66136388766,1834586,1834586,0.3383553609396609,
1050360115_21,0.200000,1.02621E+07,2.77646,0.901828,61130.69,304.13278606965173,58019.923240699994,10450.0,100.0,787.1325599402189,0.28487154388864955,18884.252920062714,9233116,9233116,0.6211887820990417,
1050360115_22,0.220527,6.55626E+06,2.79850,0.906345,64353.16,320.16497512437815,58019.987546300006,10430.0,100.0,791.087999939919,0.2830029872740193,17474.435250874267,9259787,9259787,0.6698813781389092,
1050360115_3,0.211627,8.32562E+06,2.82305,0.906345,92075.40,458.0865671641791,58019.0699306,10600.0,100.0,888.050160342827,0.2748537026614121,4271.6929748490775,10573116,10573116,2.7878355339894374,
1050360115_4,0.200000,1.07843E+07,2.80691,0.904814,62085.38,308.88248756218906,58019.134294,10610.0,100.0,609.131600193679,0.27663763322332696,4273.5570967023095,7260127,7260127,2.789621056189392,
1050360115_6,0.207504,8.96574E+06,2.80417,0.906345,44662.39,222.20094527363185,58019.215544000006,10610.0,100.0,480.634559880942,0.27956225090588155,23695.370746114364,5721701,5721701,0.5024177613433088,
1050360115_7,0.301737,1.64151E+06,2.90113,0.900836,46280.88,230.2531343283582,58019.279895800006,10550.0,100.0,494.49500022455993,0.277780555395008,19254.68228382676,5858729,5858729,0.6153577916463758,
1050360116_0,0.252381,3.49731E+06,2.82431,0.906345,61578.04,306.35840796019903,58020.051863400004,10290.0,100.0,800.0767302401359,0.282713640321462,20826.492616281597,9243062,9243062,0.5547393120149429,
1050360116_1,0.200000,1.09944E+07,2.71807,0.783670,51978.06,258.5973134328358,58020.1160069,10500.0,100.0,813.8317799381911,0.2969717555087339,12811.036826804717,9568128,9568128,0.9177871088580216,
1050360116_2,0.200000,1.19106E+07,2.69066,0.703306,50699.37,252.23567164179107,58020.1801273,10590.0,100.0,840.463000210002,0.3015784823563158,16866.838285736427,9962235,9962235,0.7027975697399139,
1050360116_3,0.201767,9.71765E+06,2.78326,0.906345,62818.93,312.53199004975124,58020.2447569,10300.0,100.0,814.886559672654,0.2837921269420453,22288.366449436377,9420043,9420043,0.5186769837041098,
1050360116_4,0.211806,7.92528E+06,2.80451,0.906345,61506.82,306.00407960199004,58020.308830999995,10330.0,100.0,726.885599819943,0.2804495023151444,21453.207499956712,8431475,8431475,0.5407113704484577,
1050360116_6,0.200246,1.02029E+07,2.79805,0.903291,5986.86,29.785373134328356,58020.3178472,10190.0,100.0,69.19430002570151,0.2791580214498015,18775.772486007518,792595,792595,0.6101074456410556,
1050360116_7,0.200000,1.05236E+07,2.81205,0.904751,77047.77,383.3222388059702,58020.373414400005,10290.0,100.0,826.7287598662081,0.2761938771235993,25527.22957793868,9548103,9548103,0.4524466515961309,
1050360116_8,0.217918,7.12084E+06,2.83805,0.906345,81509.66,405.52069651741294,58020.4377662,10250.0,100.0,827.7260403195401,0.27328369448352496,19881.474472065747,9536551,9536551,0.5795327349521542,
1050360116_9,0.202456,1.02382E+07,2.84615,0.906345,93454.00,464.9452736318408,58020.5016551,10190.0,100.0,872.245079649612,0.26913598400377803,22269.727572510503,9990155,9990155,0.5143257829842222,
1050360117_0,0.211239,8.11067E+06,2.82715,0.906345,79580.54,395.9230845771144,58021.0164815,10170.0,100.0,873.198700202629,0.274963882786037,15130.979689139878,9982319,9982319,0.7555792431152027,
1050360117_1,0.200639,1.03635E+07,2.82208,0.906345,72247.44,359.44,58021.1448727,10170.0,100.0,763.461679693311,0.2741913982598696,22951.057761854532,8727747,8727747,0.4981167226859679,
1050360117_2,0.208884,8.53894E+06,2.82752,0.906345,12999.50,64.67412935323384,58021.153830999996,10150.0,100.0,138.405400048941,0.2738911693039397,31253.18293931156,1578235,1578235,0.3648701015476879,
1050360117_3,0.208304,8.58011E+06,2.82304,0.906345,82851.69,412.1974626865672,58021.4018866,10110.0,100.0,935.489939704537,0.2759936558226275,23422.51790891793,10617720,10617720,0.4845929698481958,
1050360117_4,0.204723,9.38774E+06,2.83118,0.906345,69074.90,343.6562189054726,58021.5969444,10040.0,100.0,761.468400293961,0.2728604100542371,27927.746952797042,8589613,8589613,0.4039255844166051,
1050360117_6,0.228355,5.40091E+06,2.83459,0.906345,75488.70,375.565671641791,58021.771736099996,9924.0,100.0,925.7788797542449,0.277655121471026,12425.694806582507,10312025,10312025,0.8965013722857149,
1050360117_7,0.211006,7.97547E+06,2.81955,0.906345,66695.32,331.817512437811,58021.9807755,10000.0,100.0,838.578719735146,0.27720762092447365,19316.18581183788,9417309,9417309,0.5814121363879737,
1050360117_8,0.200004,1.02871E+07,2.80593,0.900336,8816.10,43.86119402985075,58021.9907755,10080.0,100.0,105.772709972225,0.2791350232888711,16990.572452401164,1197341,1197341,0.6662876643549074,
1050360118_0,0.201446,1.00590E+07,2.83312,0.906345,87098.45,433.32562189054727,58022.237963,9931.0,100.0,982.926839925349,0.2725264386609,22928.156078556647,10969291,10969291,0.4867513629399343,
1050360118_1,0.200000,1.05825E+07,2.74050,0.800357,61555.13,306.24442786069653,58022.4951273,10030.0,100.0,995.711529856548,0.29265888281208235,17583.08982235353,11187549,11187549,0.6390442330512855,
1050360118_3,0.200001,1.17598E+07,2.69576,0.686260,3542.91,17.62641791044776,58022.5537153,10140.0,100.0,61.30993997119371,0.2997891826527228,3475.6233354776728,696088,696088,3.2675746941480632,
1050360118_4,0.200000,1.16465E+07,2.69953,0.692256,55403.07,275.6371641791045,58022.880833300005,10080.0,100.0,1011.40940987226,0.2994938591325971,14502.651449450681,11414315,11414315,0.7782253996301167,
1050360118_5,0.200000,1.15321E+07,2.70316,0.697821,53511.65,266.2271144278607,58022.92920140001,10020.0,100.0,980.029629992321,0.2990186190200416,14211.60052101546,10983174,10983174,0.7886353255811059,
1050360119_0,0.213121,7.90299E+06,2.88778,0.906345,92119.42,458.3055721393035,58023.252314800004,9596.0,100.0,884.2196396291259,0.26256431734394514,3211.8194701304246,9545858,9545858,3.3623190791149153,
1050360119_1,0.200947,1.04153E+07,2.88360,0.906345,111219.3,553.3298507462687,58023.26645830001,9549.0,100.0,1029.43448967487,0.2614498784551704,25222.7109528382,11062054,11062054,0.4260519087867332,
1050360119_3,0.200105,1.08542E+07,2.92477,0.906345,44659.69,222.18751243781097,58023.724641199995,9267.0,100.0,352.03771983459603,0.25189617999110603,14423.723090275384,3674227,3674227,0.7236515880996837,
1050360119_4,0.220373,6.80567E+06,2.94528,0.906345,127206.2,632.8666666666667,58023.765081,9209.0,100.0,1059.46533044335,0.2517420172849381,8105.215471287653,10994041,10994041,1.2804411516182568,
1050360119_5,0.202082,1.03290E+07,2.92392,0.906345,48596.05,241.77139303482588,58023.7885301,9271.0,100.0,388.684860083275,0.25199776496881593,8429.695245865745,4062467,4062467,1.240029080839148,
1050360120_0,0.203213,9.97223E+06,2.83966,0.906345,88740.45,441.49477611940296,58020.5663426,10190.0,100.0,848.519100124016,0.270332116716699,31459.00855554732,9715185,9715185,0.3639638296714021,
1050360120_1,0.205665,9.36355E+06,2.84363,0.906345,63282.54,314.83850746268655,58020.6332755,10090.0,100.0,624.052690283395,0.27006909446197924,19010.773010820205,7074531,7074531,0.596347582546948,
1050360120_2,0.200001,1.01847E+07,2.78591,0.906345,45910.34,228.40965174129352,58020.6976505,10300.0,100.0,616.059779953212,0.28347973027305506,14932.664834213383,7120781,7120781,0.7740990597096556,
1050360120_3,0.200000,1.04035E+07,2.81379,0.903772,39858.66,198.30179104477614,58020.7638079,10130.0,100.0,465.781320179813,0.2764828089091008,18966.76188319795,5299098,5299098,0.5998595676610511,
1050360120_4,0.208074,8.56782E+06,2.81305,0.906345,20223.93,100.6165671641791,58020.8309375,10160.0,100.0,229.387679986656,0.2771064869138529,14016.966632276415,2616671,2616671,0.8138717560660815,
1050360120_5,0.200000,1.02036E+07,2.78540,0.902322,14857.96,73.92019900497512,58020.8877546,10280.0,100.0,190.84419003128997,0.2818369662481001,16644.550773597406,2203252,2203252,0.6936481698647834,
1050360120_6,0.200000,1.01958E+07,2.78846,0.901943,36857.08,183.36855721393036,58020.8923495,10230.0,100.0,481.560210078955,0.282237361666524,19869.424731264142,5530190,5530190,0.5779975824028224,
1050360120_7,0.204905,9.19187E+06,2.80461,0.906345,74565.24,370.97134328358214,58020.9519097,10230.0,100.0,888.0142400693151,0.27943103591952595,15649.56853327577,10194370,10194370,0.7336110186691936,
1130360103_0,0.200000,1.13383E+07,2.70185,0.641029,52412.27,260.75756218905474,58026.724213,9077.0,100.0,1221.13094963599,0.2982748486822357,3685.156889100031,12420070,12420070,2.760728436622569,
1130360103_1,0.200000,1.17644E+07,2.67885,0.604809,15054.55,74.89825870646766,58026.7465278,9152.0,100.0,376.629929901101,0.3022128305489402,9278.082976064956,3859914,3859914,1.1047178162670912,
1130360103_2,0.200000,1.10754E+07,2.67677,0.639567,2776.37,13.812786069651741,58026.750960599995,9137.0,100.0,70.1543900081888,0.3044213130021098,9313.886318851506,717031,717031,1.0974854667388168,
1130360103_3,0.200000,1.42765E+07,2.67677,0.457008,59321.32,295.1309452736318,58026.7886921,8476.0,100.0,2342.3308808207503,0.3000873343352312,5810.613439934195,22209304,22209304,1.6320725800134297,
1130360104_0,0.200000,1.67914E+07,2.61813,0.314038,18607.25,92.57338308457712,58027.7535648,7466.0,100.0,1403.46549959853,0.3085422910891449,3824.242791316509,11685021,11685021,2.177689101949265,
1130360104_1,0.200000,1.63397E+07,2.62677,0.330465,8995.69,44.754676616915425,58027.7733449,7548.0,100.0,638.246849938296,0.3071791046965783,8722.882489408517,5374941,5374941,0.9655500491750618,
1130360105_0,0.200000,1.53365E+07,2.65143,0.367190,20622.98,102.60189054726368,58028.7193403,7603.0,100.0,1206.15173980128,0.30313682497346817,6929.759950172121,10240286,10240286,1.2253343921950264,
1130360105_1,0.200000,1.49295E+07,2.65741,0.384666,10134.94,50.42258706467662,58028.73920140001,7684.0,100.0,537.12473976519,0.3026329550141997,9344.962382482365,4610812,4610812,0.918694628545631,
1130360105_2,0.200000,1.62662E+07,2.62879,0.324071,31468.16,156.55800995024876,58028.7837153,7354.0,100.0,2226.6450002789497,0.30670321412492235,8152.071115969687,18258459,18258459,1.0060011020787445,
1130360105_3,0.200000,1.56409E+07,2.64551,0.353197,31941.54,158.9131343283582,58028.851273099994,7524.0,100.0,1952.4018793432,0.3043667771508593,9005.413557263963,16395296,16395296,0.9325982831145044,
1130360106_0,0.200000,1.35277E+07,2.69212,0.442298,45893.71,228.32691542288558,58029.7490278,7630.0,100.0,2104.2843825527398,0.2966512908416439,7073.051864644886,17965959,17965959,1.207259232217014,
1130360106_1,0.200000,1.39474E+07,2.68158,0.423902,43739.50,217.60945273631842,58029.81363430001,7650.0,100.0,2141.5097495773803,0.2986463818562972,7250.582709414048,18324138,18324138,1.1802947866417917,
1130360107_0,0.200000,1.71840E+07,2.59602,0.257351,5002.15,24.886318407960196,58030.71504630001,6488.0,100.0,558.202079974115,0.31066674511008724,4575.14089754091,4029097,4029097,1.577999039760391,
1130360107_11,0.200000,1.74655E+07,2.58438,0.241835,2073.99,10.318358208955223,58030.7797454,6305.0,100.0,231.55169694457996,0.31247669897248065,3384.947540332614,1622753,1622753,2.0710034903063947,
1130360107_12,0.200000,1.74647E+07,2.58588,0.245285,882.43,4.390199004975124,58030.7824555,6379.0,100.0,87.9186728931975,0.3133341831719612,6651.236434983458,623056,623056,1.0656359730420633,
1130360107_13,0.200000,1.74476E+07,2.58369,0.241377,931.94,4.636517412935324,58030.7834856,6293.0,100.0,87.3366353642564,0.3121378489350841,8888.753768211322,611607,611607,0.7879233600917459,
1130360107_14,0.200000,1.74105E+07,2.58742,0.246156,13278.50,66.06218905472637,58030.7845089,6368.0,100.0,1593.35896304922,0.31169664977691625,7588.577735769796,11288893,11288893,0.93375851550285,
1130360107_15,0.200000,1.54309E+07,2.64652,0.326975,13894.39,69.1263184079602,58030.85526619999,6880.0,100.0,1034.07975005917,0.3030234264959303,9821.736991194708,7937685,7937685,0.7816201490389175,
1130360107_6,0.200000,1.72600E+07,2.58029,0.247795,1099.96,5.472437810945274,58030.72554400001,6412.0,100.0,123.789874953218,0.3134187563734398,6063.918988364952,883110,883110,1.1766516632390611,
1130360107_7,0.200000,1.75746E+07,2.56953,0.238820,796.67,3.9635323383084575,58030.7270139,6389.0,100.0,82.170249001123,0.3152480190584963,11325.616641629287,583882,583882,0.6274613429058931,
1130360108_2,0.200000,1.46790E+07,2.67805,0.361507,33767.34,167.99671641791042,58031.870231500005,6930.0,100.0,2230.08505948074,0.2981666903829021,3896.095263070832,17246257,17246257,1.9854334829299995,
1130360109_2,0.200000,8.14038E+06,2.83513,0.900005,47307.74,235.36189054726367,58032.399305599996,7691.0,100.0,978.7436995748429,0.274871992865077,12059.308000247049,8460665,8460665,0.7168844289560699,
1130360109_5,0.200000,9.60958E+06,2.77461,0.703490,73527.79,365.8099004975124,58032.83770830001,7687.0,100.0,1972.6560007967103,0.2850302726434773,9453.033665491079,17005097,17005097,0.9120160805604284,
1130360110_0,0.200000,1.23484E+07,2.74873,0.480572,42866.54,213.26636815920398,58033.02980319999,7030.0,100.0,2027.9215008486103,0.28692498615757545,3138.504233320212,15963931,15963931,2.5090214935259176,
1130360110_1,0.200000,1.43997E+07,2.69452,0.367049,27948.59,139.04771144278607,58033.2239005,6756.0,100.0,1937.3039401453,0.29495526379640885,3096.4394375879187,14617058,14617058,2.4374734677775107,
1130360110_3,0.200000,9.62190E+06,2.82381,0.706911,27818.54,138.40069651741294,58033.429664400006,7273.0,100.0,834.4796798229221,0.2757695858994156,12942.212202081311,6809839,6809839,0.6305886070442283,
1130360110_5,0.214963,5.71627E+06,2.86356,0.906345,20315.38,101.07154228855723,58033.627233800005,7445.0,100.0,432.026939982548,0.2716385922911669,16606.2054363001,3614715,3614715,0.5038705542189498,
1130360110_6,0.215233,5.73547E+06,2.86793,0.906345,78382.73,389.9638308457711,58033.8054051,7476.0,100.0,1686.89280068129,0.2711933276540498,12834.813521195036,14168292,14168292,0.6544467110575325,
1130360111_0,0.200000,8.42440E+06,2.84177,0.844050,67169.95,334.178855721393,58033.9991435,7411.0,100.0,1568.2209397740698,0.2740726578307026,12979.511276863592,13048712,13048712,0.6411143806859754,
1130360111_2,0.200000,8.15138E+06,2.85411,0.879826,66342.63,330.06283582089554,58034.1930903,7356.0,100.0,1512.75690050796,0.2720829526573973,6436.025934059085,12500715,12500715,1.2841489759240754,
1130360111_3,0.200000,8.00775E+06,2.87311,0.906345,38607.76,192.078407960199,58034.3937731,7268.0,100.0,849.138680111617,0.26765770514519105,12939.726533151861,6940105,6940105,0.6316781908738397,
1130360113_0,0.200000,1.26810E+07,2.81003,0.456937,6212.10,30.905970149253733,58036.4984375,6368.0,100.0,282.525755949318,0.2769716098276899,8094.729357854959,2005001,2005001,0.8768147959790333,
1130360113_1,0.200000,1.59684E+07,2.70199,0.282288,3239.13,16.115074626865674,58036.6912616,5762.0,100.0,297.586925961077,0.2927709267596967,8063.170273010148,1902280,1902280,0.7928821275277735,
1130360130_4,0.207695,2.60962E+06,3.64758,0.903526,18484.78,101.56472527472526,58136.4066204,1226.0,100.0,416.989439958706,0.1145913865159329,5892.4965871146205,584173,584173,0.2377884703188497,
1130360130_5,0.218920,1.93946E+06,3.64758,0.906343,8771.81,50.41270114942528,58136.42045140001,1228.0,99.9,194.66935604438203,0.11424336798365127,2697.021767510849,272967,272967,0.5201027620397553,
1130360130_6,0.228036,2.08909E+06,3.64758,0.667848,18865.29,105.39268156424582,58136.470983800005,1210.0,100.0,413.016032040119,0.11321233870763275,6183.8071076043925,569201,569201,0.2229015286706449,
1130360130_8,0.227873,2.06762E+06,3.64758,0.677696,45291.00,237.12565445026178,58136.7283565,1209.0,100.0,986.399528911337,0.11268619482220173,6143.7782333766245,1359387,1359387,0.2243496619702844,
1130360130_9,0.209085,2.48885E+06,3.64758,0.902265,44906.62,235.1131937172775,58136.8571181,1212.0,100.0,991.3613041052589,0.11291714820534372,5528.272665646133,1369552,1369552,0.24993994743415934,
1130360131_0,0.210424,2.38801E+06,3.64758,0.902228,42592.59,221.83640624999998,58137.11447919999,1205.0,100.0,915.8982039066029,0.11154244770264247,5499.423449444691,1258884,1258884,0.2499771563733585,
1130360131_1,0.201458,4.39833E+06,3.64758,0.609387,28987.89,152.56784210526317,58137.3077431,1200.0,99.9,658.5592261464341,0.11237131362482353,1836.9328937042997,901898,901898,0.745943239773462,
1130360131_2,0.204953,2.76769E+06,3.64758,0.903057,36993.12,194.7006315789474,58137.5651852,1207.0,99.9,817.5871289819479,0.11256859884277437,2729.814612867725,1125677,1125677,0.5045517474842068,
1130360131_3,0.200783,3.10686E+06,3.64758,0.902175,36822.86,195.8662765957447,58137.6295255,1208.0,100.0,813.628179094288,0.1124450747143815,5658.723978557294,1121134,1121134,0.2435509265069616,
1130360131_4,0.230359,1.99565E+06,3.64758,0.654585,39159.44,209.40877005347596,58137.6939352,1199.0,99.9,841.480100973975,0.11137945832124756,3457.041618284495,1151551,1151551,0.3959682486487863,
1130360131_5,0.201353,3.47153E+06,3.64758,0.785476,37926.14,200.6674074074074,58137.7582523,1202.0,100.0,844.457149947993,0.11226309270600064,4587.439837986544,1156671,1156671,0.29864588073832266,
1130360131_6,0.212654,2.24376E+06,3.64758,0.902493,36236.24,193.77668449197859,58137.8225926,1200.0,100.0,795.747041911818,0.11242679819577486,5663.358446319017,1089896,1089896,0.2418870776462176,
1130360131_7,0.200000,5.30470E+06,3.64758,0.527742,34793.82,186.06320855614973,58137.887384300004,1212.0,100.0,758.022188113537,0.1122898439943075,4637.468905156629,1048106,1048106,0.2982194312324302,
1130360131_8,0.211514,2.32917E+06,3.64758,0.902123,36561.87,193.44904761904763,58137.95129630001,1209.0,100.0,805.698492851574,0.11270011199284125,4099.600228032125,1112830,1112830,0.3369928712123314,
1130360132_0,0.214330,2.16775E+06,3.64758,0.902291,37264.66,196.12978947368424,58138.015648099994,1211.0,100.0,805.703358888626,0.11334650109693355,5384.0050268319155,1112750,1112750,0.25656513751108856,
1130360132_1,0.200000,4.28619E+06,3.64758,0.673014,36545.29,196.48005376344088,58138.08,1208.0,100.0,805.725255866535,0.11247327468631382,4666.268809679997,1110684,1110684,0.2954791670391134,
1130360132_2,0.227116,1.58676E+06,3.64758,0.886490,17933.88,95.90310160427808,58138.275740699995,1203.0,99.7,376.58576997136703,0.11109618538939936,541.7331710876575,518147,518147,2.5445211825790905,
1130360133_0,0.207781,2.54752E+06,3.64758,0.902703,14517.25,81.10195530726257,58139.56423609999,1199.0,100.0,330.988014031202,0.11331796295202665,5756.0928412786425,451832,451832,0.23719874367919905,
1130360134_0,0.202028,2.92915E+06,3.64758,0.902740,4133.94,26.16417721518987,58140.0171875,1179.0,99.9,87.49197600409391,0.1106557955979796,3428.172235099238,118008,118008,0.3935566852596528,
1130360135_1,0.208414,2.48081E+06,3.64758,0.901102,30594.76,162.73808510638298,58141.936956,1185.0,100.0,685.7644560676999,0.11253271880796384,5732.216438582146,924520,924520,0.23523098622142805,
1130360137_0,0.244544,1.62449E+06,3.64758,0.488588,19161.67,107.64983146067415,58151.782858800005,1021.0,100.0,440.207963975728,0.10532089872830562,4002.469637634453,509501,509501,0.2892461716793804,
1130360138_0,0.221623,2.40502E+06,3.64758,0.283023,35201.05,175.12960199004976,58175.7774421,540.0,99.0,957.147858979879,0.0759596800251692,156.80716728871886,585415,585415,3.925521696830109,
1130360138_1,0.218837,2.63081E+06,3.64758,0.279157,3747.60,26.025,58175.851886599994,543.4,99.9,95.91767039895059,0.07722249611270182,1410.931797768316,58300,58300,0.4310938500724681,
1130360143_1,0.393717,7.76137E+04,3.64758,5.65310E-02,1367.83,8.768141025641025,58196.8659954,272.0,97.7,141.851042006398,0.049804720511118,74.28623649278812,43232,43232,4.158630910184506,
1130360144_4,0.206971,9.07268E+05,3.64758,0.559751,12051.26,77.75006451612903,58197.901261599996,266.9,99.1,250.685497001279,0.053511318609756116,205.67372835937562,73599,73599,1.434434108450811,
1130360144_5,0.240877,4.95746E+05,3.64758,0.420185,3628.49,26.877703703703702,58197.9656019,266.7,99.5,85.90187400369899,0.056794910372547774,357.53961684881403,25216,25216,0.8233144997489358,
1130360145_0,0.203878,6.29493E+05,3.64758,0.905360,8332.31,52.40446540880503,58198.094305599996,267.8,99.2,149.824200005969,0.0567857223976861,196.40091994020236,44175,44175,1.5089261558933598,
1130360145_2,0.386476,8.19822E+04,3.64758,6.03364E-02,1510.20,9.870588235294118,58198.4808102,258.5,99.1,183.770000005141,0.05347902959027754,216.9889450632008,52379,52379,1.3196266092160729,
1130360145_3,0.393547,7.32189E+04,3.64758,5.51456E-02,1377.49,9.632797202797203,58198.8014699,255.0,98.7,161.811593998689,0.051271770301268685,144.80655745419662,45509,45509,1.95573030984264,
1130360145_4,0.348806,1.47942E+05,3.64758,8.48720E-02,1655.58,11.262448979591836,58198.93017359999,257.7,99.2,170.80146900122102,0.0544350447072836,230.01436680298332,47923,47923,1.2251511380985036,
1130360146_0,0.225457,6.42713E+05,3.64758,0.454256,11004.29,70.54032051282051,58199.0588426,254.2,99.5,246.71496198617402,0.05378381077680396,334.81092207275486,68593,68593,0.8328825579478326,
1130360146_1,0.375552,9.56200E+04,3.64758,6.60584E-02,1760.53,9.121917098445596,58199.1875694,254.7,98.5,237.70797399291803,0.055009449551793925,82.811997892151,66274,66274,3.4078654098944825,
1130360146_10,0.391478,7.29317E+04,3.64758,5.37667E-02,628.34,4.94755905511811,58199.766493099996,243.5,98.4,69.921040001791,0.04869496984512818,106.45316655575888,18856,18856,2.557302274316293,
1130360146_4,0.380993,8.67634E+04,3.64758,5.95472E-02,995.66,7.111857142857143,58199.37304400001,247.8,99.4,122.881206597551,0.05412956569696675,280.2741523233119,33544,33544,0.9774592030606448,
1130360146_6,0.390593,7.42808E+04,3.64758,5.62419E-02,1190.72,7.395776397515528,58199.438796300004,247.2,98.6,149.851860007038,0.05018858670954333,98.01842223000084,40871,40871,2.8112464389345213,
1130360146_7,0.206246,8.92022E+05,3.64758,0.534643,14271.44,78.41450549450549,58199.44417819999,246.0,98.3,290.643524995772,0.04881035498660684,88.73252652889427,78699,78699,3.0863695491181566,
1130360146_8,0.234044,5.64763E+05,3.64758,0.402641,7940.54,52.58635761589404,58199.5096528,248.3,99.0,190.771181992022,0.05333541399165124,193.67225649887726,51861,51861,1.4109412561253631,
1130360146_9,0.291256,3.79790E+05,3.64758,0.129250,4575.96,28.961772151898735,58199.7609722,244.7,97.6,242.76115529180998,0.04618856914360206,77.21019320825195,66198,66198,3.5781011231315736,
1130360147_2,0.248055,4.84744E+05,3.64758,0.291718,4989.85,35.38900709219858,58200.860740699994,227.2,99.3,140.790050993557,0.048039471430725005,265.12773187739066,34517,34517,0.9282117768706396,
1130360152_0,0.338478,8.86387E+04,3.64758,2.29490E-02,1212.61,9.400077519379844,58210.8006597,93.5,99.6,412.815719403123,0.02837150047947594,389.2449096543499,38787,38787,0.2420049190420005,
1130360152_1,0.278468,2.90240E+05,3.64758,5.19660E-02,2502.02,19.0993893129771,58210.9939699,91.98,99.5,389.82555299968203,0.030084374318884163,325.8687515141948,36175,36175,0.285647414018812,
1130360153_0,0.325169,1.11974E+05,3.64758,2.97164E-02,1367.44,10.518769230769232,58211.0583102,91.94,99.6,390.825731304445,0.029067256056940133,382.78530343634804,35970,35970,0.2410671769815304,
1130360155_0,0.321544,9.68541E+04,3.64758,1.99877E-02,1121.60,8.627692307692307,58213.181713,69.38,99.5,473.800208996166,0.0255960037318514,286.63816469601727,31540,31540,0.2330505901821045,
1130360155_1,0.323443,9.34096E+04,3.64758,1.72490E-02,1065.72,8.735409836065575,58213.2465972,68.48,99.5,455.808343200479,0.02296695609528105,275.45758811811874,29839,29839,0.2385210714788545,
1130360156_0,0.317038,9.77266E+04,3.64758,1.76978E-02,1035.68,7.905954198473283,58214.0215046,62.33,99.4,490.797658902593,0.024321206020020185,256.95983702215625,28828,28828,0.2294775507478268,
1130360156_1,0.315747,9.95361E+04,3.64758,1.70309E-02,564.25,5.083333333333333,58214.21436340001,61.26,99.4,248.89781039729098,0.02354804770599481,238.4001362540694,14266,14266,0.2414349729010412,
1130360156_3,0.313397,9.86350E+04,3.64758,1.61153E-02,1706.30,12.546323529411765,58214.5350579,57.1,99.4,818.665602304187,0.02202379454207287,233.72365212212142,43643,43643,0.22906963792988186,
1130360156_5,0.312710,1.00212E+05,3.64758,1.61537E-02,1648.43,12.120808823529412,58214.59960650001,57.12,99.4,783.681539193727,0.02212507623640665,235.31081497746632,41605,41605,0.22657582777784105,
1130360156_6,0.313170,9.86268E+04,3.64758,1.54022E-02,1617.60,11.807299270072992,58214.66344909999,56.5,99.3,841.65772699134,0.021412847761953846,207.9892149327501,44430,44430,0.2550310629397956,
1130360157_0,0.307474,1.04897E+05,3.64758,1.45914E-02,818.60,6.765289256198347,58215.2428472,52.3,99.4,423.83078159485,0.021241842459022883,221.30041483131652,19918,19918,0.21332311563547335,
1130360157_2,0.306079,1.05000E+05,3.64758,1.34388E-02,1191.86,9.098167938931297,58215.5650694,50.07,99.1,700.722404008033,0.018688848334220118,156.62582764209014,31593,31593,0.2897098025278281,
1130360157_3,0.301017,1.13123E+05,3.64758,1.58978E-02,302.17,3.320549450549451,58215.7538194,48.72,99.2,116.034922426308,0.02085841603085485,188.66312202872632,5016,5016,0.2303508793325525,
1130360157_4,0.305238,1.04524E+05,3.64758,1.35142E-02,1726.65,12.695955882352942,58215.7551852,48.88,99.0,972.614983913372,0.01777508595867751,143.66717444409238,42483,42483,0.3061612071211774,
1130360157_5,0.298678,1.17880E+05,3.64758,1.65809E-02,1402.78,10.70824427480916,58215.821990699995,48.01,99.1,763.6992896004809,0.01952619804839647,157.33841886429946,32906,32906,0.2756049359864556,
1130360158_2,0.282399,1.20444E+05,3.64758,9.94849E-03,451.19,3.9928318584070794,58218.84383099999,30.81,96.5,345.875647599692,0.011185862060289929,36.441082649645736,8583,8583,0.7001839429508506,
1130360158_3,0.272053,1.43172E+05,3.64758,1.72564E-02,379.77,2.712642857142857,58218.9725579,29.35,95.7,343.876331999432,0.029764835729776857,31.119684695666514,8600,8600,0.8303204693177851,
1130360160_0,0.266260,1.33855E+05,3.64758,9.94844E-03,441.42,4.204,58220.7744097,22.0,98.2,450.841022497043,0.016942266616445482,64.26530358409869,7513,7513,0.2634052133825084,
1130360160_1,0.260476,1.49213E+05,3.64758,1.04771E-02,454.66,3.2946376811594207,58220.903078699994,21.22,95.1,428.84937810176103,0.030454072221042412,26.063579548628038,7080,7080,0.6586965315205867,
1130360160_2,0.257411,1.64446E+05,3.64758,1.11076E-02,296.14,2.667927927927928,58220.967708300006,21.56,97.5,318.888031001552,0.031366431195906236,46.60614275652637,5041,5041,0.3466212117329442,
1130360161_0,0.235087,1.62125E+05,3.64758,9.94844E-03,468.42,2.90944099378882,58224.6328588,10.55,91.1,943.6720544029961,0.027338383597097688,12.286264918653119,6673,6673,0.6265414250961476,
1130360181_0,0.307120,1.39569E+05,3.64758,3.94772E-02,2505.04,12.462885572139303,58259.2336227,81.65,95.0,974.102317474899,0.0345127982106792,22.94930211945045,82222,82222,3.84558790852741,
1130360181_2,0.308710,1.36056E+05,3.64758,3.81509E-02,4060.22,20.20009950248756,58259.74888890001,78.8,91.4,877.270382014918,0.010392419291861051,18.268352014645203,74800,74800,4.937615157150708,
1130360181_3,0.331020,9.06969E+04,3.64758,2.80753E-02,1382.41,7.513097826086957,58259.8780556,84.07,96.8,569.0536665471141,0.030089803096629238,49.25933175345125,48673,48673,1.7723667144849982,
1130360181_5,0.314722,1.25035E+05,3.64758,3.68799E-02,1215.90,8.052317880794703,58259.94263890001,85.16,98.9,427.632775994018,0.03328193540199242,153.81968459719818,36853,36853,0.563926578355989,
1130360181_6,0.321779,1.11494E+05,3.64758,3.25539E-02,563.92,4.056978417266187,58259.947615699995,86.42,97.4,177.859006203944,0.02786877395759689,49.48554746806371,15494,15494,1.7966992500789092,
1130360182_0,0.333496,8.77297E+04,3.64758,2.81834E-02,1819.51,9.05228855721393,58260.07473380001,85.56,95.4,722.4048264131419,0.025818631033869256,28.869555100382644,63979,63979,3.177801553577408,
1130360182_1,0.288274,2.19161E+05,3.64758,4.91523E-02,1460.59,7.687315789473684,58260.13879630001,87.6,97.8,370.513667536914,0.038660452454910336,51.40749541926889,32778,32778,1.7550241569615883,
1130360182_2,0.328057,9.75005E+04,3.64758,2.95165E-02,336.47,2.7807438016528927,58260.14312459999,85.14,97.1,109.561674449687,0.02582028587083397,47.90762934502764,9534,9534,1.8551242468657685,
1130360182_3,0.286867,2.28153E+05,3.64758,4.82044E-02,1156.36,7.813243243243242,58260.1444002,87.1,98.0,263.604755003232,0.03296134307145798,76.81212304448191,23133,23133,1.1575507990045528,
1130360182_4,0.284038,2.40903E+05,3.64758,5.21659E-02,4019.93,19.999651741293533,58260.2655556,88.2,97.2,955.1917020219839,0.03437327451649807,43.031142663555315,85614,85614,2.132470590540939,
1130360182_9,0.339968,7.96912E+04,3.64758,2.34114E-02,1292.42,7.880609756097561,58260.9177778,85.58,93.8,363.694058001041,0.018176520139159262,27.04622113942025,32793,32793,3.461786020864193,
1130360183_0,0.283884,2.49654E+05,3.64758,5.01669E-02,851.97,5.461346153846154,58261.10824069999,90.16,96.7,186.836150604126,0.03488119148670928,42.15394439401189,17118,17118,2.2262844079723894,
1130360183_1,0.327302,1.02733E+05,3.64758,3.16070E-02,1226.69,7.965519480519481,58261.110428199994,90.06,99.2,457.600807199487,0.03531662886600141,201.9284977588194,41308,41308,0.44926837552417015,
1130360183_2,0.316324,1.27180E+05,3.64758,3.87524E-02,1492.10,8.477840909090908,58261.17375,91.25,98.4,527.54275199119,0.035953480078337915,96.39486371748778,48159,48159,0.9569622539046718,
1130360183_3,0.319595,1.17811E+05,3.64758,4.00312E-02,1073.17,5.929116022099448,58261.23973380001,92.58,98.6,426.621763403062,0.04781285550679778,116.40724439462164,39517,39517,0.8026161404712251,
1130360183_4,0.319545,1.11414E+05,3.64758,5.01669E-02,525.02,2.900662983425414,58261.305729199994,90.16,95.1,209.328240559011,0.049032724986339635,34.525623156768305,19902,19902,2.8359073599509155,
1130360183_6,0.316958,1.21688E+05,3.64758,4.66739E-02,1045.63,5.202139303482587,58261.432002300004,91.86,95.3,463.582400007173,0.0496041789493478,31.296624338821136,43949,43949,3.129160333101768,
1130360183_7,0.324517,1.07393E+05,3.64758,3.52637E-02,952.52,5.066595744680851,58261.496828699994,90.85,96.5,410.63536079856596,0.04045749900382528,48.63521630752528,37814,37814,1.933161482603125,
1130360183_8,0.319181,1.16277E+05,3.64758,4.17926E-02,358.16,2.888387096774194,58261.56466440001,91.54,99.1,97.9134464026429,0.048740088054185234,199.30172177441003,8934,8934,0.46012637236421206,
1130360184_0,0.298252,1.50928E+05,3.64758,4.43624E-02,458.87,3.208881118881119,58266.1646412,75.45,99.5,214.912258501427,0.05440877124383195,303.7336801304371,15469,15469,0.2377608315200734,
1130360184_10,0.285585,1.62641E+05,3.64758,6.98757E-02,281.97,2.3112295081967216,58266.356863400004,68.17,99.3,95.96137919928879,0.07254992567462655,236.1805384833207,6441,6441,0.2854009651995946,
1130360184_11,0.296441,1.47831E+05,3.64758,5.46184E-02,464.95,3.141554054054054,58266.3579977,75.98,99.5,211.913461601245,0.0643995967289733,297.8147243055153,15654,15654,0.2488750396618448,
1130360184_12,0.295945,1.46800E+05,3.64758,5.12067E-02,627.64,3.8983850931677018,58266.421331,72.95,99.4,316.871393098671,0.0616649858838082,277.99149719284725,22367,22367,0.25483452554209995,
1130360184_13,0.286184,1.79969E+05,3.64758,5.79599E-02,580.57,3.7216025641025645,58266.4866204,74.48,99.5,235.90423119883098,0.06828455431789421,301.8695594770984,16969,16969,0.2390794615288032,
1130360184_14,0.294709,1.47286E+05,3.64758,6.01439E-02,447.55,2.906168831168831,58266.5509606,73.93,99.5,256.895709398726,0.06930972154437304,290.642717439256,18674,18674,0.2509677344576438,
1130360184_15,0.290330,1.64312E+05,3.64758,6.07425E-02,477.48,3.003018867924528,58266.61533559999,75.3,99.4,237.903467199183,0.07454428343748414,244.4234976135141,17024,17024,0.2939668379104183,
1130360184_16,0.280154,1.95227E+05,3.64758,6.90822E-02,503.50,3.2275641025641026,58266.679699099994,73.9,99.5,253.89715540048198,0.08256003056020346,346.54156075691594,18089,18089,0.20618469897607025,
1130360184_17,0.284332,1.79321E+05,3.64758,5.80889E-02,561.75,3.555379746835443,58266.93707180001,71.13,99.5,296.87986350146804,0.07058468891477179,320.41574095306567,20500,20500,0.21618064328666775,
1130360184_3,0.301290,1.37269E+05,3.64758,4.63439E-02,321.65,2.658264462809917,58266.2291204,74.53,99.4,101.13528983220101,0.055292796262127415,267.1981143829861,7225,7225,0.2683676438056195,
1130360184_4,0.296992,1.49401E+05,3.64758,4.91500E-02,234.18,1.8013846153846154,58266.2303013,74.98,99.5,121.916541056238,0.061046732622249314,287.07536804788447,8876,8876,0.2544920356396572,
1130360184_7,0.300955,1.38553E+05,3.64758,4.77298E-02,231.83,2.0699107142857143,58266.2934244,75.41,99.1,76.4834807240195,0.05818569762943779,169.88258765506367,5620,5620,0.43509470356251867,
1130360184_9,0.295498,1.52475E+05,3.64758,5.42330E-02,316.82,2.3643283582089554,58266.29460650001,74.74,99.4,125.948755798512,0.061550667242667424,262.9781209254154,9078,9078,0.27512577188663223,
1130360185_0,0.283221,1.79993E+05,3.64758,6.02050E-02,560.08,3.5005,58267.0659954,70.62,99.5,297.879637802835,0.07664768659456027,320.92963318125425,20372,20372,0.21376587771309952,
1130360185_1,0.262044,2.68652E+05,3.64758,8.02419E-02,433.33,2.5340935672514617,58267.194456,72.4,99.1,321.870266196143,0.1045212320121256,170.86984431964703,22537,22537,0.4121914288166765,
1130360185_2,0.246437,3.64185E+05,3.50038,7.80523E-02,565.27,3.1058791208791208,58267.386736099994,70.08,99.5,425.829855593853,0.13045107151407648,288.9163827809997,28892,28892,0.23565416583295776,
1130360186_0,0.200000,5.86597E+05,2.47670,2.39718E-02,371.97,1.9273056994818654,58270.92607640001,32.08,96.5,454.837701495708,0.2931929277629387,44.70725776700634,14043,14043,0.7063986821521641,
1130360186_1,0.200000,6.32149E+05,2.45247,2.29501E-02,361.60,1.8262626262626265,58270.931365699995,34.3,96.2,729.733622990025,0.29363009055227146,40.41122719842462,24201,24201,0.8414900715643828,
1130360187_0,0.200000,6.09794E+05,2.44254,2.24027E-02,545.60,2.7144278606965173,58270.9903704,32.85,97.0,1191.57123759622,0.293821506120013,52.55588812094592,37646,37646,0.6128025357926605,
1130360188_0,0.200000,1.80118E+05,1.96405,2.08327E-02,288.51,1.4871649484536082,58273.75883099999,15.47,96.8,785.729851801763,0.4205264167218268,51.05096691589539,12253,12253,0.3115707704892323,
1130360199_1,0.507562,195.002,1.34434,0.232279,364.97,1.9008854166666669,58287.325463,9.549,91.7,679.767100007739,0.5103568402200234,21.425749760157334,7333,7333,0.5281332818114379,
1130360199_2,0.200623,9.57731E+04,1.91505,4.02714E-02,186.43,0.9760732984293194,58287.8375694,15.57,94.6,595.783473199117,0.447242280817616,31.49329206271905,10181,10181,0.5603994135513557,
1130360201_0,0.200000,2.85203E+05,2.04819,2.88868E-02,329.55,1.656030150753769,58288.738287,29.08,97.8,852.684987109416,0.4036053467699404,76.18951326464283,25557,25557,0.39862449578141695,
1130360202_0,0.200005,3.79827E+05,2.12615,2.66611E-02,282.32,1.5427322404371584,58288.9965278,33.09,98.2,281.88844080409,0.38332270344942737,91.7186757239084,9415,9415,0.3681682684623399,
1130360203_0,0.200000,6.79980E+05,2.24672,2.44639E-02,392.40,1.971859296482412,58290.217662,48.06,99.0,674.730000006821,0.34276182273580097,159.76202110847794,32204,32204,0.3006305965642915,
1130360203_1,0.200000,6.90018E+05,2.26757,2.55003E-02,374.81,1.9221025641025642,58290.284213,49.25,99.0,484.80827949402703,0.3351477150482396,168.57814936293815,23848,23848,0.2935381447051874,
1130360203_2,0.200000,6.95481E+05,2.30932,2.69947E-02,448.17,2.24085,58290.346296300006,49.6,99.2,680.723309694033,0.33835051722145343,196.83006419209758,33460,33460,0.25100128690261925,
1130360204_0,0.271533,2.13477E+05,3.27373,7.85024E-02,509.91,2.6284020618556703,58292.60013890001,84.94,98.0,346.841559795343,0.14027723384834684,84.2995383546092,29750,29750,1.0297060036188217,
1130360205_0,0.267209,2.24552E+05,3.60013,8.16626E-02,536.88,2.9661878453038675,58296.200705999996,70.76,98.9,373.44684408202994,0.1091449559782422,147.75369325609103,26021,26021,0.4747950137287629,
1130360205_1,0.256401,2.86594E+05,3.64758,8.83241E-02,684.49,3.7403825136612023,58296.20503790001,70.65,98.9,504.50260190016195,0.10935055661485653,147.99888853888046,35147,35147,0.4739262889782942,
1130360205_2,0.265346,2.37857E+05,3.64758,8.22417E-02,1043.11,5.29497461928934,58296.26510419999,70.49,98.8,857.5742604044501,0.10649243192510142,137.6999621500093,59143,59143,0.5045023788266281,
1130360206_0,0.264334,2.08061E+05,2.92402,4.46636E-02,308.30,1.8029239766081873,58297.680625,60.37,98.7,206.86596750357398,0.15519051967250386,125.32518314885642,12243,12243,0.4760358858098362,
1130360206_1,0.200419,1.26286E+06,3.39464,5.99725E-02,332.94,1.947017543859649,58297.68810190001,59.2,98.4,227.905493997037,0.16575954126659742,98.05962485968617,13170,13170,0.5953774366673384,
1130360207_0,0.200001,5.68146E+05,2.42017,2.33950E-02,218.45,1.300297619047619,58300.1898727,32.04,98.2,218.86229279672298,0.3117174689608814,85.3289143982956,6701,6701,0.36307150367362795,
1130360207_1,0.200000,5.65463E+05,2.39735,2.31583E-02,390.70,2.0243523316062175,58300.1924306,32.21,98.1,617.751625797304,0.3089813313930317,84.26573302219629,19241,19241,0.3740653085556913,
1130360208_0,0.200000,3.41983E+05,2.18004,2.19332E-02,328.91,1.722041884816754,58301.1579745,23.93,97.7,610.729754704982,0.3608078212840117,71.85190846490188,14379,14379,0.3322982480004897,
1130360209_0,0.200001,2.09864E+05,2.04469,2.32873E-02,247.15,1.4453216374269007,58302.0612847,17.76,95.4,316.82485749491,0.39619043476112603,36.73375134876967,5836,5836,0.515486651763034,
1130360226_3,0.278997,5482.15,1.60337,8.99061E-02,210.91,1.178268156424581,58321.4347222,10.1,95.1,459.72602400230204,0.5208294977422108,35.53144140080161,5081,5081,0.3200629465962185,
1130360226_4,0.201026,5.42900E+04,1.64991,3.26628E-02,185.37,1.035586592178771,58321.4990972,10.23,95.1,469.719315996626,0.5276032820476563,34.45718657086721,5209,5209,0.33145648424354296,
1130360226_5,0.200258,3.82740E+04,1.88265,6.42919E-02,220.59,1.212032967032967,58321.62776619999,9.849,89.6,494.703742491547,0.469389935318049,16.991801420551027,5705,5705,0.7211291721712909,
1130360226_6,0.200817,5.52447E+04,1.77603,4.02347E-02,194.60,1.0871508379888268,58321.6921875,10.79,95.4,496.701551512873,0.4835105096144956,38.204071440503775,5862,5862,0.317219464663724,
1130360227_0,0.255087,1.22527E+04,1.69674,7.78426E-02,193.42,1.0398924731182795,58322.0135995,12.77,97.1,543.6756672002381,0.4885906698272189,58.1616704333264,7498,7498,0.2412685023045783,
1130360227_1,0.200000,1.15148E+05,1.86156,3.38250E-02,162.96,0.975808383233533,58322.7264236,16.52,98.0,294.81645099323896,0.4589976270552181,84.155517712443,5184,5184,0.21145706856394092,
1130360228_1,0.200000,3.31237E+05,2.17890,2.89622E-02,396.61,1.9731840796019902,58324.25564809999,28.88,89.0,1014.3401484974302,0.3690798755653681,12.870610898445213,32553,32553,2.7035495457007417,
1130360228_4,0.200000,4.44281E+05,2.30368,2.90201E-02,383.49,1.99734375,58324.845763900004,33.81,98.4,548.600053490431,0.3315427505012853,99.46014630192906,18595,18595,0.3442546857888341,
1130360229_1,0.200000,5.07166E+05,2.37608,3.01571E-02,442.54,2.223819095477387,58325.4824421,36.68,98.4,1071.22901759483,0.323594125335512,101.58719123923572,39141,39141,0.3632510743840892,
1130360229_2,0.200000,5.07673E+05,2.31641,2.75574E-02,458.30,2.2915,58325.5495949,36.52,98.8,817.390835380065,0.33299406923326874,134.21210336646865,29794,29794,0.27362474110551466,
1130360230_0,0.200001,5.78262E+05,2.39583,2.79881E-02,408.89,2.1296354166666664,58326.644548599994,38.62,99.0,621.490892997361,0.3140334099099176,154.84453203641942,23633,23633,0.24717356459383855,
1130360230_2,0.200000,6.31222E+05,2.44340,2.83640E-02,211.81,1.2836969696969698,58326.777037,40.01,99.1,166.859001895646,0.3041727911528608,161.84934043311537,6621,6621,0.24669177057938635,
1130360231_0,0.200000,6.03129E+05,2.38571,2.71490E-02,549.78,2.7489,58327.1526852,39.8,98.7,1137.08140642685,0.31432735209862434,132.5908737658819,44486,44486,0.2973076121488932,
1130360231_1,0.200000,5.24592E+05,2.35927,2.77446E-02,339.59,1.7686979166666665,58327.7968287,35.68,95.6,389.67711899313105,0.3207063202896963,36.92670952108297,14189,14189,1.0135132726021516,
1130360231_2,0.200000,5.30820E+05,2.35885,2.77386E-02,339.63,1.8065425531914894,58327.8033449,36.69,99.0,393.632358598523,0.325706757000178,160.3366518008882,14138,14138,0.2254143177755611,
1130360231_3,0.200000,5.12830E+05,2.34130,2.72501E-02,444.82,2.2241,58327.86177080001,35.47,96.5,942.1730833157781,0.32492040196799343,45.4313961463825,33900,33900,0.8098023734007691,
1130360232_0,0.200000,4.25480E+05,2.18856,2.44785E-02,337.28,1.7120812182741116,58328.4435185,32.13,98.5,639.3542400002481,0.35987852714852386,105.88878672107106,20497,20497,0.3056466848584193,
1130360232_2,0.200000,4.20423E+05,2.22935,2.58380E-02,251.82,1.3184293193717278,58328.5097801,31.16,98.5,465.501380000729,0.3595152383844347,104.05237998714053,14429,14429,0.3007857341178816,
1130360248_0,0.200684,1.97295E+04,1.86364,8.15756E-02,257.13,1.3604761904761904,58355.44675930001,6.4910000000000005,81.0,672.762700195075,0.4762204196265429,10.018466423300264,5439,5439,0.8964466758570212,
