observation_ID,0,1,2,3,4,5,6,7,8,9,10,11,12,13,14,15,16,17,18
1050360103_0,2030.2393864199278,28024.057753645713,82258.46625526063,69316.18680073437,54348.63429879608,47534.81717998948,38545.74357573294,28807.746049088633,21375.123089900608,15590.331413526023,11459.33062677432,8496.412774675178,6342.014913058337,4226.354495702932,2990.72935054325,2072.949901887666,1426.3325630621412,917.7794486555838,650.5904100318262
1050360103_1,2289.1672387558106,32192.470413193416,94162.00681484008,78568.23536820473,62334.33204933375,54551.36223628208,43095.58610659875,32673.563310960595,24115.278497375042,17671.218050629963,12932.850605059422,9556.25437837532,7046.420562544482,4656.859971155438,3257.316995832736,2327.9329887825043,1639.0954306158626,1058.6031738058787,722.633340241196
1050360103_2,2290.160815896022,31473.80732401547,92344.96973923098,76958.94575083924,61563.975821760425,53154.791575892225,42366.98110066674,32378.341326821628,23585.47562481806,17497.265990545868,12756.91141979581,9396.21970167756,7024.551426188015,4785.084274185526,3275.208284886021,2272.2689345218346,1531.7438443124004,1032.7591526544995,702.7533406417047
1050360104_0,8103.462902447567,114432.0459103861,354111.3737228278,292620.6247598818,217636.71410408875,175998.45374072608,130113.34168917652,92392.41873627227,63076.59864397792,43447.10460092373,30466.63128581147,21280.051965936018,14777.371415716423,9611.66269325937,6523.586289894214,4460.88664199847,2965.628499556671,1916.359470173411,1207.555344062518
1050360104_1,4195.254065920123,60431.09295711838,188976.81083940406,155635.8942791194,116134.46873477394,93995.10858732309,69399.67556790721,48569.16329732106,33216.972632551195,22835.429245601616,16089.904922639053,11270.965012364462,7704.354547908144,5117.39688825662,3373.2579371922143,2300.399298731904,1528.9722925192223,989.5683190234654,631.6182557294063
1050360104_11,20324.76725180047,289609.46716616186,900563.2667001599,740356.7475019488,552156.5097310658,445901.1579014734,329576.2523916844,230513.7240969351,158701.2766377694,108815.66162238621,75507.67820104599,52941.017851929726,36723.72615465038,23827.350902059177,15970.74334686217,10816.185931662405,7429.390170668446,4653.475342691964,3039.4320931997063
1050360104_12,31132.171341378165,445060.50343259884,1378442.3337165064,1129382.9653486407,838660.8830344958,676945.1890639316,501161.13764387247,352387.13394473935,243311.16835921523,168580.57297307602,117580.90443411843,82616.26681416643,58018.36557819094,37423.72857065537,25103.303356631826,17053.825707680415,11495.40119888098,7550.068438816695,4731.402856816336
1050360104_13,30316.098146012573,437825.5049326481,1344652.5945103683,1097172.672728213,811955.4413732901,655405.8353204671,487652.4972926897,343639.0452933263,237952.2049854098,164500.19056923894,115434.29687772862,80326.87286171003,57647.730646918215,37461.636039283985,25086.291547023317,17309.50121476008,11489.39367994144,7429.201963957615,4708.424046530814
1050360104_14,32898.97391430476,464519.0883411032,1437110.9237827398,1181924.8790731276,878132.0162686126,708480.1074306238,521847.8252573835,367451.28359288274,252810.79013365757,173115.90499838008,120224.03975005206,84994.75930685659,60006.64167579843,38458.547913364186,25943.013919793477,17534.73258237302,11526.676958164891,7580.238425954364,4789.464126031251
1050360104_5,25386.378905026613,357144.66461282835,1124838.7475106285,929751.5398024783,691519.9689680272,557145.3972213379,410764.0916955749,286760.74188345834,196076.70235888302,134151.91048824997,93142.29969622429,64751.49152373553,45926.13113532366,29432.223834158092,19745.959851555803,13443.547908644185,9080.186028016205,5730.282341630196,3683.396333555287
1050360104_6,9134.30119784723,125406.96582420474,393688.9790308257,326156.4836040559,244075.21892691066,195722.36640117984,144404.40062417483,101212.11961669575,68675.52766735503,47206.83326709537,32588.36692887943,22946.27266247954,15875.005264712912,10395.818487761386,6925.899185984886,4555.202526722375,3021.8665942300354,2026.1939107934506,1246.5821996626044
1050360104_7,5361.841294351197,77335.05157110984,240927.32218664885,198114.0274655005,147941.73219033427,119290.29278636463,87914.73212467962,61765.94877956628,42572.96029009949,29225.461309532693,20342.025418076602,14480.646029437821,10092.059869086286,6523.788750248752,4308.1436441740125,2953.531396443871,2015.0353743727685,1344.6810728934097,762.7142274609594
1050360104_8,5909.708096979162,82966.41979323268,256009.19064095948,211027.64816037143,157676.33752091447,126362.23696736834,93844.93256287371,65442.962882267406,45285.57252054695,31085.58124246588,21373.510521556113,14884.55564909967,10681.787449667616,6907.244567955471,4616.090083820644,3172.444175126844,2161.991395263392,1367.1416175930274,865.3926954386098
1050360104_9,23120.8919226394,326332.136221475,1014050.6319550556,837042.3786676096,623729.9622524437,501865.819908777,370928.63184668776,260741.24376387816,179363.3715587664,123227.89459403703,85795.59087852937,59707.58937455726,42096.615951034706,27391.85248419436,18465.56487763454,12422.525074200183,8220.450973315463,5376.138995786224,3438.332906497262
1050360105_1,5365.392460946205,74219.11158696853,231454.39451833486,191429.85723334854,142387.88699457218,114699.2853455116,84832.76120629079,59608.96427148172,40510.94659226912,27965.55715259509,19183.387476000997,13373.277934110503,9300.34448965865,5970.922414910531,4007.4170887770265,2741.7602177860163,1816.5898618929798,1230.9133490422378,792.1523004320206
1050360105_15,18777.28901777543,264297.12893525086,826919.2354945339,681148.7537707099,508347.99726290035,408973.8655079545,301521.38795162214,211096.8059368661,144008.11499309546,98718.48342986719,68620.53292093295,47879.29275589017,33553.82592711858,21604.460562596745,14505.096506875312,9749.899750407416,6416.771278927296,4310.114331833125,2679.476031713809
1050360105_16,32365.655978459046,457266.27058963024,1406964.1509255879,1150402.103383221,857220.4395855073,692255.8752909048,512423.9245860024,362080.03897960775,249583.3153388893,172160.03971951347,120346.4239966841,83710.82667431961,59731.23561362202,38676.17981724143,25873.347502345485,17739.983206808145,11868.93871102422,7741.828153593261,5076.985228320805
1050360105_17,34350.2670829282,492512.98669030133,1516311.3695400169,1242892.71315779,922774.3552403187,743879.8664026806,549268.6420095352,388558.17847076966,268263.3193921436,185087.68576430294,129318.94634241503,91047.98604381586,64156.525646598515,41517.39417144775,27960.286318432103,19005.12334302059,12563.199636558917,8180.014456848291,5251.231652173827
1050360105_18,31530.695652381015,449344.3752315814,1374112.2711421489,1121736.8595459212,833311.0995531717,673099.647660826,501138.09745200136,354944.0613853499,246613.22890430607,171298.33486692206,119246.91752871468,84303.25979307889,60099.89508677832,38944.923789343266,26180.02609429038,17822.91349534614,12259.495642337955,7852.709364515317,5020.060705425335
1050360105_19,32019.028936499006,453182.5750715391,1390049.5533851513,1137638.884809094,846261.4265802425,683335.6387306999,507160.56308620924,358505.8513025712,248609.1767292744,172436.50917509827,119242.59133902105,84296.03413060392,59763.127472517124,38633.185271074806,25938.240086469188,17419.342566445473,11845.95199759423,7742.817865543884,5041.0218998194
1050360105_2,11469.555930866805,157845.1668066845,490823.048142075,404079.361693686,301727.35262915015,242112.3699386946,178466.250421377,125763.49641599333,85858.72983472922,59016.04245981418,40548.5525862463,28444.179805265478,19866.678033002845,12876.716672406812,8518.70397923794,5858.851274443127,3856.736593314323,2580.1268837443877,1619.4307400867633
1050360105_21,2964.2262117045275,41204.12580630691,128459.3411845308,105706.63546233272,78294.45032213574,63489.1074192014,46731.9537816627,32973.56294617793,22658.9635483925,15932.222508049701,10872.118641997498,7662.189258949952,5512.039819767473,3523.718975365136,2356.3822215547307,1666.6371742905949,1051.8858660709143,655.208456914716,495.3533815831135
1050360105_23,3303.4521480720427,45963.82223250478,144683.10351509668,120205.5504873069,89036.13596100034,72147.43442887126,53329.414103325704,37058.13410006774,25478.26984178411,17334.232907362482,12210.128154955279,8323.830083628896,5913.416434916043,3838.880097909078,2517.104088901784,1738.6590253010754,1143.9586086924119,722.1362201676625,479.1191064039894
1050360105_26,6699.1312962855945,97068.29445591671,302094.32775332587,248029.94173892064,185213.03180141828,149644.095113258,110959.76903052109,78724.98511606509,54176.75084095711,37514.93638340012,25810.101221075984,18264.75339916488,12829.477806839355,8336.873502754703,5529.741596948819,3832.336650717631,2474.0149421342676,1647.685996429454,1061.996767765031
1050360105_28,26813.00718810256,387301.1009980679,1178372.1957477138,960964.0366039868,712869.0703212224,579117.6134435076,434425.84244811,312969.880542272,218244.03709137655,152635.10814665706,107977.05550270122,76875.80469786387,54834.39229335675,36274.30668156913,24124.6159872991,16445.92358649011,11234.918651203167,7298.203155821578,4628.786484295704
1050360105_29,27673.527942180226,405859.43345691025,1224218.0294655631,991146.3596358002,734908.547153415,600625.8189945392,454804.46414604277,325305.7766556758,229973.52908785982,162453.63652964006,114401.4935978451,81827.0705491152,58249.44047364788,38322.26314210537,25835.817121709188,18074.48517286111,11938.129041896937,7979.060730838668,5068.686094505726
1050360105_4,4055.8447887458833,57688.078075825135,179700.17075607064,147988.3176556883,110550.74081324492,89212.73833980382,65782.93020242346,45877.101493213515,31537.535961720732,21449.92199996815,14947.694640232688,10334.233095427238,7375.793929619193,4747.170713665205,3081.253513501451,2065.0638301673175,1387.6040412778952,888.4231442014792,561.5785092109684
1050360106_0,28623.291806550194,416362.12525372184,1253776.6883553297,1015402.7371924192,752893.0526738913,615805.2833384095,464763.4345197356,334706.1401310856,236434.30315229148,166269.38412758103,118130.75633777367,84051.08086386416,60317.85942806103,39670.89564046226,27027.227171653583,18476.595545026594,12273.117793247566,7947.363141346917,5197.697346684598
1050360106_1,28912.852894893815,417933.95022264606,1258951.5905299694,1016833.9141462119,756321.5986935984,616399.6908674458,465544.0743000882,334656.18452127284,236397.6297992242,166514.58118274185,117680.94443443308,83751.19019605953,60251.75662859159,39601.85910192551,26714.525230749095,18699.268754255976,12329.012578919761,8120.128991138824,5367.475178152527
1050360106_2,29322.397627126764,424400.70543389174,1283466.653409584,1039429.9554250904,772278.3228985778,629643.5058015441,474386.01477537234,341059.89533774386,238452.47817615294,167983.0400474681,118615.98004624208,84076.91633809877,60459.59178291656,39466.08147143153,26585.7204182458,18175.931331100644,12376.972252720037,7941.357842267351,5188.700036546207
1050360106_3,31247.621501001307,452295.9114095642,1359763.47831658,1101872.4620459853,818093.7557699098,668805.7793394155,505860.26594689104,363104.89331451553,256060.0892427735,180589.53686193874,128582.41922388822,91716.15913505547,65167.217797104684,42764.582019703,29116.034879413324,20020.333016161145,13559.64779196665,8876.949534232603,5781.454248243313
1050360106_4,29740.73979072186,430603.4824737124,1298674.309721038,1053206.3331550783,782116.7332309916,640422.7236866814,483432.84870862856,348214.16211109585,246820.37318325666,173854.88006155417,123134.01401800748,88159.47934202962,62475.929403198956,41156.20577232315,28093.692507174692,19134.31462153609,12912.690892478915,8505.91550435879,5641.311738917149
1050360106_5,29309.25310412241,424805.3819677344,1278922.8031416775,1035409.4946189389,768391.0520551928,629722.4473590155,476611.96389264654,345400.5185365516,243213.6637595425,172292.74239032867,121881.50624603468,87398.38689738684,61867.65425717169,40914.49478272104,27957.85522210641,19028.441278852104,13143.418129673759,8560.850884522668,5630.325100461356
1050360106_6,31945.87151989189,454786.66902877553,1373065.162182814,1111221.2887469917,824274.8045561699,673489.3320667447,507408.1579143807,365544.5953872989,256515.89899122494,180672.67221885704,127718.55950684563,90983.10466077396,65456.97287755723,42999.37080821419,28940.270638041013,20214.13926421275,13408.835572604237,8845.995815776456,5728.521454773935
1050360106_7,5358.317926317083,75801.92715074398,230205.09543189983,188164.741886948,139158.3764344509,113727.21963441746,84883.0645555197,61031.797270084186,42732.4861607122,30037.761110668172,20907.96588928951,14905.180147149633,10457.458502973535,6974.949057533579,4586.743977327393,3132.967579230986,2093.279130592367,1459.734498088605,872.8616488570639
1050360106_8,11520.631457468433,164458.55904400686,502068.4809856788,409677.1632469519,304433.5335154409,247703.54400424878,185553.1362662256,132321.79846084025,93758.88188128162,65029.07045208862,45553.24262309782,32524.502894721827,23353.250944542986,15200.694733205879,10145.093179971767,7112.9283682726,4599.082327804061,3087.983756293234,2037.3914776834633
1050360106_9,9010.766989550637,127619.50581807928,388189.89622117934,317292.7155247459,236324.26757974186,191824.08347143946,143999.00700175908,102560.83068358465,72157.83170856419,50528.605299012925,35460.539646909914,25387.280848557133,17800.4719532774,11684.4225721502,7996.072375521231,5340.340740961439,3714.2403437975336,2405.7921368940592,1564.3623539157975
1050360107_0,35492.239145802276,505148.8647445315,1550737.0650989967,1268524.1708447111,944555.2310763645,769680.0654362419,574709.9776917304,410250.84981403773,286582.8755748297,199321.09086046336,140596.53273534004,99648.55919575247,70234.3397837809,46280.849029960955,31230.133935571273,21130.732533966937,14347.522671609599,9456.140151220277,6014.093149941618
1050360107_1,36472.629636641774,519242.03145766363,1597207.3114135205,1311135.7980921736,976654.1956176297,793820.5810774382,595362.6889238288,424796.1600101807,294859.5451870195,205055.40868836382,145085.43174459707,102741.46188217393,73612.50242925869,47375.26294123575,32237.433556799486,21987.060403181207,14722.300712451744,9628.079012641454,6115.063773772277
1050360108_4,2980.8201703326936,42163.78501259826,132477.61397914015,110564.10514187108,82863.25565675096,67724.78572661402,50058.477878656144,34766.387880276096,24085.85416127101,16409.774469251406,11443.710340084648,7883.860681758687,5445.634470412882,3596.2851873323416,2434.2872352370064,1654.369965695053,1089.1268940825767,730.6800681819818,415.5619794781621
1050360108_8,12495.562581745386,175759.95263007656,540720.0610882026,448399.37706618285,333454.15170297254,271183.6017142618,202655.30587121603,143710.92716622673,99487.1980641181,69455.99670138746,48116.88404683582,34049.909807083066,24078.371150342544,15787.85434969489,10727.849023530369,7327.939970187844,4815.873521337755,3246.4547760228443,2129.4272118971203
1050360108_9,5116.364274020858,72296.40858753542,223877.62409657892,185139.01250322215,137636.1482319448,111907.5784291748,83295.6002332163,59232.82344989495,41312.658425790505,28913.40740900159,20060.907362788756,14101.731144404,10010.622812115227,6502.542036633485,4461.945587808887,2981.571196120294,1982.0953844511037,1334.617502486836,829.921879332453
1050360109_10,43367.79453891398,596025.0015728052,1882256.973368946,1580400.4227119135,1188399.229525459,965104.7301805366,716419.6247003895,504164.3456153612,345797.6814635161,237974.50478825037,164481.58511013963,114533.40846190773,80649.63458601345,52436.29623449645,35347.079854970005,23878.356816234682,15980.49990391277,10339.030846015445,6619.337012515153
1050360109_2,3443.391239801196,47004.85129777817,152920.65037694917,131029.11327860209,99765.76049183731,81161.99226032555,59919.53835048793,41976.67272821722,28268.114583036135,19270.580551118535,12914.687052709749,8908.888376430725,6183.526946073201,3990.0394486369128,2614.0618851351187,1779.8077718308814,1169.1377006990904,814.5550787515989,442.2433257067326
1050360109_3,8546.464092787624,114875.40893090527,372074.2893790872,317789.3357664682,240984.4492693537,196507.06009065572,145593.98469510974,101118.58306620075,68397.55088955826,46384.44320126306,31574.21594837772,21920.686623105743,14870.847521450463,9695.267870841402,6406.866744907188,4387.516159262483,2866.046795767385,1732.1496411312592,1159.7353018933902
1050360109_5,10451.82002291138,141254.28311402164,453623.9130591177,384855.8125028503,292350.48947094096,238054.75198495144,175424.42179720761,122068.90039133719,83288.22063378939,56345.30904688408,38545.874471930765,26793.670939267347,18430.22504563641,12047.700014986567,7920.69863897168,5364.703813758988,3568.841353848941,2330.143978453922,1472.5077233611464
1050360109_8,3671.6096906074995,51480.44519457484,164824.9988747281,139037.93194214551,105246.89395155317,85179.76690764194,63058.392486471705,44383.77494649222,30463.610889837677,20509.929287016967,14273.22241530012,9877.744469815936,6956.630340463417,4375.754014833596,3000.009851954879,2067.0679321819284,1367.8545906184804,805.7225670766392,543.3942894237799
1050360110_0,44013.862768071675,606849.9351879221,1921335.7080915486,1615033.5833047263,1219321.3391074613,989926.8596526079,731986.5459971711,514944.714695109,353578.19737675984,242032.79570594622,167471.42437016917,116183.01349044732,81585.21073178474,52729.73628479001,35459.801251090714,24052.05526960549,15867.564369308673,10420.892550988128,6546.394112831992
1050360110_3,19525.154317223118,256118.98109327993,836787.2007388234,723241.2254615292,552989.0578143777,451162.1629046585,332635.45385310595,230291.14484634102,154772.61334112525,104002.2273947936,70924.61212335393,47930.091606287264,32739.651150248003,21121.262158013225,14212.438087635068,9227.716536135675,5990.638360591969,3981.795575337714,2531.2416038513916
1050360110_4,32238.46734773404,422808.11311293964,1391161.88083596,1201156.644721859,921560.6289964615,751525.8952104037,552518.5619103459,381608.4717397572,257489.52404399498,172244.5844535053,116237.74585738617,79698.35415281798,54059.49503144442,34791.673313104606,23111.60442852044,15359.160826865582,10270.715161713468,6595.615722896268,4256.008692861636
1050360110_5,12090.800344170431,155219.81480096508,516253.7988171726,451615.0174132333,348867.5850849406,285863.12576783565,210065.59502116463,144184.4105213907,95686.92218078772,63608.253295625036,42318.29856372214,28570.297612938146,19432.815756784326,12253.93413737849,7972.666783918224,5302.8429975131685,3504.3923992194514,2198.327335303715,1479.1460396364816
1050360110_6,43643.063594544365,558928.3718697298,1866379.0193128067,1635838.0406598651,1266026.2826521175,1039232.7282160311,761903.3658824551,524976.8881975944,347714.6362600753,231884.97891829957,154835.62046654196,103627.81243637328,70675.84159159524,44975.08168814558,29409.24206209653,19249.358926869827,12470.445255611434,8229.754968111894,5141.350197865584
1050360111_2,41418.34737825229,487393.9134373807,1720458.8056521292,1577426.3282159327,1263345.9269253723,1054600.4103862697,777044.8853735595,529195.5145179691,343588.94025741296,220364.890504201,141521.41987021474,90516.73965097558,58472.13907569554,35726.43106465021,22436.310490930184,14015.707661215862,9104.271543517132,5531.22921444551,3410.3591168820476
1050360111_3,8392.898780131602,102803.59653377728,354413.1893495738,319862.5878542221,251597.70205011035,207539.4424915518,152447.54327339868,103925.29209683619,67932.93526204041,44024.56905578122,28388.21217851125,18569.412413183734,12366.396313582338,7687.380016087482,4858.36867992742,3253.1153122989435,1959.0036467910484,1297.0843569294295,801.6357866737268
1050360111_6,13853.449593107936,168981.65974649249,593025.6796287202,538188.569748645,427412.6761099928,353972.39089890127,258996.76766031203,175916.836012331,113951.65750862901,73202.64978062052,46944.43185882424,30232.39706653556,19871.89001420047,12360.02525600551,7758.4488032025565,4948.583838720892,3183.7181940093024,1927.9292873779004,1169.2856327779325
1050360112_1,54236.414635206376,643535.0941403568,2275565.0149316886,2088620.673619531,1669066.525442811,1395003.8385547712,1030593.7229904548,702246.6944453103,458467.8945192137,295228.45793384546,191237.80369053996,122674.20494663175,79258.31398457348,48839.6322735412,30751.17542545124,19557.22037334611,12436.063702967569,7915.946450190837,4774.729556611073
1050360112_3,67560.22954083103,823662.4761591246,2864693.567423839,2590845.9078520006,2042448.4177833195,1687347.69622276,1237892.3820571715,841271.6844205802,549281.4463540686,355544.19793424563,230256.12944394877,150682.08498713435,98803.33983115028,61686.16523081288,39544.30880767359,25075.392705833277,16231.834569308769,10281.859889020026,6294.567808490791
1050360113_0,67373.635292326,825027.135602953,2869248.0868534218,2590158.8480336345,2042001.5656394574,1686137.7656178751,1237527.219288431,839286.3385655083,548200.2318006903,355703.9882764149,230367.63183530426,150335.9075023181,98952.43613739115,61629.401876967655,39397.59047737694,25622.816867360074,16445.627401125934,10324.837561217053,6191.7063018268855
1050360113_1,69688.92985081264,844137.0031043275,2951524.4485322856,2685205.261529386,2129168.1076656943,1758769.9971934713,1289144.3195982832,871140.5894382347,565249.437080175,361973.91046703805,232480.55198088704,149879.64282404812,96459.78692206791,59409.88761067056,37371.52515935437,23882.21746786484,15171.350946022545,9625.802163856692,5917.116531979563
1050360113_2,71954.07749272756,871765.4612193613,3050044.406176925,2771867.1218016176,2192439.8222496733,1813717.012853293,1328458.4984879836,899912.4148212767,585317.5932242,374991.05813988554,241378.1815807387,156568.74041802107,100936.0803586764,62434.91542784758,39399.14254849167,25375.109453957066,16058.716528549347,10133.462659832874,6268.862656787692
1050360113_4,72872.74019445418,872856.7288486836,3067904.8050968875,2795527.006822783,2220303.2213092893,1837142.996062398,1344413.9572444432,908229.3143592133,587427.8419268917,374270.382221909,239032.89606028365,153129.04439347834,99393.4393131415,60736.60617720243,37813.79633671599,24406.115109261653,15310.507178307387,9420.237030181172,5887.273571825661
1050360113_7,72953.65281103265,868519.7442806606,3073197.9707077155,2821086.000480233,2243456.923020326,1844856.3113281773,1334465.416419233,881330.108853432,553038.171774367,340698.76268205844,208470.8288201571,126452.53207166641,77325.65793657025,44519.13832424285,26016.277244631572,15361.45004012858,9016.698713326008,5315.9267256365365,3037.529720530009
1050360114_1,74753.66369714939,890711.024405079,3144853.07914392,2877594.022823942,2275812.895818917,1870056.2383265623,1347874.3730864192,891555.0834376977,558901.9292615618,343349.2300593096,209851.0554647518,126733.715696458,77062.09023487954,44632.243426594185,25996.019318229122,15472.750787295641,9216.725081625364,5334.053531579001,2993.662628116529
1050360114_2,74343.12137477504,887433.6780310882,3131355.126827023,2862648.6840712293,2266431.354476484,1860857.4932006614,1338954.3172742468,884252.2247542944,553921.4815258967,341592.18883046176,207669.4875035217,125928.61323457549,77219.9142906828,43960.991746215695,26245.74092551278,15726.46794029584,9288.644904523058,5399.980035901887,3164.472207498553
1050360115_10,50473.342161289984,606438.8783623927,2140338.2731424314,1958029.220189802,1545790.1574175816,1269549.071552227,914952.7519908509,602827.7206411507,377709.92542382336,230917.41235934966,141734.695808236,85676.38923095838,52538.00187031081,30249.061829745107,17807.19079791847,10608.836589968694,6335.749764722505,3683.0414248442044,2013.7420856358797
1050360115_12,56518.92933319509,683508.5763312611,2413598.937332541,2210176.725845218,1744759.3198688538,1435076.5283968435,1035563.5891530147,686749.9269428432,432513.6031414156,269216.83577769244,165316.86973193957,102403.11312931373,63157.40711070535,36815.19234374976,22314.99141005142,13686.36829400657,8062.435255056842,4688.275145218215,2834.9335755643265
1050360115_14,54761.200187518094,655410.9766257317,2311344.41789228,2113127.505381572,1667358.3752151942,1368854.2671966958,988311.7045238803,654909.7253722602,413018.0522503155,256397.005709952,157688.45209805458,96936.20107223245,60127.184721692414,35238.36252243132,21260.242408194943,12685.05164163576,7564.700191831904,4585.150908248695,2634.0653519076777
1050360115_15,29305.57736615558,351498.39664258645,1237682.2229645893,1131262.898479977,896037.4490107761,739759.6513381668,541221.2704953478,363426.2562701969,233355.64453635522,147663.73100065067,93459.33253407067,59246.38979483,37122.85782939761,22354.889162456522,13703.925006489604,8533.291098859812,4999.110468456731,3185.1503762718526,1963.5444868125478
1050360115_16,12415.954135483858,149213.0034204941,525437.1781844397,480587.93423917185,380914.55801381514,314618.31063390773,230362.29667745065,154088.18041839913,98997.7861787752,62710.6525591535,39409.750555512386,24606.380417182423,15872.39203556775,9427.461694135101,5697.807231095458,3673.024120899722,2200.635225261803,1277.6599998585457,835.5459252574158
1050360115_17,24459.162188235503,294355.1528413698,1039428.6762947036,949113.1700793504,752435.1930508199,622208.5934571653,454211.82470608654,305407.62429635524,196319.16291329951,124801.52951253954,78305.2004138767,49172.484374759515,31505.872729018913,18866.64552001262,11397.331687957334,7165.318539984721,4347.631029546996,2700.0762171120614,1613.6668126631325
1050360115_18,13918.651833290302,163319.73681050853,575367.8993541242,526719.7209301621,417907.49644158105,346840.9537941685,252034.86355879984,169612.5063344517,109324.19546880707,69296.01776239795,43616.94516003227,28102.733281571564,17500.460458056026,10631.102257353507,6441.887285173998,4013.256013927072,2548.919598639835,1500.1246779826486,968.2713295925115
1050360115_19,24217.78111324333,290197.7842756186,1019661.270202669,935596.6678610197,741884.3174502746,613626.7493512366,448721.59906717046,301317.0346410695,193202.08275930557,122327.69988406691,77418.16685834795,48440.54530902024,31130.313203838217,18070.65049980774,11374.38419117062,6885.6234449135045,4225.653988483609,2551.3382571976513,1579.6371631477646
1050360115_2,63920.56235055007,766310.6974831606,2706216.8217930724,2473647.7635612665,1956480.748198944,1604737.3877599537,1158263.200631016,763747.0038507705,477885.67607554194,293123.96123636625,178901.2729868715,108380.22321268836,66460.28689560966,37909.10903711044,22250.304026497277,13130.06629724672,7794.946942269009,4632.026126616741,2626.6124866326063
1050360115_20,12633.067234715332,151082.14469880323,533135.3084292257,489315.5052581769,386016.45945981913,317192.8206592898,229120.02380878993,151859.10565653403,96189.15754577234,59836.92286360448,36748.66361072874,22660.036525533036,14073.723742016728,8179.948292836124,5002.555527077601,2964.771736405077,1904.6472582736367,1063.1051467672357,636.8695318484096
1050360115_21,64004.58296396116,767432.7870479422,2700577.729833809,2469129.1440300886,1948762.0770087468,1601264.1118294462,1157549.538995353,770404.0075066662,487722.59242845065,304155.0994758709,188610.07853109983,117445.60330878837,72918.24434013307,43052.23539973588,25778.208826932583,15855.830589143452,9677.689494129509,5604.870324154261,3456.6030277793834
1050360115_4,50389.141057886416,602273.6327299254,2129307.6071986384,1950177.1658784754,1545189.1204929969,1267197.2450288304,914218.676252375,604343.2295244453,379728.58156582405,233267.419506186,142794.1919553106,86961.00298593554,52925.96954552491,30376.050202632196,17798.73210453319,10872.122089879202,6271.686957632796,3879.6204261956455,2207.3702424906255
1050360115_6,39504.63596856247,476836.8330384766,1680357.587760112,1534516.6545339127,1212291.4684793768,996561.248869812,718840.2750639936,477107.26920053683,299899.7328530132,185027.2329006763,113830.67208078367,70064.92020079165,42943.46628022201,25008.85851436441,14734.280194908044,8777.699193661441,5339.866801419097,3028.6854311917314,1824.196694635415
1050360116_1,65188.80037937943,787903.6682296678,2762825.9867540314,2521342.076405677,1997217.8890228984,1648648.7221166699,1200726.7856301072,806273.068964742,516390.7016339921,326824.9181348449,206324.16621629638,129855.24339770821,82509.4913073728,48979.7418468916,30088.98252201175,18518.217650554994,11505.844740542234,7024.358164950828,4140.905581101398
1050360116_2,67738.30757215599,816424.4443969624,2863352.06697941,2613711.4483036776,2068984.3477791615,1709696.3452042833,1252242.2817450778,843237.5036690622,543206.9114311229,343878.3591235855,217683.68697855165,139062.34368917462,88026.13994074936,52668.259581936596,32613.149985196444,20391.70862727461,12624.960670491337,7668.864559179783,4685.4185526325045
1050360116_3,65358.69557084573,784940.5651462509,2767305.887472542,2523944.898417204,1988164.1974081893,1634611.5977499278,1181779.9794875064,785585.7723978709,496723.6892836227,308593.83924893296,191391.842114862,119294.42622407715,73850.26221678058,43251.85763375776,25998.056903514942,16083.238967241688,9711.068277866916,5921.724140643108,3576.605523299539
1050360116_4,58904.851054396175,703926.2518027946,2481085.987591149,2264056.9727410176,1789572.635435832,1465979.4263554488,1055955.2869058598,702229.5891719768,442352.6028677557,273383.3795248278,169269.8092475047,103451.48238783976,64532.09880287076,37546.27521688514,22112.537159622527,13502.398723535931,8241.64608130627,4928.210761086445,2761.1961001831855
1050360116_6,5306.190122625705,65377.308316214476,230467.42971873205,211046.22196307412,165179.8062652885,136229.3354532287,98196.05480273678,64674.61263318474,41137.756669487295,25438.963492796192,15624.87708100073,9572.627165873602,5833.458271883645,3434.6345797456506,1982.922460386872,1307.8221197482003,735.2187651335023,471.09191653326286,274.96787596815966
1050360116_7,66695.22864760287,800128.0038323456,2820070.74927078,2573501.3574866597,2030682.7387541118,1667753.2650142834,1200568.0503391773,790705.4150719903,498537.2457528624,306297.0585075937,187674.71626545273,114500.33420589051,70453.67697336256,40661.75652139333,23965.975970397012,14474.470671514628,8658.514094076752,5148.7645812626215,2970.4026895586876
1050360116_8,66453.61833171961,801889.0425975604,2824851.0868400508,2579578.76591989,2035855.4485026312,1666471.2521332833,1198586.2014657692,789277.2976449853,494506.8491917823,303681.66952446895,184895.35233038152,111857.69798635697,69093.42524624054,39315.44441024859,22675.571842742513,13887.202171584899,7939.396580978737,4700.314543978606,2707.7247617352314
1050360117_1,61040.9422818123,733582.8757447327,2585883.5069246176,2361048.387474601,1860071.4394437347,1523930.3024352277,1095464.2533640186,721640.5386133719,453624.05330905085,278296.00329170155,169539.6417539801,103632.08224176793,63101.24011606532,36619.97139427518,21675.571592160697,12941.027307925651,7628.994258777901,4522.069119485055,2579.616726066674
1050360117_2,10901.660610090958,131903.04468067706,465324.49196032627,425150.86494566995,333818.5572190023,273858.9274760778,197109.48949730437,129231.48756367908,81550.49714555246,49881.972256991176,30488.115593834194,18772.379608069386,11404.004683372628,6594.010542958213,3927.417300202151,2347.9125164251996,1405.7691853099714,830.9525480963601,459.6547548012124
1050360117_7,66179.98654730836,796587.9396150527,2799900.149848871,2545217.2202885323,2003377.132721716,1638399.8854917304,1177381.3037042816,777983.1521987512,490062.9052576066,301939.5090968973,186630.17893907562,115129.54480672203,70914.33412626732,41530.41610403238,24689.52274352036,14854.265230860263,9216.995666378329,5455.486598370007,3297.06357766741
1050360117_8,8269.076050692165,100412.61479812118,352560.0015983002,319958.1688172231,253187.45985399146,205238.110981704,148794.83216994777,98848.5430343403,61912.081983278935,37902.24317245868,23647.299060634177,14997.853435976294,9074.389758072706,5289.51438796073,3105.3609749544735,1903.8289613596485,1154.9763626146462,642.8642018326805,363.53029595160814
1050360118_0,77362.21387182194,932651.1826157572,3276841.845222286,2982008.105616053,2341672.227395583,1914183.5843139398,1373266.457459332,903844.5194888881,564639.9673759616,347792.8057854779,212971.10898498184,129874.73481532982,79798.73250708457,45706.452283383085,27284.213598316153,16268.432134174669,9790.029776783036,5744.150124132904,3285.6538710040213
1050360118_1,77276.31284093784,933894.1407300519,3269701.9144316814,2973019.1745111267,2343794.7442676416,1929714.0264814869,1399217.3435960095,935367.6593773148,598833.9822649173,377576.41616606124,237696.04022815294,149314.89126316382,94257.24163156612,56143.557949953545,34516.30019090471,21210.67655504295,13027.902833191178,7978.978600467596,4644.330977034412
1050360118_3,4581.0416806444755,56689.038225007615,199205.96300314192,180519.7985699183,142717.59742207924,117485.9635142994,85996.09744584524,57475.00608045853,37003.44532978381,23744.295487952833,14943.22614787851,9630.319530493754,6060.510585022677,3622.928174750612,2279.208411864558,1452.9092897384348,948.2766115828374,537.0944293819806,317.7316862461167
1050360118_4,77525.27340516854,943858.864929891,3307617.4581803544,3009636.3694171775,2376075.4033302595,1959250.9336032893,1429718.0111873285,961590.3161511009,616339.0106188671,392257.783323185,248163.39322832547,158023.6043817113,101516.52931126788,60869.757333276444,37607.7796620908,23354.8857202911,14557.59238241432,8767.322999455671,5300.753855413833
1050360118_5,75939.4339778374,910040.4668796522,3190106.56280354,2896376.584344728,2287936.0573914195,1887542.027679393,1374177.3883561247,923478.7407640449,593456.8315926177,376966.95858038194,239699.16658613484,151401.35569603016,96687.24176143456,58333.4171075925,35725.50926655118,22489.029265941506,13984.715738002627,8569.247203413568,5142.747097595365
1050360119_0,68366.59389304143,825727.0942786719,2886618.709102037,2624213.8094922863,2058347.495329391,1674376.235729594,1193621.5563694318,779764.134516117,483117.0046853484,292737.5563327649,176266.4274140823,105700.32385251658,63885.66729313225,36329.86655490342,20858.383695787667,12218.166333055968,6978.099248097531,4204.23987048991,2443.233718987484
1050360119_3,26540.39446542119,321606.8396517522,1125204.6332554072,1019972.4079501464,799492.488373187,648226.3995836996,458798.02357651846,297165.4657134468,181077.16607150697,108134.9563049921,64098.403089560394,37737.49731529399,22230.671558915692,12067.623001973521,6848.490726950434,3928.808017499229,2202.72510422736,1147.7304639953334,661.1166790867993
1050360119_4,79517.87437038955,965280.038114852,3383754.150700002,3066781.614958891,2399366.1650871527,1936414.5451379057,1371549.209604079,887058.9385981904,543275.7326146743,325489.48922957806,193008.65236251842,112714.51138092193,66377.28912302191,36603.41840591926,20649.491103006316,11876.779245853166,6717.653402516545,3674.5284376049744,2106.0103171482565
1050360120_0,68176.5574973032,819103.5279431186,2888655.6335889464,2635718.0782556166,2079787.0293118968,1702196.553755536,1220914.4254745457,801722.0366152244,501493.2808508063,306154.7635823929,185930.61778459343,111699.20449889265,68648.00123404418,38687.35223556626,22754.152048083928,13305.300883741978,7662.958364992752,4508.68014332342,2552.987693029389
1050360120_2,49559.42340400186,596489.1931412477,2094957.8954817676,1909973.6536322413,1504683.5978016378,1231974.9833445486,892206.3988910168,592134.2736229509,374394.2879687935,233159.9150351972,145009.23554218875,89882.86320787435,56013.92929253674,33107.17243150897,19930.59567715731,12223.126928589738,7462.86643724645,4426.802646521841,2638.7098319254
1050360120_3,37151.067640356145,446775.7398965953,1568479.3391196686,1428006.5732237448,1128176.6720866275,922661.8473973945,663460.5318487583,437885.8668980744,274989.34681843064,169515.2794913836,104490.18420026037,64256.748427405495,39806.3546589962,23044.41879311286,13668.591349617216,8279.186919825815,4938.374842258402,2863.838310220573,1677.39101027205
1050360120_4,18200.309582445476,219021.01214148552,772404.0136612171,703335.4318207451,553322.2674450855,454466.1110921626,328777.4414325163,215897.68767977154,135654.03610443277,84060.9375129261,51843.00437406652,31538.906271505763,19231.79321085978,11321.42889835818,6956.540648388761,4105.026061729907,2463.2147651515384,1407.835763106012,882.1375432191844
1050360120_5,15126.32243686587,182763.29843717077,646336.4373570741,588961.6577180425,464274.44480692095,380525.59001540847,276005.14908656897,181303.9853361,115045.00303472148,71949.01020739411,44504.57316210327,27682.184714790437,17113.8531634776,10219.170747989154,6097.879556621584,3739.3033039707225,2179.519430433587,1332.9785653952563,772.9286159045628
1050360120_6,38350.196895018176,462911.7248159395,1625242.0262282614,1483893.1597489207,1168844.7454750508,958868.6856449322,692250.492695864,458067.8045523846,291025.40386913985,180552.2878954423,111233.53361704921,69492.39295285924,43281.93441922269,25402.14056629424,15296.1701276825,9343.556948427144,5687.165550473811,3479.758953237793,1986.8655221957113
1050360120_7,70966.99340011209,855444.5909158244,3004975.2581550437,2744603.795114518,2162430.1246796325,1773056.0962438378,1278577.5602772539,847597.4376208046,532651.5006206676,330770.09719612816,203638.4226004483,124998.0799625125,77055.12977143926,45226.01320501745,26856.72233238298,16314.607276929788,9976.752432619527,5762.503482557273,3375.194880839145
1130360103_0,86242.31716289255,1044684.7928910805,3647822.302620625,3304500.683581531,2585239.1789179766,2124797.5495841918,1542839.5131728826,1037526.6595837576,667983.5312783209,425616.17172721983,270063.6601018666,172794.38046275743,110340.56661934339,67001.08697038595,41561.93649517081,26554.23656831569,16637.364279764617,10257.593039220683,6184.930928577443
1130360103_1,26812.61958685265,322009.7473645422,1124637.994716628,1021132.5463702823,798793.4563123799,657778.8646078309,478388.4368497588,321767.3925602123,208950.7324722042,133396.87155857444,85136.350460962,54919.792819879025,35497.498747777834,21307.27588355602,13536.961971892239,8559.213706828205,5273.959692578365,3239.3761500556984,1986.710988580958
1130360103_2,4979.0016546447,58626.24122121142,206882.3981918237,187113.26768620123,146430.55588876674,120248.16369929578,88036.95065854646,59582.41457401391,38447.0404941808,24513.52467782704,15758.13115247479,10087.135999203963,6478.320901667981,3966.6407955435106,2471.264531418385,1613.665751069763,1054.747925256351,607.2193663158058,401.19850988722885
1130360103_3,156716.06539170715,1959711.9922928254,6715954.565375748,5981326.33061106,4616067.44293357,3757467.157562589,2719297.56758997,1828871.8750893474,1182985.7379084267,757839.3211354092,491264.1773809908,318809.8339260215,210223.2120875739,129890.52278238568,82594.7231735377,53516.1428535403,34475.275351026445,21815.68235825318,13377.286460504116
1130360104_0,83663.34552326085,1081003.21226043,3619029.52331494,3160057.7839423884,2408365.762917443,1946751.9074529747,1407029.7455556244,956101.2710937507,625417.0588634498,407265.60739675,267907.9735728618,179074.3146382642,119450.82797401561,75355.26943090404,49125.971707523946,32130.090281158176,20758.19878115569,13557.333214458153,8346.049016522038
1130360104_1,38175.09371138503,493186.06746896164,1658184.8923669416,1453787.6428728306,1106703.3051771312,896977.4176514355,647722.5609841824,438593.73651692533,287007.61313161545,187575.64680418215,122662.51178010218,81159.64018614763,54296.79472244124,34064.544193671616,22212.1435804154,14484.270549785868,9441.184415714839,5971.629017596282,3858.9443492743067
1130360105_0,73353.13369472725,933174.6786860384,3148277.650412444,2772723.2745535844,2118806.875437373,1718723.8527390566,1240837.389082053,837207.3096286723,543595.9398372964,353095.0119883439,229931.2097433463,151742.08881072872,100642.48977763229,63029.69978111511,40384.49012005184,26371.118010256032,17227.704949525803,10800.03844098274,6677.459237772935
1130360105_1,32796.826128146015,416883.4134003163,1417484.0555028224,1246203.5343636828,953538.424318646,774160.00767833,558932.4581870036,377513.84699419106,245224.59787008248,158805.78947715284,102668.49885997624,67498.10000881815,44803.43095788211,27957.851964494792,18028.37280195305,11806.977182720775,7392.211768977095,4753.134275434638,2940.515240535583
1130360105_2,130536.34898019952,1690171.59246095,5655763.820333151,4941319.825702175,3769808.1951952255,3047210.863923249,2207462.1696903985,1492760.2909288132,974067.3437953163,635127.6321034918,417559.3872463066,276408.807324488,185044.85787362745,115557.07928520914,74451.548327196,48671.131673439675,31922.656896363813,20274.890330520826,12612.333178392415
1130360105_3,117450.81208415987,1502082.2547872441,5049242.505051624,4440226.596535681,3394354.555864071,2744738.453003168,1983088.761990299,1342579.992057469,873134.5603569417,566578.655575526,370332.22247319046,244305.80497607274,162313.82194034016,101468.00250856439,64992.694356992804,42783.075722804366,27744.782128006693,17438.06382749136,10818.45605942377
1130360106_0,128309.99541285181,1616427.4745984862,5502346.926314503,4882167.788551347,3742597.593646446,3034919.0571995047,2188404.5298914188,1466571.7230481936,948243.1607465864,607954.9497152367,393817.7605739667,256109.23366360343,167411.40476972182,104157.47865161952,66387.43630045887,42735.68145353617,27428.958986994567,17808.53298853153,10705.909908523387
1130360106_1,131095.75489008357,1652389.0394705995,5619603.642351682,4975746.438554047,3810330.8955663163,3087499.5867676483,2228902.7047173427,1499557.4390988431,970306.6936350901,622574.1467829539,404551.00249481475,262484.37296080403,173758.82362429853,107573.74386643757,69065.73397832362,44764.08718369886,28820.53566718261,18235.48077658596,11409.66964836268
1130360107_0,29392.25028613049,388048.5765828425,1275575.7484084272,1097042.1592532026,826302.051387486,665555.5401011208,479297.8133091474,325286.2150022531,214625.81512213292,141740.6207973883,94066.18120949251,63102.75069071234,42860.079828004236,27037.476354224164,17594.423621780814,11562.249450305637,7713.157342874182,5027.9763861857455,3064.5001996407063
1130360107_11,11776.9185345818,157620.33409692574,514270.39229202183,440175.77192767966,332378.33490142855,265975.35265677224,192324.80615668633,130869.36434137876,86213.05758825113,57083.405183134026,37986.23765749326,25574.074447136754,17655.42098877278,10972.408036108509,7235.616079709667,4769.313474860232,3169.2536097035736,2058.073267752839,1304.342516089124
1130360107_12,4547.678919066624,59855.363581732534,195928.83722116976,168249.2906176855,126002.34208540856,101463.65981363624,73260.1415086074,50083.78566085113,32945.95651693375,21732.962103878606,14429.982935368793,9831.884097851647,6699.917398807502,4244.170782511525,2770.1296372227566,1816.1056900707365,1221.9415530361625,765.196409425558,451.8020143507494
1130360107_13,4382.242377136339,58750.51809510259,192587.34388200933,165690.87408793633,123814.9053674598,99446.1580544014,71799.37877143906,48978.70083861878,32348.323326648413,21207.364249200513,14164.93368418376,9612.66069823455,6425.575333044485,4167.727016017778,2717.5240908521982,1786.3099425863668,1188.2371615876111,761.1835394529621,494.2750256188066
1130360107_14,82526.1736370052,1095773.8550022766,3588751.2674241792,3084410.9926641933,2313977.824002817,1857887.2484750063,1344099.9064647765,913869.0910308309,601897.0092182821,397228.540832783,264894.6463997461,177548.4997014985,120946.04599163996,77290.46165942922,50001.59904066799,33300.08757488255,21741.346453935046,14048.177756973797,8666.557409723038
1130360107_15,57498.342784009925,742711.070923246,2480448.9762879917,2164469.837610565,1641988.5887385323,1325901.5545017936,953191.3303510243,643871.7453622768,419457.9732888339,273290.46044201683,179059.67390983168,118988.82126258328,79307.23222653237,49350.22999000109,32134.894081913742,21174.50351508306,13619.816297293106,8723.55577700898,5478.696733980444
1130360107_6,6223.31734116081,84516.69653388696,276881.0821393471,238719.86684621056,179491.2245513344,144371.24148134084,104308.51210739376,71161.46148744303,46846.48252922262,30911.25889426113,20657.763300448685,13938.4850618412,9523.441152770949,5994.183406540449,3853.616173160622,2601.8108680052283,1742.8065936275968,1153.6050474609533,700.2967871946975
1130360107_7,4209.144248656935,55591.129250743405,183270.1511769124,157307.01147086918,117867.89292413645,94844.5357301803,68492.190946932,46829.07586290323,30922.047034899795,20477.718909800107,13974.833064010714,9103.842618076113,6232.220386007181,3951.3205807622007,2693.8128059346304,1789.948223085277,1097.4792913067015,740.8726088929126,451.43837635208143
1130360108_2,125116.87075081829,1615659.1917721129,5398380.208070118,4714552.982915808,3589681.616582232,2892548.3607069617,2080419.6934468928,1397215.1889310423,906252.4419648501,585130.5019407842,382261.51192228106,250776.4980131662,167260.96429708428,103888.39415438073,67217.84509639481,43949.28371168486,28319.295551853706,17942.95053124827,11106.017678831233
1130360109_2,60743.873418724004,742944.1442785041,2580485.774837047,2326292.754032939,1801806.1794528195,1457685.1336979908,1043643.6000254676,687980.3591997586,433769.35678657383,268298.59414674476,167941.23593135463,104862.75026746471,65445.065214081624,38715.40332109741,23607.854761557835,14394.278066151272,9002.792277892655,5457.418354874342,3117.811218298155
1130360109_5,121006.62690709831,1491313.6238252402,5153154.38262428,4626800.3430065205,3586628.905338513,2917114.474933886,2095220.329671695,1392946.5144295623,885775.7452897809,557211.3891444961,353949.48111791565,223947.41658763133,143480.22856902474,85478.6462677905,53146.04497085222,33344.088283012075,20845.427452129734,12756.530042747014,7831.028197518049
1130360110_0,116443.55152383796,1476475.5674648243,5001159.632797716,4405200.654533641,3356476.052272933,2702891.504103404,1931583.036091293,1284805.1298036133,824893.0315844797,526081.4529712911,336001.23076294654,218289.30500297542,142640.62696044188,87840.6630168065,55875.43335110526,36159.16055208012,23335.487226951227,14880.658492947696,9105.5077156605
1130360110_1,106566.96372108138,1381463.5461266257,4612644.80952159,4021590.0584749146,3051728.9411603264,2446967.2690235293,1759519.300046668,1177210.0324139167,760710.1328900807,492183.8127298482,320362.54945124616,210399.33971410585,140290.54724899313,87567.77581076234,56009.07423422893,36807.99059252559,23586.818638309156,15190.15507712287,9389.150993189383
1130360110_3,49613.47428451399,618665.7314762998,2123648.069773046,1886185.974253944,1447639.138054713,1166663.2499183111,830739.2878929102,545676.303410964,346224.6034260851,217568.96308649934,136034.78691849168,86197.5810647201,55119.86777253616,33186.18357210681,20841.99399865024,13103.278826294747,8290.05368231164,5081.902787421882,3125.2503580666407
1130360110_6,101773.63220427588,1266727.6309743642,4378541.834964835,3922126.5611187536,3028346.7133605788,2445912.1887812843,1742228.5840062296,1144264.2710377697,718765.6587412611,445218.91505054734,276933.73467152857,173141.29993516483,108230.8020853748,63617.26494062084,38599.10465064264,23704.939236926963,14770.238921646931,8781.791014582284,5250.885397816697
1130360111_0,94316.81906655729,1167945.766359536,4029570.8431574055,3603510.700259417,2782005.879588458,2246930.296404432,1602340.5911293272,1055170.724970174,665616.2887982123,413556.121365616,259052.7056888315,162183.51521932657,101982.92753641288,60548.36577540616,36839.49374583322,23045.295439299953,13978.08097612699,8526.55944007403,5103.743443560487
1130360111_2,90328.24948756165,1122648.3882825305,3875689.3012333987,3463427.005327402,2667685.374104654,2153428.545747452,1535148.526859878,1008712.7546549871,635230.8062466041,394391.1173691771,245385.6817848806,154054.09598624325,95995.50070281103,56827.40969055841,34814.97052316317,21465.80075887091,13205.264954735581,7913.7651866619535,4764.848138654399
1130360111_3,49929.13093518077,623285.1141508264,2157720.933817882,1932021.0458267832,1487713.9072529776,1198043.4439263062,850310.4393818828,556312.0788730449,348210.4416210622,216163.13232635742,133898.1270834319,83150.9606550145,51919.78385095687,30505.0329657389,18544.135491369252,11532.402692198073,7000.745753474475,4204.043212494516,2402.1677182345716
1130360113_0,14737.650790455178,196788.99116331388,649073.4438293377,558268.9878738401,426519.96998596896,338748.7397915361,240927.20899720248,158587.68498659448,100631.54940346708,63694.75160085771,40633.66625646932,26401.220939358343,16949.793099772993,10318.348474318009,6615.5012574598995,4195.098703706308,2765.17788664727,1644.1598244929712,1002.439262690866
1130360113_1,14297.792236995396,194942.7130598285,627140.4749819142,528647.5628237467,397451.9142461919,315374.65355432517,224962.49557554987,150764.6678563366,97677.66093483953,63321.49935713806,41429.31308376284,27562.069170089766,18299.300380835946,11507.201252498875,7392.076190003825,4906.4569345272785,3188.250199787277,2076.000364537949,1326.5273572731685
1130360130_4,6176.153101237736,91769.39489304787,283810.74531261955,222896.17827745917,144850.7921412725,98028.3489484776,57030.90300299772,30604.42979159607,15284.258062358802,7491.989951590276,3526.5225670934256,1684.9495377145108,768.1534304559938,333.199020483509,146.64747308705333,68.83452818371892,29.9280557320517,12.968824150555736,13.966426008290792
1130360130_5,2846.3032852312535,42746.28215887145,132291.91868354625,103518.48854881774,67847.67264809541,45472.20701085804,26830.462530374574,14170.829777991596,7159.034757261131,3446.2057252852355,1680.3237500019522,742.1678611613124,376.0582460039894,165.14727205466198,86.55308836599755,40.78938647133217,14.922946269999574,8.953767761999746,4.974315423333191
1130360130_6,5946.567146218137,90660.95769425442,278539.95844630816,217003.31342339065,141466.64771098708,95941.1422111027,55617.012503934515,29776.729197695884,14766.161197503921,7050.886862853514,3336.9010407816927,1546.2471190468232,771.128401950448,307.254266236401,139.66103010745502,52.871675683536544,26.93462723500918,7.980630291854571,11.970945437781857
1130360130_8,13967.825216263607,215815.98631064995,665220.9226297431,519379.9245252441,338769.21131188667,228563.0503758426,133652.36733181772,70620.33329910648,35331.14536000536,16944.80412804057,7996.8846271055745,3671.2743291209235,1744.2299261619407,741.2477693082244,332.66240859789593,133.86415240876292,76.92193832443837,26.97262772415372,23.97566908813664
1130360130_9,14310.550172333056,218030.84716662206,670327.1488890868,523255.65176023013,341414.2629212127,230287.47125488415,134270.42278971005,71408.89611647742,35201.455945724236,17081.75199977123,8237.6821445765,3785.177982755319,1841.140940147282,784.2081595309911,342.6540111071719,146.85171904593082,60.93846844763116,33.96570372490917,17.981843148481325
1130360131_0,13005.784446410677,200611.72781544566,616024.6740808426,482353.7787455633,314020.7697167009,211935.35089413318,122891.67721229797,64797.175535312424,32410.574665763503,15450.11275212242,7345.970723418135,3424.2572259827807,1673.1711941426943,639.3012323888503,316.65389166760247,134.85260370702312,47.947592429163784,35.960694321872836,31.96506161944252
1130360131_1,9272.898003351433,143624.57925014326,440672.83552203415,345261.9340890365,223922.4641892541,151392.7655822283,88728.0645280304,46621.09977091472,23488.279598453657,11169.0144358231,5335.88531602348,2519.1689094923727,1160.235542144327,514.2179898488197,231.6477158153906,87.8663749644585,39.939261347481136,30.95292754429788,24.96203834217571
1130360131_2,11718.649235923504,179687.95250460462,552096.8971353569,430349.9895020038,280731.2140106707,188785.81118439895,110465.72267471024,58592.247402728746,28902.605607189493,14020.829964535425,6633.876095201901,3164.125183619335,1510.150655818319,638.2184319232181,270.66853685632566,129.84099553993482,49.938844438436476,30.962083551830617,23.97064533044951
1130360131_3,11589.73795709372,178572.25343198038,547793.8984704652,429094.96642024093,280070.3523990379,187374.42170291004,109930.7219911649,58187.39603949699,28987.328914919945,13999.772228936805,6626.845169365464,3002.3054376959435,1442.2252335438932,582.2834564792863,238.70625402838675,111.86234498401386,64.92011092822233,20.9741896845026,20.974189684502598
1130360131_4,11729.044827457705,183472.70487954808,563401.6668580195,441117.16049459897,287263.2153283635,193560.70221901184,112802.78767594234,59189.57646897246,29432.9807524077,14337.940773069518,6801.9071170047655,3166.2328283267416,1458.2649619422848,613.2703333099745,232.72310694010432,118.85858251447388,42.94889956405358,29.96434853306064,13.983362648761632
1130360131_5,12072.686662726766,184484.27605407644,566014.9345705287,442135.8052554505,288822.5729153127,194339.5916246171,113266.71136261089,59786.1177770196,29848.611585085353,14564.732101917905,6812.922621532164,3162.2508458834236,1473.2533157542798,594.295405338167,278.6696102341994,111.86737041659617,56.932501015589125,22.972763567693853,23.97157937498489
1130360131_6,11365.69897291398,173018.29765129407,533356.8972853521,416231.2720085032,271960.80205811915,183435.19047093313,106788.63192274883,56503.90328581797,28085.660880256066,13661.809863839222,6475.851681930954,2925.319182044381,1402.2356202083683,583.2660984342499,290.63430589788834,93.88187200825257,46.940936004126286,25.96732630015497,14.98114978855094
1130360131_7,10783.755034391706,166496.0644854277,511002.9828197333,400087.4983198618,261194.97052183803,176402.97779726,103250.60953330761,53999.66831492814,27147.13957213093,13047.764356763071,6396.550379262721,2913.1518276829606,1337.233560941887,543.2823429069355,214.7163671415278,101.8654392950504,41.944592650903104,25.965700212463826,17.976253993244185
1130360131_8,11533.66709494624,176087.17620727327,542408.9476034541,425633.06516422576,277057.69998893974,186749.9255929371,109295.17872073622,57621.39380920795,28793.218624887868,14218.330859339681,6513.905160481415,2995.2777639196206,1434.2176955613786,630.2168286206337,284.64626966225126,120.84981975134178,55.930495091530084,29.9627652276054,14.981382613802701
1130360132_0,11528.673387267587,176690.42787330065,543286.8607021443,425065.77333282185,277867.69549440156,186329.44951936486,108854.72688887588,58276.58004623378,28894.093484679142,13972.636289341901,6537.875421732101,3075.178494273318,1438.212741719252,584.2739263234462,254.68350634611758,115.8560264162731,53.932977814471954,32.95904199773286,14.981382726242211
1130360132_1,11264.002672849232,176200.0432294191,541949.5409070286,424171.89848877426,276543.35060092265,186876.77567956614,109438.00575233035,57543.49299487573,28732.295521593078,13922.698817123453,6584.817309992462,3112.132676768772,1338.3369020764294,567.2950450592625,294.6338702332438,102.87216486109868,42.94663193230333,15.980142114345426,17.977659878638605
1130360132_2,5333.798719902756,82624.01293037095,252372.0574568199,197908.06824680316,128803.06086023958,87244.71028813263,50659.11970432695,26759.751954695366,13192.873871891108,6380.013165897143,3031.9274698026134,1468.091195904423,715.0960512659452,298.20602416808595,143.61761699065013,74.80084218263028,39.89378249740282,26.928303185746895,24.93361406087676
1130360133_0,4668.851451407668,72247.0615583404,221701.15391925632,172142.3376053499,112511.04505536152,75826.21524413017,44096.369783421134,23198.698360624603,11787.279673284831,5855.256155053861,2660.9362638921775,1276.1327904765778,624.1086928424515,274.16915420395236,107.67370419646127,56.82778832591011,22.930511078876012,16.948638623517052,9.969787425598266
1130360134_0,1173.433041586071,18758.122968909604,57231.30503499782,44968.0894656,29080.774881497437,19508.447887665992,11461.484990858391,5984.805083203096,3001.2996750255365,1396.849947566233,703.8621108755542,320.2968032635948,143.34270516426312,41.51995597861414,28.668541032852623,9.88570380443194,3.9542815217727756,4.94285190221597,0.9885703804431939
1130360135_1,9721.802705413125,149071.30280283693,454835.7777645521,353458.82422438485,230993.66697267094,154648.15860704117,90610.67613982163,47764.247186804794,24005.942773298786,11448.281431549045,5458.029333174625,2668.1036184124773,1160.3055406419528,532.2227651997941,231.66169141904737,100.85271910915425,47.930005121182226,25.962086107307037,16.97521014708537
1130360137_0,5488.503633622804,86827.30934666871,260832.1306895974,199118.6415505127,127818.97845908333,84233.2156459926,48668.19100972311,25243.52489261781,12348.883743564706,5794.80623597187,2821.5757636584785,1285.0741101810893,553.7392322597085,249.4320866034723,113.74103149118338,48.88868897428057,24.94320866034723,10.975011810552783,8.979555117725003
1130360138_0,7528.126608308949,125794.4362099141,356533.1150829503,253278.10571264272,149321.82977133826,90762.07527217704,47941.859366502526,23350.5784858309,10728.77916311546,4761.020623036153,2200.6983702368116,969.985527689489,490.48701760611647,257.73044916981274,206.78373247345442,147.8453739423732,131.86209027292745,118.87567229150277,134.85895596094852
1130360138_1,712.4935624791,12537.907550847496,34954.73626034617,24892.743839113555,14773.356103125672,9047.678669092236,4820.216865049578,2293.8334414257693,1053.8967278336688,454.21464608042623,199.89402725108084,79.16595138656666,42.55169887027958,15.833190277313332,9.895743923320833,3.9582975693283333,1.9791487846641667,1.9791487846641667,0.9895743923320833
1130360143_1,635.4882248945966,11990.86844347992,31607.595585694995,20667.268613993958,10940.326971701039,6126.50366812447,2810.0494944557945,1283.8848043573646,588.8195583788996,215.47022625332414,95.32323373418949,50.64046792128816,38.72506370451448,23.830808433547368,16.88015597376272,14.894255270967106,16.880155973762722,20.851957379353948,16.88015597376272
1130360144_4,1060.7516489276818,20768.82007834744,53895.14786396789,35181.09835063246,18699.109349266007,10483.015122031786,5015.911083567893,2148.3955931802902,978.08274107698,383.46421111470187,188.24606727449,102.58912660990724,43.82448127025164,27.888306262887408,15.936175007364232,8.964098441642381,8.964098441642381,6.972076565721853,12.94814219348344
1130360144_5,395.3435241705813,6941.243925624981,18445.740478988893,12025.361646458656,6355.147151042093,3480.0113715115413,1683.1750541562496,756.0944899762368,347.9023012701115,139.3585922701299,61.27824624644009,27.67404669194069,22.732252639808422,2.9650764312793596,4.941794052132266,4.941794052132266,2.9650764312793596,3.9534352417058125,3.9534352417058125
1130360145_0,690.3612300284447,12335.11619351543,32127.1269968489,21110.153756207925,11181.865275439137,6208.28444270184,2887.59725998948,1361.849275351076,566.1955411744079,234.4248205564215,122.17903783237222,56.61955411744078,33.77306736829801,20.85983572747818,19.86651021664589,22.846486749142773,22.846486749142773,16.886533684149004,13.906557151652121
1130360145_2,838.4127441912368,14809.969363881028,38970.77694945364,25354.27768406548,13199.779289331073,7197.619252327379,3560.519127170377,1570.4077379335267,624.5826848779319,285.43826522287657,108.40686727976848,66.63541383251822,36.79866137019663,14.918376231160797,17.902051477392956,19.891168308214393,12.929259400339358,12.929259400339358,10.940142569517917
1130360145_3,706.6060008901107,12833.197312931083,34062.185758801206,21849.13210909857,11608.811106044139,6325.664128924831,3059.9716972442343,1401.286162102751,525.7307657818124,227.58477384505676,108.32637707035454,46.709538736758375,27.826959247430523,12.919659650592742,11.925839677470224,10.932019704347706,4.969099865612593,0.9938199731225187,4.969099865612593
1130360145_4,690.9309483456783,13802.712642922874,35391.57087928942,22845.457831631204,12219.039260599615,6712.46872407197,3286.6441945767087,1412.680399423322,626.3115071334925,264.44263634525237,120.29157517960729,67.60187696044046,21.871195487201327,24.853631235456053,8.947307244764179,8.947307244764179,10.935597743600663,7.953161995345937,3.9765809976729685
1130360146_0,1069.646798267305,19668.952159200195,51442.64099078476,33209.844030003056,17442.01524958595,9558.100859377399,4500.683315986919,2043.6827095386498,821.6560601215332,369.4962403698046,150.3879576707291,88.63925981917146,34.85813588394383,26.890561967613813,19.91893479082505,10.955414134953777,15.93514783266004,9.959467395412524,11.951360874495029
1130360146_1,1119.2715090658528,19111.26227935218,49283.79495256867,31670.20558214447,16714.3881491729,9145.364358772946,4465.136518373029,1981.6283834884764,839.4536317993897,432.17423036884355,205.13339045157088,108.54145417097683,106.54986785591304,72.69290049982853,53.772830506722464,52.777037349190564,51.78124419165867,42.81910577387159,52.77703734919057
1130360146_10,251.3530290740317,5352.340972047027,13908.200942096419,9022.095196527891,4703.751587220703,2674.1990897170504,1223.2514081602872,548.0481731967122,218.82499001739228,94.6270227102237,38.44222797602838,23.65675567755592,12.814075992009458,3.942792612925987,7.885585225851974,0.9856981532314968,3.942792612925987,4.928490766157484,4.928490766157484
1130360146_4,523.7031671919592,9657.7608692199,24877.884165736214,16406.390319170827,8354.454123594454,4569.508506161658,2164.2430129031345,1016.6586105525723,404.6797201028776,171.59213622009267,81.33268884420578,35.707034126724494,24.796551476892006,12.894206767983842,4.959310295378401,2.975586177227041,8.926758531681122,6.943034413529762,4.959310295378401
1130360146_6,649.6356898074587,11444.117404085217,30575.590470892024,19495.030654680704,10419.00420548996,5741.428573527693,2731.648542768366,1155.2390019053125,494.6767179267805,239.39174502079132,91.38606033988715,73.50617896903967,39.733069712994414,21.853188342146925,18.87320811367234,15.893227885197765,17.879881370847485,25.826495313446365,16.886554628022623
1130360146_7,1243.7060801543123,23138.11519953751,59405.89995519127,38260.90347384977,20026.85688043354,10856.517658013683,5084.445850118029,2264.1828638706706,960.6832221704783,435.49643992582884,155.46326001928898,101.64905462799666,59.7935615458804,36.87269628662624,37.86925564572425,39.86237436392026,33.88301820933222,41.855493082116276,31.88989949113621
1130360146_8,846.5391585295331,14880.586689122545,38863.21015914429,25007.224331696747,13295.937006939763,7206.027807741408,3314.534049612696,1557.7912129932417,625.7028563044375,280.5217893129593,126.33428100264474,71.62258450543641,30.837501662062895,15.916129890096979,8.952823063179551,11.937097417572735,16.91088800822804,10.942339299441674,7.9580649450484895
1130360146_9,995.8807248268449,19025.30536709204,48977.41404698424,32126.11630218919,16921.009395532925,9070.481641722903,4397.809280835348,1911.0951109427158,794.7128184118222,342.58296934043466,149.38210872402672,68.7157700130523,50.789916966169095,18.921733771710052,20.913495221363743,10.954687973095295,21.90937594619059,13.942330147575829,5.97528434896107
1130360147_2,529.2142211311195,10635.915078342501,27116.023225311215,16972.585170760525,8773.239883517022,4670.5885482191115,2209.196326485443,905.5222695526849,396.1659929292997,165.81383663958155,70.49570300245682,36.73719733930849,21.843738958507753,17.872150056960887,11.914766704640591,6.950280577707011,6.950280577707012,2.978691676160148,2.978691676160148
1130360152_0,794.0717788529204,17016.67889908683,38845.672196649146,21921.768015443376,9596.696623825495,4307.540126993605,1741.7705098959789,644.4351371092796,277.3265760315475,88.78440743456018,38.9055268533466,21.94670745573398,14.963664174364077,13.966086562739807,5.985465669745631,4.987888058121359,8.978198504618447,2.9927328348728155,1.9951552232485437
1130360152_1,712.1684114996931,15788.394657743196,36330.56333398434,20421.479071491198,8857.220579996185,3990.7364347482803,1694.64164024927,650.3274569997197,248.36125274989297,106.725518249954,45.88199849998023,21.943564499990543,18.951260249991833,6.982043249996991,3.9897389999982806,4.987173749997851,3.9897389999982806,1.9948694999991403,3.9897389999982806
1130360153_0,753.0681927019491,15802.462750962888,36377.68219342091,20239.081719357946,8783.468218454786,4153.345634981345,1633.8088737030366,623.4008217731366,228.4140610976773,91.76460096500571,51.86694837152497,22.941150241251428,20.94626761157739,10.971854463207205,2.992323944511056,5.984647889022112,1.9948826296740374,4.987206574185094,1.9948826296740374
1130360155_0,702.5141416431801,15943.279035558364,34824.34448162457,18406.07008893246,7621.879281066206,3340.9337304280775,1253.349093613401,472.9995783222547,186.60531887396968,74.8417054307365,49.89447028715767,18.959898709119912,11.97467286891784,6.985225840202074,10.976783463174687,4.989447028715767,2.99366821722946,0.9978894057431534,8.98100465168838
1130360155_1,668.5300839486712,15270.424484702184,33404.55246333375,17557.396055463905,7197.175366450395,3130.117721413405,1155.4594585262107,438.03687590069643,158.6511691758787,58.87055963130089,29.934182863373337,13.96928533624089,7.9824487635662225,5.986836572674667,3.9912243817831112,3.9912243817831112,4.989030477228889,3.9912243817831112,2.9934182863373335
1130360156_0,702.5656003299321,15247.869044660556,33029.56487801103,17104.079295532254,6923.863828251518,2866.148301345973,1124.7037380281724,393.1972251846495,175.641400082483,48.900162522964024,30.936837514528257,23.951100011247686,15.967400007498458,13.97147500656115,9.979625004686536,4.989812502343268,12.973512506092497,10.977587505155189,8.981662504217882
1130360156_1,342.61790668447065,7747.746209588652,16447.651485428334,8431.986040670723,3432.1549605659475,1448.1582451140123,533.8465057641752,198.20047508781875,82.66652981049727,28.88348631933037,16.931698876848838,7.967858294987688,8.963840581861149,1.991964573746922,5.975893721240766,1.991964573746922,1.991964573746922,1.991964573746922,4.979911434367305
1130360156_3,1080.6783370438984,24036.603381976394,52089.295112615924,26224.927075565287,10426.248761923529,4269.778087673443,1618.021170065726,579.2915300235315,234.71294750953433,83.89739400340801,47.94136800194744,25.96824100105486,20.974348500852003,10.986563500446287,7.9902280003245725,7.9902280003245725,7.9902280003245725,7.9902280003245725,14.981677500608573
1130360156_5,1052.655065932669,23049.55053762815,49023.3648637296,25002.0559018581,9855.408150496753,4168.673856928805,1521.0566085535627,555.2905281390549,222.71544563850588,86.88898551816148,36.95278694450546,18.975755457989287,23.969375315354892,10.985963686204325,9.987239714731205,9.987239714731205,11.984687657677446,8.988515743258084,7.989791771784964
1130360156_6,1094.6978079510802,24618.71493647648,52333.74666551533,26905.994115498357,10479.534125020742,4341.835192667286,1593.1049303667635,594.2930617982599,220.73742295363937,85.89782069689133,43.94772221701417,19.976237371370075,21.973861108507084,14.982178028527558,11.985742422822046,14.982178028527558,5.992871211411023,8.989306817116535,12.984554291390548
1130360157_0,545.7093905781413,11812.06432256891,24531.98156182175,12034.538169184863,4732.806853569841,1911.4793278751715,725.284692779358,243.4242985394269,91.78293223617736,55.867871795934036,12.969327381198974,11.971686813414438,10.974046245629902,6.983483974491755,7.981124542276293,9.976405677845365,2.9929217033536095,4.988202838922683,6.983483974491755
1130360157_2,805.8483313857469,19005.838031307216,38856.468737152645,19150.631102002302,7666.044163628723,2965.7615169958713,1065.4772857355538,356.4905257803118,146.79021649777545,59.91437408072468,42.93863475785268,18.972885125562815,13.98002061883576,7.988583210763291,10.984301914799524,5.991437408072468,10.984301914799525,8.987156112108702,15.977166421526581
1130360157_3,124.91412001348111,3083.1977241422724,6318.076879729485,3041.5596841377783,1179.7444667939883,432.24251052283944,202.24190859325515,60.474296197002765,33.706984765542515,11.896582858426772,3.9655276194755906,1.9827638097377953,0.0,0.9913819048688977,0.0,0.9913819048688977,0.0,1.9827638097377953,0.9913819048688977
1130360157_4,1110.8566904495692,25980.260745073694,53134.31340676453,25888.35533543219,10107.597116878367,4042.8390523825606,1483.4731882352612,482.50340061793344,193.80053772231696,98.89821254901742,43.954761132896635,28.9701834739546,23.975324254307253,7.991774751435751,6.992802907506283,8.99074659536522,6.992802907506283,7.991774751435751,5.993831063576813
1130360157_5,902.8162880176661,19938.85751136361,41295.8556521355,20037.72787918856,7729.865120859221,3174.8373668231866,1166.4706022175155,397.4788524679547,164.78394637490587,67.91095971814303,34.95417044316185,15.979049345445418,18.975121097716432,12.982977593174402,10.985596424993725,8.988215256813048,4.993452920451693,7.989524672722709,7.989524672722709
1130360158_2,288.1644395839788,6718.519010092905,12306.316655174624,5444.213979683475,1912.454654401631,711.9356742663005,249.27719687195395,86.74846451143999,39.88435149951264,17.947958174780688,19.942175749756316,18.9450669622685,10.968196662365976,10.968196662365976,6.979761512414711,6.979761512414711,5.982652724926895,8.973979087390344,5.982652724926895
1130360158_3,298.13050136872897,6265.725988632418,11957.12699803946,5462.0698545080195,1754.8818809664315,674.0341770075612,267.22065005625205,105.69174964911463,65.80807053624117,44.86913900198263,33.90112724594243,28.91566735683325,25.924391423367737,13.959287689505706,21.936023512080396,21.936023512080393,15.953471645149378,22.93311548990223,14.956379667327543
1130360160_0,303.32570466122127,6568.398400607959,11730.922071388088,5014.851946142428,1556.5398002352144,542.7933662358696,185.58743772035248,69.8447346259391,35.920149236197254,10.975601155504716,16.962292694870925,10.975601155504716,14.966728848415524,10.975601155504716,6.984473462593911,3.991127692910806,2.9933457696831045,8.980037309049314,2.9933457696831045
1130360160_1,287.32843554239304,6148.628986971416,10976.345304991,4582.289945993789,1397.7331187322661,515.7944485257542,191.55229036159534,76.82044978043146,46.890404411432186,38.909058979699054,32.92304990589919,27.934709011065983,28.932377190032625,18.955695400366206,15.962690863466278,21.948699937266134,23.944036295199417,23.944036295199417,18.955695400366206
1130360160_2,212.33205395219437,4581.587417672701,8144.379722016094,3242.7989272605087,1052.6884928334143,374.82090275129156,136.57038211948654,57.818117977592834,27.912194885734472,30.902787194920315,18.940417958176965,11.962369236743346,11.962369236743346,10.9655051336814,7.974912824495564,9.968641030619455,15.949825648991126,5.981184618371673,7.974912824495564
1130360161_0,467.5040650003183,7666.866877943254,12204.053765189932,4370.363855505112,1205.7209539644962,404.57082548104466,161.82833019241787,83.91098602569815,60.93535889961414,62.93323951927362,47.94913487182752,45.95125425216804,34.9629108440409,35.96185115387064,31.96608991455168,25.97244805557324,27.97032867523272,34.9629108440409,29.9682092948922
1130360181_0,2227.710712766005,35567.44942480756,80845.91940513006,44597.17011211335,19195.274146098116,9097.65087944395,3797.097945840173,1658.2958669020488,822.1551195544494,463.52366400153653,359.63042896670936,313.6776519320743,279.7125558629962,312.6786785182778,242.7505395525288,269.722821725032,250.74232686290014,219.77415103521128,257.73514075947503
1130360181_2,1609.1636220337225,32623.76974503005,75547.78484723686,41105.090859051365,18214.213934068855,8307.519456520467,3616.8724241987024,1452.3425862427266,627.2841431639837,288.670569067502,218.75036202693062,143.83585448346125,125.85637267302856,114.86891156665305,87.89968885100409,114.86891156665305,88.89854895158366,90.89626915274286,116.86663176781224
1130360181_3,1041.167132449337,21597.978981470616,49284.24016889378,26979.505358301278,11858.124991721645,5476.359432998143,2242.053096338649,905.4061257253583,409.2795055649359,213.62393705096653,101.82075504298406,81.85590111298718,60.89280448649046,45.91916403899281,53.905105610991555,29.94728089499531,38.931465163493904,42.92443594949328,46.91740673549265
1130360181_5,798.1292360059623,15948.61745848914,36893.523934375604,20576.769365778717,9068.743444117747,4113.358550065728,1682.0573648825655,696.3677584152023,280.3428941470943,120.7170469459018,59.85969270044717,47.887754160357744,34.91815407526085,19.95323090014906,20.950892445156512,13.96726163010434,5.985969270044718,5.985969270044717,18.955569355141606
1130360181_6,362.9478126647044,6800.54819401072,15533.1720044804,8529.770786405026,3763.719098454537,1766.0145624452466,719.9293599157423,279.42009687337514,126.28595125593824,51.70763358510856,35.79759248199823,27.842571930443075,19.887551378887906,17.89879624099912,20.881928947832304,12.926908396277142,10.93815325838835,6.960642982610769,16.90441867205472
1130360182_0,1537.8682312967835,27678.63231613828,62623.19271728656,35014.46350257086,15489.528659509357,7203.015293729676,3028.8015230669776,1225.3015063643852,554.2317327076071,306.57503052474846,216.69961441000135,133.81450843751236,118.83527241838783,103.8560363992633,104.85465213387161,85.88095317631391,112.84357801073803,83.8837217070973,107.85049933769652
1130360182_1,897.5709398090954,14210.542579266443,32477.108505425764,18081.06793193211,7809.864477383361,3564.3539320863406,1545.816618560109,655.2267860606395,312.1552268447187,172.53308065219278,106.71121173285911,86.76519084821254,65.82186891933365,56.846159521242704,57.84346056547503,45.87584803468709,39.89204176929313,48.86775116738408,39.89204176929312
1130360182_2,220.96461672277195,4117.076154632813,9470.761464736564,5296.214692301416,2240.363221570347,1072.1242838297724,467.6919241845217,166.4666170826264,64.40672684744473,33.689672504817246,19.81745441459838,13.872218090218865,16.844836252408623,11.890472648759028,9.90872720729919,6.936109045109433,11.890472648759028,3.9634908829196758,10.899599928029108
1130360182_3,533.9666527639329,10221.078092085727,23227.549395231075,12903.862039647802,5563.812977027173,2549.2922843710894,1103.7967374299205,454.27013742603236,175.3323337433809,75.7116895710054,52.79894141135902,38.852051227226454,34.867225460331426,19.924128834475102,15.939303067580083,16.935509509303838,11.954477300685062,12.950683742408817,14.943096625856327
1130360182_4,2048.8527870419534,36991.23291280523,84049.91506393753,46718.039147533425,21025.964632695777,9557.983162563341,3996.8113120208955,1682.2370031100193,776.1865507223782,400.58018898284905,285.70058366357813,206.78328957468767,176.8146968827039,133.85971402419395,104.89007442194301,106.8879806014086,118.87541767820208,107.88693369114138,124.86913621659882
1130360182_9,732.9790706396477,14332.483269704784,32629.03702348113,18095.109165654976,8050.80277180119,3696.8073671580596,1518.8124144002495,628.2677748339836,278.2328717121928,128.64530627553,61.829527047153945,50.859772248465354,41.88451832226558,28.920262651088137,26.925761778599302,23.934010469866045,28.920262651088137,19.94500872488837,22.936760033621624
1130360183_0,436.65034765177666,7503.6223751366815,16962.72216139726,9422.297820740958,4045.2322640086004,1902.7610821363296,819.5897185992345,326.24445109289917,171.0794072804227,75.59322647274493,51.72168127082548,43.764499536852334,25.860840635412742,26.85548835215938,22.876897485172805,21.882249768426163,18.898306618186233,23.87154520191945,27.850136068906025
1130360183_1,846.1468564157705,18093.373758711277,41386.359862685036,23078.455945802307,10027.039811464714,4616.888566787465,1970.684011109843,785.2801603764284,320.2985152234226,148.67438868626158,77.82954575522416,56.87543728266382,39.912587566781625,24.945367229238517,20.954108472560353,17.96066440505173,13.96940564837357,2.993444067508622,14.96722033754311
1130360183_2,1136.840933278486,21046.029779727975,47966.90216988366,26397.865674582445,11692.793268970558,5631.305132183686,2371.496099622198,892.3053506154229,421.20006483188865,189.63983961625314,122.76684354104812,85.83698003683038,61.88247398004051,45.91280327551393,40.92228118034937,32.937445828086084,32.93744582808608,29.94313257098735,17.965879542592408
1130360183_3,955.7544511738964,17050.93875262324,39090.1575218117,21513.454055442486,9555.549199732339,4459.522334809308,1902.5299983179752,876.939626912166,373.1233452390786,211.5030727023654,137.67652845720013,86.79607228823485,76.8195122551044,45.89217615240004,35.9156161192696,43.89686414577395,33.92030411264351,25.93905608613915,44.89452014908699
1130360183_4,508.55885780802737,8168.788854967296,18990.84173129702,10653.860220812003,4691.4803438493955,2233.2799939749775,966.3613521166234,438.89326084802354,206.01112243886823,134.35507985143582,89.57005323429054,63.69426007771772,84.59393916571884,53.74203194057433,42.79458098971659,44.78502661714527,44.78502661714527,30.85190722514452,27.866238784001503
1130360183_6,1198.4093063067505,18653.67491432006,42393.355019518975,23570.046814547673,10379.561702083947,4809.602711405943,2154.342791270837,945.9550561022477,459.0077276445506,299.3528658551417,251.456407318319,180.60956239926878,145.6850613828356,117.74546056968907,127.72388943152711,97.78860284601295,109.76271748021861,99.78428861838056,105.7713459354834
1130360183_7,942.698688203173,16448.845153208596,37075.49147699379,20549.833838079754,9192.559165917715,4284.540598764686,1771.6749949723128,783.0883282957575,337.17688530441535,198.51538513484812,134.67124117188183,112.72481668461225,76.81248570544372,58.85632021585949,54.8660612181741,41.89771947569659,44.89041372396063,41.89771947569658,37.907460478011195
1130360183_8,224.68162588142874,3748.3229833170517,8669.543440949048,4837.088571288734,2121.1133227484656,996.7154064431662,451.3428255591696,194.98801893674653,79.1829518524859,52.45870560227191,23.75488555574577,25.734459352057918,14.846803472341108,10.887655879716812,9.89786898156074,9.897868981560737,2.9693606944682216,3.959147592624295,7.91829518524859
1130360184_0,300.59477536504517,7365.567343381899,16103.718114672401,8425.611832665916,3595.1931411210026,1774.70359097972,778.3613057465739,348.371428403198,175.18106113989384,108.49281627413879,60.71616323598593,43.79526528497346,28.865061210550692,19.906938765897028,18.911591827602177,6.967428568063959,5.972081629769108,3.9813877531794053,1.9906938765897026
1130360184_10,125.67655090975451,2812.3839187836406,6395.649988423178,3394.2564537043936,1471.504182699252,718.4344563817464,343.3839619345261,190.988774217186,107.86412637136412,51.45811533312784,31.666532512694054,18.802003679412095,18.802003679412092,9.89579141021689,2.9687374230650674,5.937474846130136,1.9791582820433784,2.9687374230650674,2.9687374230650674
1130360184_11,331.4286038391151,6961.991242806639,15254.673306432791,8317.5640909414,3638.747674581997,1777.5720314013809,873.8567993115411,382.18793956222294,243.84386768943912,116.44788783536481,64.69327101964713,55.73574118615752,44.78764916744801,18.91034075958916,14.929216389149335,10.948092018709513,5.971686555659734,8.957529833489602,4.976405463049779
1130360184_12,448.5798654918026,10216.65564761219,22581.510428857342,11968.110811321296,5281.280283056823,2508.059870171945,1198.2066629358815,526.333708843715,301.04693195227645,168.46666059581028,118.62445331894334,69.77909018761373,54.82642800455365,34.889545093806866,25.917947783970817,17.943194619672106,9.968441455373393,7.974753164298713,4.984220727686695
1130360184_13,369.4273279113536,7670.346918871041,16856.24206707114,8949.899793173168,3925.2898291820907,1954.6788266576468,955.9305520078152,452.07549022036255,238.98263800195377,124.47012395935096,81.65240131733422,59.74565950048844,54.76685454211441,43.813483633691526,23.89826380019538,11.94913190009769,5.974565950048845,7.96608793339846,5.974565950048845
1130360184_14,336.68429098800016,8184.01815016985,18210.83493444562,9962.069805239611,4343.0281322712435,2064.930577568415,990.1307255682608,486.1003964560476,259.9840235144025,171.33046760336103,122.52120648379888,77.69637484338465,44.824831640414224,23.906576874887584,17.92993265616569,8.964966328082845,10.95718106765681,8.964966328082845,7.968858958295861
1130360184_15,345.54142520878236,7729.373321240832,16586.98420663599,8832.715970034293,3954.3083559195243,2046.3620426629618,905.179122520989,462.0496290976224,250.94074683750188,177.25179736934658,97.58806821458406,59.74779686607188,63.73098332381001,40.827661191815785,17.924339059821563,21.90752551755969,9.957966144345313,4.978983072172657,6.970576301041719
1130360184_16,371.5309012249009,8009.329696379163,17748.81804001745,9371.941688002928,4146.603597317057,2101.6895484840234,996.0613973857933,539.8652773830999,301.80660340789535,192.23984969545808,137.45647283923944,94.62583275165036,56.775499650990206,33.86608751111697,12.94879816601531,7.968491179086346,12.948798166015312,4.980306986928966,5.976368384314759
1130360184_17,433.53476084612305,9252.728091253808,20446.89460579094,10886.207339591267,4731.010367210451,2346.07086673971,1086.32848120063,547.1507671368311,298.9894902387055,177.40043087496528,124.5789542661273,84.71368890096656,56.80800314535405,21.925895950838402,27.905685755612517,14.949474511935277,9.966316341290185,9.966316341290185,6.976421438903129
1130360184_3,152.4772872035517,3349.549757205295,7229.799682859315,3830.744312925594,1739.6272312768854,818.822834528164,374.26243222689965,176.23998131319613,75.24853134720732,36.634153419035144,31.683592146192563,22.772581855075906,13.861571563959247,8.911010291116657,4.950561272842588,6.930785781979623,5.940673527411105,0.9901122545685176,5.940673527411105
1130360184_4,166.62200814963654,4064.3868416500623,8878.57271997349,4786.415543631821,2055.0047671788507,1004.6910372356059,433.4155807225664,203.31852184925887,127.94189911489948,66.45044372634314,39.671906702294415,35.70471603206497,17.852358016032483,7.9343813404588825,14.876965013360405,2.9753930026720807,1.9835953351147206,0.0,4.958988337786802
1130360184_7,113.49640734297957,2545.280300326472,5592.905568805785,3020.978285885743,1289.911342584994,616.8283007770629,295.09065909174683,141.130315217792,72.04554553076093,48.359338780921725,23.68620674983921,11.843103374919606,10.856178093676304,4.934626406216502,3.947701124973202,1.973850562486601,2.9607758437299014,0.9869252812433005,0.9869252812433005
1130360184_9,206.3485346982486,4173.597526324673,8987.073922266509,4907.722120924212,2099.199516449491,977.1793590277639,480.15716727861695,208.3326552241933,110.11868918993075,77.38070051184323,49.60301314861746,26.78562710025343,29.761807889170477,14.880903944585237,7.936482103778793,6.944421840806444,2.9761807889170475,0.9920602629723492,5.952361577834095
1130360185_0,399.65381869349045,9139.215754162862,20040.496225158873,10758.760530663914,4611.466880535613,2336.1310499190567,1118.2333779902651,581.0428336616084,355.801529360539,185.37558672565893,123.58372448377263,81.72472102959159,42.85564639356631,41.85900345418105,22.92278760586105,13.953001151393682,6.976500575696841,12.95635821200842,9.96642939385263
1130360185_1,415.70444696576635,9576.155677585495,20771.26584407364,11044.579299601262,5063.220350453544,2714.5400697548725,1449.48265201013,831.4088939315327,440.62677592054854,316.01513114663777,192.40037953091823,147.54018741231036,105.67067476827633,57.819803175094606,35.8881536948863,31.90058106212116,13.956504214678006,12.95961105648672,8.972038423721575
1130360185_2,541.7248428148779,11707.442044995567,25188.708713425483,13679.799345630949,6369.008096740664,3414.9615781866064,1983.3314687218735,1207.1584895138164,741.2551716601369,468.89627278635845,323.23913272931935,213.49745186442703,146.65479170126528,97.76986113417686,63.84970523048285,34.917807547920305,36.913110836372894,23.94363946143107,18.955381240299594
1130360186_0,279.3843957985909,4517.046999215076,8322.66159055731,4653.745792873672,2793.843957985909,1879.8578631590906,1385.9461634437248,999.7970163935291,676.5093583980166,446.0172318641791,334.2634735447427,243.46354491020065,184.5932615097833,139.69219789929545,86.80872298027647,63.859290468249355,40.90985795622224,40.90985795622224,41.90765936978863
1130360186_1,497.31755919651954,7844.235798170002,14518.077661845386,8082.908281398854,4684.571626889303,3328.432579923694,2344.782387537004,1662.7183455064362,1160.407638125212,822.870820839221,602.1736710753037,424.417595699841,330.54640982740557,220.6971497639173,167.7697790060548,123.83007498065948,76.89448204444179,75.89585240750098,58.91914857950734
1130360187_0,753.3672220542005,12176.772327817693,23053.636491321704,12704.329215410024,7286.879509869077,5236.601605817061,3567.0039558799676,2563.846540836974,1834.4591773096977,1304.903968173456,921.2262317426696,642.4603763671763,484.5929743982589,375.684450255145,220.81453060209324,179.84893895193113,116.90181031875524,90.92363024792074,83.92950484423454
1130360188_0,241.69200610178538,2490.8258810655075,4660.061572193928,3140.997352025269,2242.1427838781333,1816.6849549551557,1338.294579241291,1059.6496631156788,735.0632912847688,542.3089227821052,358.5430999609131,291.62837099884854,208.73400526972375,157.7989130747194,114.85363926324513,85.89054762294853,59.92363787647572,44.942728407356796,39.94909191765048
1130360199_1,155.77050963484666,779.851077082149,1928.1593211851853,1597.6462526650937,1225.194970012544,1097.3832697993362,826.7819357541861,674.0070128430866,484.28652033910663,378.4424561000442,286.57779657180123,212.6866573860406,154.77198072693093,112.83376659447227,81.87937044908605,57.91467665910966,53.92056102744692,41.93821413245871,35.94704068496461
1130360199_2,167.71801836143942,1284.8398192331697,3019.922652043775,2398.966655491303,1733.0861897348739,1538.4134898510606,1248.9002438700043,868.5397379431685,671.8703949836234,475.20105202407836,381.35882746470156,262.55856445868193,168.71633989930513,126.78683530894527,94.84054609724252,70.88082918846547,62.89425688553978,36.9378969010313,23.95971690877706
1130360201_0,343.59656848050514,4524.687369815955,9811.47991913954,6593.25857133667,4785.3812778781985,3748.598609032953,2948.537994635032,2125.5043538561486,1486.254924124976,1143.6571828784256,800.0606143979204,586.3115863315597,429.4957106006314,301.64582465439696,197.76779232308144,145.8287761574237,109.87099573504526,73.91321531266681,50.94018893170281
1130360202_0,166.40756705197407,1916.1781523409948,3983.817084274206,2582.804873046208,1752.7599427809723,1379.0902562870187,1032.3247872206296,787.1974728805959,537.0878960539762,350.75127905565796,296.9428442005285,209.2550244366141,141.4962546190438,101.63815472635541,90.6771772558661,41.851004887322816,33.87938490878514,21.921954940978623,21.92195494097862
1130360203_0,437.35085145169836,7891.287166718657,16263.859973619321,9800.453440635658,6065.996398559514,4703.0194299942905,3306.092851955647,2403.4326471329637,1660.5353104204894,1278.1029448816755,947.5935114786798,604.1033450417295,504.2515524728485,296.5598239295763,221.6709795029156,126.81177656247874,121.81918693403472,66.90070102115021,48.92737835875164
1130360203_1,321.3358199238345,5774.065385339461,12067.058181736045,7357.791926392646,4565.563279973736,3403.9642290689426,2444.946455942219,1750.382074988838,1228.4608519448457,909.1209066789231,655.6448251240971,476.01610591201575,324.3296319107025,241.50083360735388,185.6163431858174,109.77310618516086,65.86386371109651,44.907179803020355,34.927806513460276
1130360203_2,488.28164645894117,8137.028910007998,16936.08385601248,10320.81615091946,6466.486589914321,4688.102924590447,3426.9583039817708,2553.243701422316,1802.3484087083616,1287.1064259418715,873.7146025594551,638.0612926119906,469.3095579462216,297.56223035739157,219.67681435780585,141.7913983582201,99.85309743536628,63.90598235863443,61.908920409927106
1130360204_0,551.4056120600821,10423.859436665638,23275.698376706143,13257.66549358201,6672.705887714411,3809.9834424621586,2095.9395959318135,1305.2259424713336,801.681938691331,521.4921068850325,330.04567376471465,277.1984812887935,175.4925636936247,123.64248805687193,80.7664639726341,68.80106190261422,69.79817874178255,34.899089370891275,38.88755672756456
1130360205_0,516.6129217364969,10517.760371878563,23532.815639564444,12733.810395234734,5836.329764482588,3085.7150190206985,1649.5709894829458,927.5096857431315,590.4147676988536,352.05475168529614,236.3653715280884,179.51800369221903,127.65724707002241,63.828623535011204,50.863434379462056,41.887534194851106,28.922345039301952,22.938411582894652,23.9357338256292
1130360205_1,689.6303341203842,14200.795982921778,31284.865533533553,17074.0893721151,7833.442102041817,4310.439092714819,2278.474750791371,1294.4291510190137,772.4658156428038,494.01883558551407,345.31417598502594,238.52626607058156,154.69276669849432,89.82160647009346,52.894946032388376,57.885035280726896,35.928642588037384,24.95044624169263,19.960356993354104
1130360205_2,1225.5692201169595,24574.31093931341,54035.91625029127,29065.06824464825,13363.399018699922,7013.811787825012,3726.6493563621643,2166.470772969589,1240.5517289203453,782.0869595367394,519.3936385173748,369.5685504835167,280.67233158342754,169.80176643837254,114.8659008259579,93.89038850121776,58.93120129331753,61.92770305399469,46.94519425060888
1130360206_0,213.96067969712666,4790.728893311479,10190.499349295707,5452.5142514444515,2616.291288017423,1499.7150897840459,930.4801651944811,525.44762269806,363.23557250907555,237.84466254703847,167.18787994938268,117.42958234539975,96.53109735172693,68.66645069349646,36.82114022694738,27.86464665823045,21.893650945752498,11.941991424955908,9.95165952079659
1130360206_1,288.72754274188856,5176.187912810617,10894.984483532711,5812.384119059123,2761.828288158617,1619.86107600363,989.6385430532318,643.1654917629655,385.3019277279685,277.77580836202384,214.05662651553806,129.42958812567417,100.55683385148532,72.67969179364782,28.872754274188857,30.863978706891537,19.912244327026798,12.942958812567419,12.942958812567419
1130360207_0,110.49283177754563,2043.619672426137,3819.4684282021854,2178.998277126553,1249.2658007281061,978.5085913272736,648.0255269115515,524.5920932141131,309.5790151605107,217.00393988743195,170.2186867924352,123.43343369743839,93.57050618999361,67.68930235020814,33.84465117510407,34.840082092018896,11.945171002977906,14.931463753722383,13.936032836807557
1130360207_1,398.3541093485832,5784.620825979176,10883.353749395756,6198.94903495076,3668.0526259315657,2766.5143784584566,1954.8304413647265,1402.7256231447607,975.4184582294882,656.9348469959091,454.26345802908605,365.407528876144,260.57750010020106,183.70214566450957,111.81869736100582,82.86564179431682,54.91096745406535,40.93363028393963,31.948199246001657
1130360208_0,290.52352084083316,3557.165995724703,6886.705315326691,4229.064035332541,2607.723149265485,2095.563127989378,1546.4636899740567,1137.135017999,785.7113776691947,585.0404921399596,391.35814491273743,318.4776740488859,229.62340135186125,151.7511174151431,84.86082223873133,68.88702040555837,60.900119488971896,37.93777935378577,24.959065364332748
1130360209_0,125.60230393222217,1204.18716785813,2298.721530696066,1546.1045507847348,1053.6637718758636,852.3013481115074,659.9105174851672,487.45656049886225,360.85741288463834,224.28982845039673,207.34348585636675,145.53917757225744,91.70961874416221,50.83902778208993,59.81062092010579,31.898997824056426,26.914779414047604,10.965280502019395,7.974749456014106
1130360226_3,81.82163289498793,505.897169240962,1263.2461859153016,1093.6159713769118,871.1010428942009,751.3620679259257,577.7405542219269,457.00375446224973,348.24085219939985,262.4279201388028,205.55190702887208,146.6802443361369,109.7607270542521,63.86078664974668,63.86078664974668,46.897765195907716,31.93039332487334,22.94997020225271,16.963021453838962
1130360226_4,94.7977515576543,572.7779936220376,1372.0727199134178,1082.6901098953151,882.1180250206991,751.3969149780388,644.6247105920493,461.01643389090833,389.1697169208967,263.4379622233762,185.60401883919687,159.65937104447042,109.76581759307341,75.83820124612345,61.868006279732285,54.8829087965367,31.931874208894083,21.95316351861468,21.953163518614684
1130360226_5,99.79785881647801,556.8720521959472,1614.7293556506143,1247.473235205975,971.033166284331,865.2474359388643,684.6133114810392,528.9286517273334,375.23994914995734,294.40368350861013,189.6159317513082,154.68668116554096,106.78370893363146,84.82817999400632,56.88477952539246,44.9090364674151,29.939357644943403,34.929250585767306,23.951486115954726
1130360226_6,80.83692420578657,631.7255928674433,1573.8250552163634,1295.3867607297652,1052.8759881124054,822.341056118125,726.5343311334893,476.0396647674099,395.20274056162333,293.40809526544757,252.4906398032593,143.71008747695396,122.7523663865648,78.84095076860666,74.84900389424683,37.9234953064184,27.943628120518817,29.939601557698737,19.959734371799154
1130360227_0,95.82342413723539,781.5598031193263,2020.277192226713,1636.9834956777713,1325.5573672317564,1161.8590176639793,865.4052992394072,661.780522947782,501.0766553842935,325.4003777993619,261.51809504120496,219.59534698116445,153.71674288681513,122.77376217583287,84.84365678817719,62.88412209006073,34.93562338336708,36.93194471955948,28.94665937478986
1130360227_1,56.8066593644691,641.8155900125981,1607.5287992085725,1181.9771580045672,961.7267769598715,757.4221248595878,621.8834288320827,429.5380734401084,336.85352395071146,252.1418389335207,189.35553121489698,143.51156049971138,101.6540220206289,66.77273995472683,42.85414653810826,35.877890124927845,14.949120885386602,17.938945062463922,11.959296708309282
1130360228_1,718.2911648019995,6502.583020439799,13420.755922044593,8793.322437534353,5810.266223210611,4543.516296967308,3456.588915458857,2568.4653472961627,1866.1584086928165,1400.6178206570285,1056.9569573859742,801.2093382075154,577.430171426364,411.59382461533204,299.7042412247564,283.72001502610266,248.75452021654783,210.79198299474533,191.8107143838441
1130360228_4,343.37294938669555,4303.141816296641,8810.909954175471,5583.803136247602,3556.5052868162684,2679.107546958986,2050.2559245356765,1340.5519506579421,1031.1170253385365,700.7203792716869,468.14509669290766,376.31279627553556,263.5187751107199,187.65730954854297,110.79766680791631,74.86328838372724,70.87057966992846,36.93255560263877,29.945315353490898
1130360229_1,582.4557653028212,9633.998190077366,19390.88155876922,12013.774575928684,7682.821329637554,5705.668740384926,3998.26410418849,2975.2200155605506,1951.1768604398105,1420.672552762627,1013.0534236999322,765.2849334853532,560.4763024612051,380.64433375707523,220.79369490895962,177.83383571852858,121.88611212168811,64.93932203204696,51.95145762563756
1130360229_2,436.4653720336896,7276.087494886565,14818.848340649549,9265.65047221176,5696.022921528906,4175.8849438738125,3105.1964339879655,2230.268136730501,1625.0095201345835,1127.6187758032847,768.0592015878885,558.3161166289074,424.4800528931763,253.68925514086305,187.7699998680404,118.8544148100894,100.87643609931956,68.915585057951,50.937606347181166
1130360230_0,378.39017610029305,6219.975717954685,12922.174272469902,7528.866274333272,4523.709466782131,3453.434351268901,2392.1447544493462,1698.2630331044816,1222.0305423397328,849.6307120352228,588.0522789526983,415.33064184095497,341.44971035963124,209.66210285240513,143.76829909879208,104.83105142620256,55.9098940939747,42.930811536444864,24.95977414909585
1130360230_2,88.466615531743,1774.3023452152954,3604.2690777314624,2150.036959496181,1311.0951223187535,918.4623904643881,651.0745300369852,457.24318140002015,341.93837913392804,219.675528455227,175.93922414739905,107.35274693739605,90.45462936391704,59.64041496522002,34.79024206304501,25.844179818262003,13.916096825218004,12.922089909131003,10.934076076957004
1130360231_0,744.3448138402499,11762.64629978693,23420.384941247383,14186.51276740632,8582.445571661407,6461.312632355564,4461.073280264049,3209.175224234742,2251.0186115195747,1587.6025626740366,1120.014142704591,850.2515927222183,600.4714538496512,370.67372608688953,261.7695855384503,193.82938776511205,122.891828325303,107.90501999294898,79.92964443922145
1130360231_1,249.35844321410002,3642.6281384715726,7073.800317097589,4284.975488191094,2782.840226269356,2026.7854264442046,1472.2122487360466,1036.3336899977999,715.160015138039,529.6373333867484,365.0607608654424,261.3276484883768,221.43029757412083,149.61506592846,97.74850973992719,77.79983428279921,53.861423734245605,47.8768210971072,29.923013185692
1130360231_2,286.27089327457264,3585.8671126205186,7134.828221578462,4368.87286600219,2750.993462199552,2031.825120558552,1453.2985766587192,1048.3299959288358,754.0794261866791,493.74248143175424,364.07273883351576,275.2988381316448,196.49953301425373,132.66212127358247,87.77644114342297,50.87043748084741,40.89584189636753,25.9339485196477,26.931408078095686
1130360231_3,531.4353479106751,8583.879595106073,17303.61484306149,10534.80672756763,6458.1382034633725,4822.875676151766,3456.3276386671723,2498.3454983545075,1763.1266711698145,1271.6488682148297,960.978956184341,671.2867552555894,465.50539873378676,334.6444390039025,205.78135652180273,159.83017982275945,121.87051211485405,80.91402853527197,57.93844018575028
1130360232_0,317.50262314675524,4713.615987030917,9292.44312461274,5919.726580619849,3877.9251204465327,3035.245202409232,2147.635667888901,1616.4677574672858,1135.221643137927,797.7503015542686,587.0803220449436,425.3337027060305,289.5464173350913,226.6449542588473,156.75443972968736,84.8670533568371,71.88738637285024,49.921796092257125,42.932744639341124
1130360232_2,210.54672529649716,3360.7647905147032,6645.692845851521,4153.059102767873,2790.9914249019075,2095.4887351784078,1501.7669268778589,1129.5682134390272,798.2814229251076,560.7926996048882,423.089154150307,305.34264426885363,211.5445770751535,135.70784189726828,99.78517786563845,80.82599407116714,49.89258893281922,34.92481225297345,26.941998023722384
1130360248_0,204.69528631724003,551.1795026688609,1351.9874032855755,1085.3842742772679,936.605749100347,805.8004685756716,675.9937016427878,486.27611920241895,382.4307056561118,274.591237742639,185.7235280732031,172.74285137991473,116.82609023959552,77.88406015973032,76.88554656793892,45.931625222405074,46.930138814196496,29.955407753742442,30.953921345533853
