ids,net_count_rates,source_percents,hardness_ratios,mjds,tins,diskbb_norms,gammas,nthcomp_norms,red_pgs
1050360105_4,4903.0,99.9,0.3485501113007045,58009.0634028,0.2,16524200.0,2.36024,45.7445,3.63273631840796
1130360110_1,6756.0,100.0,0.29495526379640885,58033.2239005,0.2,8716210.0,2.66234,91.1747,128.91497512437812
1050360105_8,4779.0,100.0,0.349111233508253,58009.1044444,0.2,16523600.0,2.36036,45.5097,1.6229353233830845
1130360176_0,-1.799,-120.8,1.6371564431728653,58247.1552662,0.2,0.236914,3.64758,2.31442e-08,9.781318681318682
1130360183_4,90.16,95.1,0.04903272498633964,58261.3057292,0.314286,110770.0,4.0,0.854718,2.525414364640884
1050360109_8,6747.0,100.0,0.35308453497737924,58013.7308681,0.2,19523400.0,2.35059,62.7202,3.1464179104477608
1130360207_0,32.04,98.2,0.3117174689608814,58300.1898727,0.2,555542.0,2.39151,0.243489,1.3033333333333335
1130360107_1,6443.0,100.0,0.31262372863715393,58030.7229282,0.2,12762200.0,2.5628,77.1688,2.0732835820895525
1130360164_1,2.904,79.8,0.06979460477106944,58230.7449884,0.2,185632.0,1.1,0.00031417,1.2683333333333333
1050360117_0,10170.0,100.0,0.274963882786037,58021.0164815,0.29898,0.1,2.85746,133.357,364.9917412935323
1050360111_0,10450.0,99.9,0.30812654573012616,58015.274838,0.2,4198360.0,2.61984,136.63,196.7050248756219
1130360181_6,86.42,97.4,0.027868773957596894,58259.9476157,0.333431,85410.6,3.64758,0.351706,3.8463309352517983
1130360130_3,1235.0,99.9,0.11365881818797573,58136.3578009,0.430843,82713.6,3.64758,11.1111,5.341360544217687
1130360146_8,248.3,99.0,0.05333541399165124,58199.5096528,0.384877,75178.5,3.64758,1.1974,9.238211920529801
2130360212_2,0.454,22.0,1.2603216500954115,58614.7088542,0.420308,0.1,1.1,0.00106342,1.412162162162162
1130360226_3,10.1,95.1,0.5208294977422108,58321.4347222,0.2,46545.8,1.73443,0.0428633,1.1668156424581007
1130360184_7,75.41,99.1,0.05818569762943779,58266.2934244,0.286072,165702.0,4.0,1.01026,1.9180357142857143
1130360220_5,1.107,78.4,0.5023398580217285,58314.8771412,0.279719,945.831,1.55084,0.00308181,0.8147413793103448
1130360199_2,15.57,94.6,0.44724228081761597,58287.8375694,0.2,94179.7,1.91674,0.081975,0.9750785340314136
1130360131_6,1200.0,100.0,0.11242679819577486,58137.8225926,0.822978,4579.32,3.64758,0.00935658,690.7887700534759
1050360105_22,4826.0,99.8,0.3576684335367613,58009.4265394,0.2,17261800.0,2.31288,42.4808,13.510248756218905
1050360116_0,10290.0,100.0,0.28271364032146196,58020.0518634,0.255482,0.1,2.78324,141.952,291.2900995024876
1130360235_0,4.178,88.4,0.5275638142469642,58335.4947454,0.2,27235.0,1.71178,0.0162829,1.3438172043010752
1130360137_0,1021.0,100.0,0.10532089872830562,58151.7828588,0.484866,50570.9,3.64758,5.07423,66.53544943820225
1130360178_7,1.236,76.3,0.4453968147556076,58252.7583681,0.2,7603.19,1.85494,0.00617995,0.9002678571428572
1130360131_3,1208.0,100.0,0.1124450747143815,58137.6295255,0.892932,3114.2,3.64758,0.203316,1067.5829787234043
1130360132_0,1211.0,100.0,0.11334650109693356,58138.0156481,0.501893,22827.0,3.64758,9.96343,302.4956315789474
1050360105_21,4880.0,99.9,0.35760157816339677,58009.422037,0.2,17193200.0,2.31402,43.048,2.995771144278607
1130360287_1,-1.469,-69.1,-3.3688215395097787,58537.3301157,0.982887,0.103381,3.64758,4.80293e-08,9.993538461538462
1130360268_0,1.436,73.7,0.5176930491777547,58388.8881944,0.337778,205.587,1.52034,0.00392314,1.007754010695187
1130360244_3,1.503,65.0,0.6333985154381473,58350.4849421,0.280383,959.075,1.3632,0.00321905,0.9984466019417476
1130360130_1,1231.0,99.9,0.11100419676412263,58136.3565972,0.470128,59572.9,3.64758,7.96607,5.811818181818182
1050360115_3,10600.0,100.0,0.2748537026614121,58019.0699306,0.320924,0.1,2.87711,132.556,414.6397014925373
1050360112_2,11030.0,99.9,0.3124050218288132,58016.3727431,0.2,3621410.0,2.60401,141.834,125.00721393034826
1130360222_0,1.54,70.2,0.4927361164678754,58316.5477199,0.399991,119.451,1.26081,0.00279206,1.3611042944785277
1130360156_2,58.55,99.4,0.02333288238412527,58214.5345139,0.29356,151516.0,4.0,0.367486,2.2995945945945944
1050360115_18,10600.0,100.0,0.3002825111948391,58019.7372801,0.2,1831110.0,2.66696,146.335,50.771542288557214
1130360209_0,17.76,95.4,0.396190434761126,58302.0612847,0.2,206468.0,2.02919,0.0980723,1.4438011695906432
1130360263_1,0.5973,65.8,0.5564560720129434,58382.2164815,0.346028,100.06,1.27341,0.00135493,1.0318181818181817
1130360196_3,1.372,77.1,0.4329482668712477,58282.8847917,0.2,10469.6,2.05543,0.00861218,1.2557657657657657
1050360115_9,10580.0,99.9,0.27782832300338045,58019.3965625,0.297243,0.1,2.83948,137.282,198.32875621890548
1130360270_0,1.307,38.5,0.5042294102018573,58391.0726968,0.2,4589.47,1.64923,0.00523802,1.119004975124378
1130360185_2,70.08,99.5,0.13045107151407648,58267.3867361,0.250522,300343.0,3.40209,1.01304,3.125
1130360107_6,6412.0,100.0,0.3134187563734398,58030.725544,0.2,12701200.0,2.55158,75.8518,5.1676119402985075
1130360163_3,4.567,89.7,0.43058170504394894,58229.7799074,0.2,189422.0,1.1,0.00320106,1.2854166666666667
1130360176_1,-1.645,-107.2,1.949297794269883,58247.2195602,0.200003,0.351787,3.64758,6.62829e-08,7.265384615384616
1130360106_0,7630.0,100.0,0.2966512908416439,58029.7490278,0.2,7079890.0,2.66031,103.308,212.84109452736317
1130360177_0,-12.47,-273.1,1.2952613946047404,58250.115787,0.2,0.106326,3.64758,3.39075e-08,30.584060913705585
1050360108_9,5521.0,99.9,0.36976435289518006,58012.5818866,0.2,20137300.0,2.25923,45.5877,4.575870646766169
1130360110_0,7030.0,100.0,0.28692498615757545,58033.0298032,0.2,5931830.0,2.71509,101.075,198.52273631840796
1130360226_4,10.23,95.1,0.5276032820476563,58321.4990972,0.2,54554.0,1.66997,0.0393616,1.0336871508379888
1050360116_1,10500.0,100.0,0.2969717555087339,58020.1160069,0.2,1636070.0,2.68623,147.974,245.23154228855722
1050360117_2,10150.0,100.0,0.2738911693039397,58021.153831,0.302882,0.1,2.86375,132.226,59.450447761194035
1130360184_4,74.98,99.5,0.06104673262224931,58266.2303013,0.287469,159118.0,4.0,0.993229,1.6827692307692308
1050360106_4,4480.0,99.9,0.3909724798872425,58010.2570023,0.2,18833600.0,2.15798,32.5024,26.1181592039801
1130360240_0,-0.3,-9.0,-0.39342584858141477,58340.5793056,0.546991,0.1,3.64758,0.006082,4.1732338308457715
1050360110_6,8386.0,100.0,0.3301605942863663,58014.8266667,0.2,14584800.0,2.47964,91.9482,41.29965174129353
1130360164_2,1.944,39.6,-0.06038541058506564,58230.7482523,0.2,152699.0,3.94342,0.00726092,2.018734939759036
1050360108_1,5614.0,99.6,0.3645668634361113,58012.2512153,0.2,19594000.0,2.28248,47.7524,25.979601990049748
2130360207_3,0.7076,60.7,0.37552959038914224,58596.2182176,0.2,1869.55,2.5063,0.00921771,1.5004347826086957
1130360183_0,90.16,96.7,0.034881191486709276,58261.1082407,0.324732,102967.0,3.64758,0.455679,3.6068589743589743
1130360220_0,-5.444,-22.6,1.604149739588815,58314.5397917,2.5,0.1,3.64758,4.912e-08,3.458407960199005
1130360194_0,-2.4,-57.1,2.5085904220070576,58280.4585417,0.200023,0.105509,3.64758,6.52675e-07,8.851492537313433
1050360105_2,4766.0,99.9,0.3502847335750467,58009.0391088,0.2,16594000.0,2.35704,45.1946,8.701393034825871
1130360214_0,2.674,71.8,0.4896729918913078,58307.5973264,0.358024,636.446,1.16457,0.0035003,0.9577011494252873
1130360176_4,0.3922,11.1,1.2585494341251109,58247.4130324,0.254139,449.16,1.1,0.000745166,0.9439690721649484
1130360190_1,5.344,40.3,0.35001073867844124,58276.083588,0.206764,24842.3,2.10789,0.0433142,2.8923383084577114
1130360158_1,30.46,97.9,0.03509446905357826,58218.7151042,0.274074,134188.0,4.0,0.18016,2.4885567010309275
1130360131_8,1209.0,100.0,0.11270011199284125,58137.9512963,0.469645,59356.8,3.64758,7.76723,123.37740740740742
1050360119_1,9549.0,100.0,0.2614498784551704,58023.2664583,0.33844,0.1,2.97799,122.339,484.8041791044776
1130360166_2,9.881,40.2,2.172884853857342,58233.5829514,0.2,114355.0,1.1,0.00954147,2.757860696517413
1130360157_5,48.01,99.1,0.01952619804839647,58215.8219907,0.304441,101391.0,3.64758,0.152493,10.419770992366413
1130360153_0,91.94,99.6,0.029067256056940133,58211.0583102,0.335828,87754.6,3.64758,0.340249,9.994307692307693
1130360276_0,3.045,88.6,0.5491724152912016,58398.7387269,0.299926,899.845,1.38032,0.0073133,0.9972881355932204
1130360234_2,5.19,92.2,0.4427675046862271,58334.5946296,0.2,28052.7,1.92285,0.0274706,1.0975294117647059
1130360249_1,9.676,55.5,0.6861255111562508,58356.4187153,0.444109,146.755,1.1,0.017796,2.636010101010101
1130360219_0,1.171,73.5,0.4830761983207758,58313.5863079,0.2,7885.89,1.87943,0.00582664,0.9691558441558441
1050360111_5,10490.0,99.9,0.31132780072735483,58015.6608102,0.2,5854310.0,2.59845,133.606,112.74308457711443
1130360174_0,-13.19,-229.5,1.2086550084539542,58244.1979977,0.2,0.10572,3.64758,2.863e-08,36.87293532338308
1130360195_0,-2.983,-106.9,4.6650562674049,58281.5493287,0.2,0.100091,3.64758,1.90262e-08,15.47675
1130360156_4,60.18,99.4,0.020449655939888595,58214.5990856,0.302754,127948.0,4.0,0.27614,2.2054666666666667
1130360202_0,33.09,98.2,0.38332270344942737,58288.9965278,0.2,372347.0,2.10956,0.200148,1.5425136612021857
1130360230_1,31.51,74.4,0.2448526359812938,58326.7659606,0.2,410184.0,2.75019,0.418578,4.727397959183674
1130360166_7,1.3,37.7,0.7180136436023111,58233.9706019,0.231495,16515.2,1.1,0.00102193,0.7495454545454545
1130360109_2,7691.0,100.0,0.274871992865077,58032.3993056,0.2,0.1,2.80089,122.593,222.3244776119403
1050360117_5,9840.0,100.0,0.2770202855898243,58021.7713426,0.265412,0.1,2.82437,137.426,12.138507462686569
1130360163_0,4.628,75.2,0.4064409935779363,58229.3940394,0.20347,202756.0,1.1,0.00238391,1.5140935672514622
1130360210_0,13.76,92.5,0.40312546554243955,58303.2847801,0.2,146189.0,2.03277,0.0765799,1.1771631205673758
2130360205_1,2.929,56.8,1.0865708415170865,58588.7523958,0.2,10140.4,1.1,0.00490985,1.3491542288557214
1130360226_9,11.81,95.9,0.4781052497740035,58321.888206,0.2,47839.9,1.88636,0.0614106,1.3188888888888888
1050360104_4,4790.0,99.5,0.346995856265004,58008.7162731,0.2,15287300.0,2.36604,45.1173,4.827313432835821
1050360105_3,4874.0,99.1,0.34412352805046253,58009.055706,0.2,15805100.0,2.38306,46.7837,4.448059701492537
1050360110_4,7768.0,99.9,0.33699791059651707,58014.6997222,0.2,16756800.0,2.43733,80.6732,21.502935323383085
1130360178_2,0.8116,64.3,0.33399213012264634,58252.3717477,0.270029,688.149,2.33206,0.00664228,1.2243939393939394
1130360206_1,59.2,98.4,0.16575954126659742,58297.6881019,0.2,1201410.0,3.34404,1.14306,1.9646198830409356
1050360105_7,4835.0,99.9,0.3502694882490914,58009.101875,0.2,16664200.0,2.35737,44.8979,1.1466169154228856
1130360182_1,87.6,97.8,0.03866045245491034,58260.1387963,0.322604,103206.0,3.64758,0.472427,5.272631578947368
2130360201_5,1.81,77.4,0.44659718367334766,58558.6863657,0.2,6264.26,1.85105,0.0097192,0.9978813559322034
1050360109_3,6867.0,100.0,0.34447985815997445,58013.3459722,0.2,17662100.0,2.39219,67.3008,6.214527363184079
1130360284_1,1.531,69.9,0.44974914782353975,58505.1463657,0.300128,313.287,1.91696,0.0080189,1.07953216374269
1050360115_10,10440.0,100.0,0.2745926858636126,58019.4727431,0.313433,0.1,2.87013,132.658,284.6244776119403
1050360115_6,10610.0,100.0,0.27956225090588155,58019.215544,0.287079,0.1,2.82401,139.678,207.02502487562188
1130360178_0,0.6487,48.6,0.3516694501002684,58252.2426505,0.2,6578.32,2.16275,0.0051984,1.232207792207792
1050360106_5,4418.0,99.9,0.3936950618370756,58010.3213542,0.2,18775000.0,2.1475,31.6265,26.36686567164179
2130360207_4,0.371,51.9,0.3754261643469082,58596.2196991,0.416035,142.07,1.1,0.000530296,0.41
2130360206_0,139.0,81.3,4.147061596076339,58589.5910185,0.2,34560.4,1.19365,0.243781,251.6344278606965
1130360267_1,-0.5256,-14.1,-0.3567387656297219,58386.4446412,1.01189,0.342506,4.0,0.0,1.9062032085561496
1050360105_1,4834.0,99.9,0.3493220535371164,58008.9988079,0.2,16100500.0,2.35975,45.0951,4.213333333333333
1130360162_5,4.18,45.5,0.33946651104245934,58228.621331,0.213965,144155.0,1.1,0.00239083,2.0550609756097558
2130360210_0,-29.81,-216.6,1.194143598651506,58610.005081,0.200005,1.06321,3.64758,1.77372e-08,21.434842105263158
1130360223_0,1.553,83.5,0.4453178853866402,58317.5153356,0.2,10373.7,1.87238,0.0078007,1.1404166666666666
1130360259_0,0.08913,3.1,0.5312250323488263,58377.5022106,1.35064,0.1,1.1,0.000559332,1.8595833333333334
1130360161_3,10.31,92.1,0.014817045219259977,58224.7653009,0.232346,178094.0,4.0,0.0494039,2.2126666666666663
1130360107_7,6389.0,100.0,0.3152480190584963,58030.7270139,0.2,13103000.0,2.54119,74.6386,3.7655721393034827
1130360237_0,1.11,80.5,0.40788814555805736,58337.4225231,0.317881,391.183,1.24801,0.00219224,1.393
1130360181_0,81.65,95.0,0.0345127982106792,58259.2336227,0.322949,96998.7,3.64758,0.418664,11.226915422885574
1130360132_1,1208.0,100.0,0.11247327468631382,58138.08,0.770228,6290.19,3.64758,0.000192082,512.1717204301075
2130360202_0,1.103,75.0,0.499807177088194,58571.1016667,0.454012,35.5332,1.1,0.00147744,0.9171140939597315
1050360105_13,4879.0,99.6,0.34912195893973696,58009.1096181,0.2,16980200.0,2.3583,45.3331,2.6285572139303484
1130360163_2,3.504,51.1,0.22778262313074024,58229.5868634,0.212611,132252.0,1.1,0.00159381,1.7822631578947368
1050360106_0,4410.0,99.9,0.3896083205446472,58009.9998148,0.2,18555000.0,2.16756,32.3667,26.5955223880597
1130360110_2,7201.0,99.6,0.2770248125646424,58033.4175,0.2,2882730.0,2.77684,111.301,17.173880597014925
1130360226_1,8.627,94.1,0.4923516211281045,58321.2416898,0.2,34366.3,1.89957,0.0457913,1.134698795180723
1130360172_5,-0.915,-67.6,1.9445078167306769,58242.7809375,0.2,0.262888,3.64758,5.26283e-09,4.035562130177515
1130360147_0,210.1,56.3,-0.030273697834686385,58200.0832292,0.371196,84028.8,3.64758,1.69284,10.054477611940298
1050360112_1,11120.0,99.9,0.3188224277827008,58016.3063542,0.2,5177500.0,2.56732,137.043,156.30084577114428
1130360190_2,-9.138,-90.2,-6.4202124083377665,58276.461169,0.203458,0.100001,3.64758,1.06938e-08,71.79482587064676
1130360286_0,3.151,55.0,0.8792649098574526,58536.6224769,0.2,22752.0,1.1,0.0043869,2.8473631840796023
1130360182_7,79.48,84.5,-0.002059572814129301,58260.7192361,0.338532,77069.6,3.64758,0.249443,3.700054054054054
1130360172_4,-4.115,-46.8,2.660330652310054,58242.7802431,0.2,0.100017,3.64758,6.08539e-09,1.9726086956521738
1130360215_1,1.909,78.2,0.4330953901586318,58308.5673264,0.2,17889.6,1.94946,0.00991582,1.2067532467532467
1130360203_1,49.25,99.0,0.3351477150482396,58290.284213,0.2,671772.0,2.24974,0.33781,1.9293846153846155
1050360113_2,10820.0,100.0,0.3104343449398279,58017.1401042,0.2,5847970.0,2.60546,138.945,178.85915422885574
1050360106_6,4489.0,99.9,0.3869022038496289,58010.3856944,0.2,18746400.0,2.17834,33.3865,27.885920398009947
1050360119_4,9209.0,100.0,0.25174201728493806,58023.765081,0.372558,0.1,3.08766,114.316,527.9019900497512
1130360165_3,2.619,82.6,0.07079062000140841,58231.3882639,0.2,152157.0,3.2796,0.00861296,2.14
1130360183_7,90.85,96.5,0.040457499003825274,58261.4968287,0.3239,103131.0,3.64758,0.49651,5.00904255319149
1130360206_0,60.37,98.7,0.15519051967250383,58297.680625,0.265491,192379.0,2.86685,0.492556,1.8090058479532163
1130360172_6,-0.3761,-52.7,4.4668104021146835,58242.9842708,0.200001,0.105332,3.64758,4.69593e-06,3.2130769230769234
1050360108_2,5695.0,95.6,0.3686534263164435,58012.2606538,0.2,19344300.0,2.27162,47.8272,3.065771144278607
1050360115_12,10520.0,100.0,0.281293315561794,58019.5372569,0.277811,0.1,2.80386,139.509,279.8239303482587
1130360188_0,15.47,96.8,0.4205264167218268,58273.758831,0.2,176117.0,1.9624,0.0778704,1.487680412371134
1130360103_1,9152.0,100.0,0.3022128305489402,58026.7465278,0.2,4179030.0,2.64699,123.028,70.55273631840797
1130360166_4,1.584,41.5,0.05490611781804931,58233.7762153,0.2,92175.0,4.0,0.00893663,0.9103703703703703
1130360176_5,0.1848,23.4,0.17753610407364637,58247.4187005,0.2,3750.38,3.11639,0.00435026,0.8992592592592593
1130360286_1,1.872,54.5,0.5698995884444149,58536.6868403,0.2,15589.6,1.55509,0.00505555,1.6166999999999998
1130360167_1,0.8111,60.5,0.11478727638274733,58236.2128125,0.2,49994.2,2.18475,0.000308831,1.6011764705882352
1130360227_1,16.52,98.0,0.45899762705521807,58322.7264236,0.2,109680.0,1.86558,0.0824546,0.9751497005988023
1130360189_0,11.07,73.2,0.40910130338992823,58274.2211574,0.292135,8154.84,1.69659,0.036735,1.2113690476190475
1130360171_1,0.1009,6.3,-0.23980948776687616,58241.6165972,0.2,8184.95,3.53931,0.00193957,1.275948717948718
1050360119_5,9271.0,100.0,0.25199776496881593,58023.7885301,0.376802,0.1,3.09011,113.758,198.58825870646766
1050360112_3,10520.0,100.0,0.3154806353150234,58016.9472917,0.2,8048730.0,2.57348,129.916,134.92
1130360109_1,7788.0,99.8,0.27333427047317443,58032.3931085,0.2,0.1,2.79994,124.055,47.18457711442786
1130360109_3,7679.0,99.9,0.28541760802928706,58032.836169,0.2,1971630.0,2.74191,114.609,5.265522388059701
1130360105_2,7354.0,100.0,0.30670321412492235,58028.7837153,0.2,10616000.0,2.5988,92.4078,145.3402985074627
1050360115_2,10530.0,100.0,0.27474442666086046,58019.0071181,0.317777,0.1,2.87549,132.717,364.1285572139303
1130360283_0,1.042,41.0,0.34229315486895473,58502.3141667,1.61444,0.241559,4.0,5.48272e-14,2.874817073170732
1050360114_1,10600.0,100.0,0.2760368424864449,58018.8769213,0.315118,0.1,2.86703,133.787,426.3427860696517
1130360130_2,1228.0,99.9,0.11428959612289821,58136.3574884,0.451916,71422.4,3.64758,9.06093,5.481586206896552
1130360199_0,9.017,93.2,0.5002133798245745,58287.3230208,0.2,48431.8,1.6586,0.0342667,1.0412244897959184
1130360177_2,-3.749,-111.2,1.32452734668119,58250.1801273,0.2,0.122558,3.64758,2.75042e-09,16.556467661691542
1130360184_9,74.74,99.4,0.06155066724266742,58266.2946065,0.286695,161208.0,4.0,0.997261,2.1518656716417914
1050360115_4,10610.0,100.0,0.27663763322332696,58019.134294,0.313929,0.1,2.86053,133.605,280.45144278606966
1050360109_7,6945.0,99.5,0.3440416813974734,58013.6664931,0.2,17656100.0,2.39371,68.2205,19.845721393034825
1130360185_1,72.4,99.1,0.1045212320121256,58267.194456,0.200005,1278080.0,4.0,2.46966,2.316432748538012
1130360107_4,6414.0,100.0,0.31088287331408265,58030.7244097,0.2,13257400.0,2.5613,76.6008,2.6383582089552235
1130360244_4,1.366,64.7,0.7263674238277594,58350.5493056,0.2,8079.44,1.1,0.00217265,1.083939393939394
1130360216_3,0.5049,16.4,0.27860402518992666,58309.7193634,0.240624,663.226,2.24183,0.00850206,2.0535714285714284
1050360120_4,10160.0,100.0,0.2771064869138529,58020.8309375,0.282524,0.1,2.82871,135.976,94.03592039800995
1130360230_2,40.01,99.1,0.3041727911528608,58326.777037,0.2,608144.0,2.4181,0.326823,1.2864848484848486
1130360160_2,21.56,97.5,0.03136643119590624,58220.9677083,0.253811,175163.0,4.0,0.131503,2.6116216216216217
1130360146_2,253.5,96.0,0.053464869399179646,58199.2519213,0.373209,89831.3,3.64758,1.48544,7.775124378109452
1130360155_0,69.38,99.5,0.025596003731851398,58213.181713,0.320929,95150.0,3.64758,0.246417,8.528384615384615
1130360231_0,39.8,98.7,0.31432735209862434,58327.1526852,0.2,586089.0,2.36283,0.304723,2.7659
1130360239_0,1.008,67.3,0.39292357959681584,58339.2249653,0.2,7134.33,1.97088,0.00593715,1.051948051948052
1130360283_1,1.717,52.5,0.41931886671717666,58502.3319213,0.235536,386.36,2.07181,0.0129476,1.4166842105263158
1130360172_3,0.2005,34.3,0.009571868007175058,58242.7248032,0.2,3935.6,3.34045,0.00331335,1.320769230769231
1130360166_5,0.3783,9.4,-1.9172699013086387,58233.8385995,0.2,73520.5,3.64758,4.93986e-16,1.4063157894736842
1130360157_2,50.07,99.1,0.01868884833422012,58215.5650694,0.306928,101001.0,3.64758,0.140626,9.016106870229008
1050360109_4,6771.0,99.9,0.3462032295623891,58013.4795486,0.2,18231800.0,2.3844,65.6435,11.986019900497512
1130360184_8,76.24,99.5,0.059080934547223955,58266.2943196,0.296506,126878.0,4.0,0.975721,1.259493670886076
1130360184_15,75.3,99.4,0.07454428343748414,58266.6153356,0.27802,182840.0,4.0,1.19649,2.8385534591194967
1130360168_3,0.6968,30.9,-0.13685139496623777,58237.6990856,0.2,26329.8,3.94946,0.0122183,1.4132110091743117
2130360212_1,0.6812,26.6,1.4999820662319674,58614.6442708,0.339548,0.1,1.1,0.00159268,1.9542857142857144
1130360107_13,6293.0,100.0,0.31213784893508406,58030.7834856,0.2,12956400.0,2.55489,74.6291,4.413930348258707
1050360105_18,4623.0,99.9,0.36526165972066005,58009.2289699,0.2,17729100.0,2.27637,38.8286,25.445223880597013
1050360109_5,6773.0,99.9,0.3464588167545987,58013.5457755,0.2,18314500.0,2.38153,65.4413,7.048706467661692
1130360182_9,85.58,93.8,0.018176520139159266,58260.9177778,0.336782,81537.5,3.64758,0.318325,7.820426829268293
1130360145_0,267.8,99.2,0.0567857223976861,58198.0943056,0.383642,79488.7,3.64758,1.42597,7.11496855345912
1050360104_2,4678.0,100.0,0.3558038265506073,58008.6488889,0.2,15986600.0,2.32292,41.7713,1.8451243781094528
1130360231_1,35.68,95.6,0.3207063202896963,58327.7968287,0.2,511265.0,2.3325,0.270716,1.7740625
1130360165_4,2.139,56.9,-0.0331674921245301,58231.5813079,0.2,135650.0,4.0,0.0133059,1.5146616541353382
1130360203_0,48.06,99.0,0.34276182273580097,58290.217662,0.2,662653.0,2.23005,0.321211,1.9799497487437185
1130360233_2,4.545,94.9,0.6169821704029208,58333.7539236,0.509501,55.3055,1.22652,0.00777468,1.2222727272727274
1130360226_6,10.79,95.4,0.4835105096144956,58321.6921875,0.2,55022.5,1.78415,0.0484437,1.0849162011173183
1130360267_0,-2.025,-24.1,3.762842588656683,58386.246794,0.2,0.100018,3.64758,2.20549e-11,2.633283582089552
1130360104_0,7466.0,100.0,0.3085422910891449,58027.7535648,0.2,11147200.0,2.58844,92.6776,85.99049751243781
1130360163_1,4.084,56.5,0.3920370973448412,58229.5225347,0.2,208201.0,1.1,0.00228425,1.6424226804123712
1130360107_10,6194.0,100.0,0.3146123049198924,58030.7353588,0.2,13770200.0,2.54292,72.3036,1.5299004975124377
1050360105_16,4726.0,99.9,0.35910916035119606,58009.1646412,0.2,17340300.0,2.30993,41.3992,23.37771144278607
1130360138_1,543.4,99.9,0.07722249611270182,58175.8518866,0.423109,71177.4,3.64758,3.07588,11.023541666666667
1130360144_1,-202.9,-27.8,-1.8589249257616223,58197.1881829,0.422048,34867.9,3.64758,1.58143e-07,122.57875621890548
1050360104_5,4829.0,100.0,0.3482123521091027,58008.7328588,0.2,15950100.0,2.36006,45.0917,18.153781094527364
1050360112_0,10820.0,99.6,0.30030429782024015,58016.2396065,0.2,832594.0,2.66726,149.665,287.23348258706466
2130360207_5,0.6744,44.9,0.419273354009222,58596.2202546,0.2,594.354,1.94676,0.00449783,1.1935
1130360228_1,28.88,89.0,0.3690798755653681,58324.2556481,0.2,323095.0,2.16109,0.18737,1.9737313432835821
1050360111_3,10100.0,100.0,0.31670446058457097,58015.5963426,0.2,8709270.0,2.56902,124.022,16.453980099502488
1130360111_1,7402.0,100.0,0.2698085644345062,58034.0176736,0.2,0.1,2.82151,120.567,6.461293532338309
2130360206_1,0.6711,23.2,0.5072134767909341,58589.6552546,0.2,6912.86,1.40839,0.00181756,0.9086309523809524
1050360110_0,6522.0,100.0,0.35557862732700557,58014.0526157,0.2,20025300.0,2.33421,59.3225,27.111641791044775
1130360135_2,1203.0,100.0,0.11454827398167076,58141.945706,0.466207,61281.1,3.64758,7.91196,10.786387096774193
1130360168_1,1.429,64.2,0.42828974708897705,58237.3706713,0.2,42045.8,1.81672,0.00302973,1.77734693877551
1130360285_1,-28.09,-161.7,1.611223698314758,58535.078044,0.2,0.100002,3.64758,1.09587e-07,59.90074626865671
1130360182_8,80.52,84.5,4.962403108778732e-05,58260.7207551,0.34077,74099.4,3.64758,0.252295,4.781134020618556
1130360107_15,6880.0,100.0,0.3030234264959303,58030.8552662,0.2,10019000.0,2.61587,88.0569,64.26776119402984
1130360244_0,-37.4,-455.7,1.4348670823172032,58350.0992593,0.201882,0.100002,3.64757,1.66186e-07,58.14126262626262
1130360260_2,0.5539,45.3,0.3940184135836442,58379.956875,0.2,2428.47,1.74749,0.00294416,1.4492
1130360184_14,73.93,99.5,0.06930972154437304,58266.5509606,0.284178,158212.0,4.0,1.09224,2.6315584415584414
1130360242_1,-4.429,-18.9,2.0019757978675297,58344.193206,0.2,0.125693,3.64758,2.85499e-10,1.7872864321608042
2130360207_1,0.7281,68.2,0.628782099400463,58596.1537731,0.409407,0.101861,1.22356,0.00163881,0.7753333333333334
1130360109_5,7687.0,100.0,0.2850302726434773,58032.8377083,0.2,2264470.0,2.74062,114.5,344.0917412935323
1130360175_0,-3.464,-108.6,0.8551697433866933,58245.164919,0.2,0.139284,1.19368,6.48511e-08,6.739999999999999
1130360172_1,-2.213,-25.7,1.6414027556764061,58242.7124306,0.20185,0.183543,3.6473,1.10669e-07,4.0974129353233835
1050360116_4,10330.0,100.0,0.2804495023151444,58020.308831,0.274852,0.1,2.81049,139.003,287.3471144278607
1130360111_0,7411.0,100.0,0.2740726578307026,58033.9991435,0.2,656989.0,2.80593,118.592,315.0109950248756
1130360240_2,2.372,67.5,0.5176631934541952,58340.7135185,0.2,18969.0,1.7334,0.00834732,1.579942857142857
1130360220_4,0.6585,31.0,0.5873837948839272,58314.5435995,0.452909,9.72088,1.41459,0.00205164,1.0525925925925927
1050360119_0,9596.0,100.0,0.26256431734394514,58023.2523148,0.332842,0.1,2.96459,123.86,408.6851243781095
1130360228_0,26.61,67.1,0.2637310650470798,58324.1911921,0.2,272831.0,2.5741,0.29094,2.3597014925373134
1050360108_8,5575.0,99.9,0.36815364024781044,58012.515625,0.2,20354600.0,2.2679,46.5128,9.853930348258707
1130360266_2,0.9365,67.0,0.4826966433564741,58385.5549653,0.499057,10.1642,1.33837,0.00195494,0.7036170212765958
1130360217_0,1.429,80.7,0.40473808769813047,58310.2450463,0.2,11949.6,2.15919,0.00973997,1.0012403100775193
1130360147_1,187.9,51.6,-0.11118527698634086,58200.1470833,0.393557,68989.6,3.64758,0.487707,49.93651741293532
1130360231_3,35.47,96.5,0.32492040196799343,58327.8617708,0.2,499485.0,2.31616,0.261511,2.2303
1130360229_0,31.94,79.1,0.2632038360901328,58325.4804282,0.2,403869.0,2.63586,0.365918,1.8264766839378237
1130360146_4,247.8,99.4,0.05412956569696675,58199.373044,0.379338,81302.8,3.64758,1.2958,6.9714285714285715
2130360205_0,0.8351,36.1,0.5760676589480255,58588.6875926,0.323424,234.012,1.1,0.00119257,1.068421052631579
1050360106_1,4429.0,99.9,0.38860393237490654,58010.0641898,0.2,18747100.0,2.17104,32.6394,26.958308457711443
1130360236_1,-0.3604,-8.8,-0.061381080131501245,58336.5908796,0.86869,0.1,3.64758,0.00487591,7.645870646766169
1050360106_8,4699.0,99.9,0.3785994634228202,58010.4567477,0.2,18565700.0,2.21688,36.7264,10.557562189054726
1130360226_0,8.268,95.9,0.4959446360411419,58321.1773611,0.2,31829.8,1.80465,0.0389475,0.9974846625766871
1050360117_6,9924.0,100.0,0.277655121471026,58021.7717361,0.257647,0.1,2.81253,139.904,338.23980099502484
1050360120_2,10300.0,100.0,0.28347973027305506,58020.6976505,0.2,0.1,2.75255,156.144,216.78781094527363
1130360156_6,56.5,99.3,0.021412847761953846,58214.6634491,0.312728,97252.2,3.64758,0.173242,11.698613138686131
1130360182_5,84.88,92.4,0.02451374683692153,58260.3951968,0.321364,104034.0,3.64758,0.477949,12.239203980099502
1130360184_13,74.48,99.5,0.06828455431789421,58266.4866204,0.286196,165030.0,3.64758,0.799773,3.6703846153846156
1130360175_1,-5.107,-140.0,1.2439041367294867,58245.1669097,0.2,1.13923,3.64758,5.18656e-08,8.404689655172414
1130360266_3,0.8403,63.2,0.42627001257796027,58385.5571644,0.2,3912.17,2.21457,0.00690537,0.950625
1130360145_2,258.5,99.1,0.05347902959027754,58198.4808102,0.384513,77020.4,3.64758,1.31689,9.67562091503268
1130360146_7,246.0,98.3,0.04881035498660684,58199.4441782,0.381769,79756.0,3.64758,1.18171,11.638296703296703
1130360239_1,-5.617,-32.3,3.4310242029559204,58339.238669,0.201116,0.100466,3.64758,1.19552e-07,4.4921393034825865
1050360113_3,10850.0,99.9,0.3076115267801182,58017.204456,0.2,4735270.0,2.62161,141.988,202.4119402985075
1130360271_0,-0.8786,-22.3,-1.2437059758593367,58392.2962037,0.747167,0.101871,3.64758,0.00135725,7.827661691542288
1130360160_0,22.0,98.2,0.016942266616445482,58220.7744097,0.265927,133986.0,3.64758,0.0681081,4.10552380952381
1130360135_0,1174.0,99.9,0.11328248103968427,58141.9364352,0.459175,64009.1,3.64758,8.18478,9.316622516556292
1130360208_0,23.93,97.7,0.3608078212840117,58301.1579745,0.2,334126.0,2.16705,0.147503,1.7232984293193716
1130360131_0,1205.0,100.0,0.11154244770264247,58137.1144792,0.863103,3710.61,3.64758,0.0601128,1003.5411458333333
1130360237_2,0.2184,6.4,0.18782133031322004,58337.4868634,1.2112,0.158144,3.64758,0.00260446,6.760995024875622
1130360144_2,278.3,94.1,0.06441528284144496,58197.3233449,0.368617,97518.4,3.64758,1.94075,4.553532338308457
1130360182_6,85.97,91.1,0.02764199406155673,58260.4605787,0.321723,103955.0,3.64758,0.479385,9.625373134328358
1130360233_1,7.447,95.4,0.5263804499089357,58333.6914005,0.2,47693.8,1.66686,0.0280233,0.8707857142857143
1050360116_8,10250.0,100.0,0.27328369448352496,58020.4377662,0.31311,0.1,2.87939,131.388,370.9895522388059
1130360144_4,266.9,99.1,0.053511318609756116,58197.9012616,0.38276,80513.6,3.64758,1.44408,13.56251612903226
1130360182_2,85.14,97.1,0.025820285870833966,58260.1431246,0.329547,88241.9,4.0,0.47968,2.565123966942149
1130360274_0,2.089,87.4,0.4710877186414502,58396.8055787,0.2,8692.88,1.87937,0.010697,0.9412352941176471
1130360183_5,94.8,91.4,0.07256849049876418,58261.3671991,0.305091,136659.0,3.64758,0.86385,5.075771144278607
1050360111_2,10720.0,100.0,0.31514791206905,58015.3430903,0.2,4083820.0,2.59049,135.693,128.52910447761192
1130360156_5,57.12,99.4,0.02212507623640665,58214.5996065,0.312113,99023.4,3.64758,0.184222,12.007573529411765
1050360109_10,6358.0,100.0,0.35763105819362057,58013.9882292,0.2,20072600.0,2.32046,56.8406,27.33029850746269
1130360238_0,-0.7793,-25.6,-0.15547086711586244,58338.454456,0.825651,0.101229,3.64758,0.00315434,9.194120603015076
1130360220_1,-2.629,-30.8,2.2492162015118016,58314.5415625,0.2,0.105687,3.64758,3.10252e-08,1.9006
2130360202_1,1.04,67.1,0.5509456841777828,58571.1660301,0.337029,114.258,1.44087,0.0028291,1.1953378378378379
1130360155_1,68.48,99.5,0.02296695609528105,58213.2465972,0.322831,92128.1,3.64758,0.210682,8.644016393442623
1130360171_0,0.1466,14.2,-0.2166931569685444,58241.4331366,0.2,7445.88,2.30431,0.000984261,1.3144444444444445
1130360108_1,6485.0,99.9,0.30973941306368186,58031.3613294,0.2,12121400.0,2.5723,78.635,74.11268656716418
1130360282_0,1.934,82.3,0.5144052875459094,58501.5419907,0.315636,366.232,1.77803,0.0079848,0.7215384615384616
1050360104_1,4569.0,100.0,0.35294905553827527,58008.5201852,0.2,15613600.0,2.33623,41.426,3.808208955223881
1130360131_5,1202.0,100.0,0.11226309270600064,58137.7582523,0.828422,4459.51,3.64758,0.0163803,764.5328042328043
1130360174_2,50.41,27.9,2.661212170388212,58244.5800694,0.220294,89203.5,1.19365,0.0573725,7.166616915422885
1130360228_2,32.93,98.0,0.3509671907467566,58324.7163079,0.2,414592.0,2.25108,0.23438,1.1341216216216217
1130360225_0,5.924,81.5,0.5149278305761559,58320.6632639,0.2,19924.6,1.75285,0.0274069,1.3113286713286714
1050360105_12,4849.0,99.8,0.35053585476957577,58009.1084606,0.2,16372200.0,2.35676,46.0408,1.4102487562189054
1130360208_1,19.63,92.5,0.5163753594887271,58301.8082986,0.281918,22559.6,1.25319,0.0336818,1.0302631578947368
1130360105_3,7524.0,100.0,0.3043667771508593,58028.8512731,0.2,9710270.0,2.61502,96.4504,147.71825870646765
1050360104_7,4735.0,100.0,0.35489074552727157,58008.7781713,0.2,16523300.0,2.32723,42.4377,4.795771144278607
1130360244_1,1.24,68.7,0.5187145508251271,58350.3564699,0.2,12230.1,1.52939,0.0037909,1.1745945945945946
1130360246_0,1.656,74.8,0.45901772068576235,58352.4128241,0.2,8695.31,2.01909,0.00987504,0.8894444444444444
1050360104_11,4667.0,100.0,0.352358179299852,58008.8012153,0.2,16524000.0,2.33791,43.2486,12.776965174129353
1050360118_3,10140.0,100.0,0.2997891826527228,58022.5537153,0.2,3289780.0,2.66239,138.952,16.738706467661693
1130360166_0,-11.18,-213.7,1.5310752889635244,58233.0604514,0.200002,0.311846,3.64758,4.65515e-08,49.32696517412935
1130360183_2,91.25,98.4,0.035953480078337915,58261.17375,0.326949,98164.9,3.64758,0.470489,7.875568181818181
1130360228_3,27.55,77.5,0.2784495475674988,58324.8359606,0.203538,275975.0,2.56889,0.30407,7.1827
1130360266_1,-52.14,-270.2,1.9425507587946993,58385.5414583,2.5,0.1,3.64758,1.17033e-10,45.93885
2130360204_0,0.8188,42.2,0.34524347662498556,58581.9201968,0.274956,275.89,2.24636,0.00766114,1.8365671641791044
1130360166_6,0.07979,2.2,-1.8486229352709675,58233.9043981,0.200261,59189.8,3.64758,5.90965e-12,1.9668367346938775
1130360285_0,-8.415,-50.0,2.2271032785003686,58535.0210301,0.200294,0.101636,3.64757,4.09689e-07,5.771243781094527
1130360132_2,1203.0,99.7,0.11109618538939936,58138.2757407,0.470328,59324.6,3.64758,7.61591,59.18021390374332
1130360145_3,255.0,98.7,0.05127177030126869,58198.8014699,0.390728,70139.2,3.64758,1.1712,9.448531468531469
1050360115_22,10430.0,100.0,0.2830029872740193,58019.9875463,0.2,0.1,2.75229,158.066,305.7357711442786
1050360110_2,8371.0,99.9,0.33224004894395365,58014.4434954,0.2,15075600.0,2.46675,90.3708,24.464626865671644
1130360229_1,36.68,98.4,0.32359412533551196,58325.4824421,0.2,493298.0,2.34931,0.283572,2.2358793969849247
1130360130_4,1226.0,100.0,0.1145913865159329,58136.4066204,0.468727,59766.8,3.64758,8.03925,66.76587912087912
1130360226_8,10.87,96.4,0.4362898962612966,58321.825,0.2,57665.9,1.90371,0.0580113,1.0590977443609024
1130360181_4,74.97,85.3,-0.01148215845714693,58259.884655,0.347488,63268.9,3.64758,0.183786,14.164132653061225
1130360184_12,72.95,99.4,0.0616649858838082,58266.421331,0.294943,138902.0,3.64758,0.673564,3.8488819875776397
1130360149_0,196.9,95.3,0.036032790752612794,58202.7236458,0.374928,78058.3,3.64758,0.817072,6.309248554913295
1130360107_11,6305.0,100.0,0.31247669897248065,58030.7797454,0.2,12961500.0,2.55555,74.8334,9.742885572139302
1130360267_4,0.9671,67.0,0.5147896603731938,58386.4537269,0.2,5535.68,1.76881,0.0042945,1.0252980132450331
1050360109_9,6722.0,99.9,0.3523772068598982,58013.7317361,0.2,19345100.0,2.35149,62.561,23.084228855721395
1050360105_15,4809.0,99.9,0.34870118118611954,58009.1218634,0.2,16409600.0,2.36023,45.8168,11.822487562189055
1130360174_3,-3.652,-18.4,1.337665123167989,58244.6445255,0.2,0.102077,3.64758,1.72501e-09,1.4754268292682926
1130360166_1,-5.205,-23.6,0.32256321303897845,58233.5109144,0.200001,2.03382,1.19365,4.15817e-09,18.10358208955224
1050360108_6,5986.0,99.9,0.3535403201038734,58012.3856829,0.2,18926100.0,2.33823,54.627,13.130199004975125
1130360231_2,36.69,99.0,0.325706757000178,58327.8033449,0.2,515504.0,2.33712,0.275964,1.8110638297872341
1050360116_5,10200.0,100.0,0.2786938318473403,58020.3173611,0.280772,0.1,2.81668,135.742,15.515472636815922
1130360228_4,33.81,98.4,0.3315427505012853,58324.8457639,0.2,430753.0,2.28514,0.245441,2.0009895833333333
2130360201_2,-0.7281,-6.9,-0.20651779364438078,58558.5056713,1.06737,0.1,3.64758,0.00250493,3.7751741293532337
1130360104_1,7548.0,100.0,0.3071791046965783,58027.7733449,0.2,10554100.0,2.59681,94.7004,41.55761194029851
1130360111_2,7356.0,100.0,0.2720829526573973,58034.1930903,0.2,311951.0,2.81789,119.271,311.19835820895526
1050360105_19,4682.0,99.9,0.3616003683824405,58009.2933449,0.2,17492800.0,2.29559,40.2873,22.61149253731343
1130360235_1,3.894,87.4,0.4775874654916353,58335.5590856,0.2,25518.5,1.80757,0.0175716,1.011111111111111
1130360273_0,-1.983,-60.6,11.326803014269029,58395.3826968,0.261915,0.1,3.64758,3.3498e-06,4.252972972972973
1130360152_0,93.5,99.6,0.028371500479475936,58210.8006597,0.33574,90102.2,3.64758,0.336065,9.298217054263565
1130360173_0,0.7122,39.7,0.2583746551462786,58243.2272801,0.2,11179.9,2.28281,0.00181792,1.7506666666666668
2130360212_0,0.7387,15.5,2.757561035628766,58614.5799306,0.454606,0.100405,1.19365,0.00264803,4.813134328358209
2130360204_1,1.182,52.2,0.5498440818164905,58581.9302778,0.2,2039.93,1.74215,0.00552343,0.8931325301204819
1130360248_0,6.491,81.0,0.47622041962654293,58355.4467593,0.2,18737.7,1.8681,0.0346301,1.3601587301587301
1130360196_1,-1.115,-41.6,-1.0708374242716026,58282.4504861,0.833154,0.10024,3.64752,0.000638931,6.01020202020202
1130360170_0,2.869,65.2,0.8715295905311587,58240.458206,0.200001,41104.8,1.19365,0.00341831,3.780845771144279
1130360288_3,-1.668,-38.0,-0.5252138021548619,58542.9440741,0.711982,0.1,3.64758,0.00507632,7.23585798816568
1130360181_5,85.16,98.9,0.03328193540199242,58259.9426389,0.331075,86813.1,3.64758,0.378787,6.979006622516556
1130360267_3,0.9956,60.4,0.4523911180413833,58386.4518981,0.43558,47.6172,1.30934,0.00161045,1.4136585365853658
1130360178_3,0.6692,56.4,0.275970605228758,58252.4358912,0.2,3767.77,2.40917,0.00685356,0.9252542372881356
1130360224_1,3.052,45.1,0.3932561350857799,58319.9404745,0.610928,0.1,2.22925,0.0167529,5.291542288557213
1130360167_2,1.069,68.2,0.2577695152601163,58236.2139005,0.2,51208.4,2.32376,0.00268571,1.1890196078431372
1130360232_1,32.11,96.2,0.3451156414977399,58328.5084491,0.2,406156.0,2.20212,0.212597,1.110258064516129
1130360191_0,-2.944,-45.5,-0.9227423335883206,58277.4284722,0.64756,0.108662,3.64758,0.00579375,24.58218905472637
1130360110_6,7476.0,100.0,0.2711933276540498,58033.8054051,0.2,0.1,2.82235,121.864,367.0330845771144
1130360162_1,2.768,32.4,-0.34826949883383695,58228.1789352,0.22273,123687.0,3.64758,0.000202749,3.345217391304348
1130360146_0,254.2,99.5,0.053783810776803956,58199.0588426,0.383156,78304.9,3.64758,1.27801,11.620641025641024
1130360173_1,0.7491,26.2,0.04485545486321282,58243.2916898,0.2,12193.1,3.1082,0.0057695,1.6547457627118642
1130360181_7,78.35,89.3,0.0031819370178815245,58259.9496991,0.339521,73525.7,3.64758,0.254353,9.737248677248676
1130360145_4,257.7,99.2,0.0544350447072836,58198.9301736,0.380284,81563.8,3.64758,1.39856,9.657414965986396
1130360160_1,21.22,95.1,0.03045407222104241,58220.9030787,0.256865,159804.0,3.64758,0.111171,3.511376811594203
1130360258_0,1.412,59.7,0.5720720181279422,58376.0151042,0.207939,4474.98,1.54635,0.00475169,1.1647701149425287
2130360210_1,-18.41,-378.8,1.3630900669137227,58610.0695139,0.2,0.100001,3.64758,9.59006e-08,41.881036269430055
1130360162_3,5.407,51.2,0.34928217622920027,58228.4923958,0.222349,121689.0,1.1,0.00307822,1.827873563218391
1130360135_1,1185.0,100.0,0.11253271880796384,58141.936956,0.49862,23371.3,3.64758,9.73536,250.5854255319149
1130360158_2,30.81,96.5,0.011185862060289927,58218.843831,0.279708,128005.0,3.64758,0.0916088,3.957079646017699
1130360110_4,7448.0,99.9,0.2752754395679975,58033.6112153,0.2,824359.0,2.79859,118.247,132.73398009950247
1130360241_1,-0.4045,-2.4,0.08529405938275739,58342.1974769,0.390932,0.1,1.1,0.000695681,1.5506965174129352
1050360117_4,10040.0,100.0,0.2728604100542371,58021.5969444,0.301538,0.1,2.86965,131.991,315.2603980099502
1130360178_5,1.386,78.9,0.4803681634882332,58252.5002546,0.2,7606.55,1.7023,0.00559941,1.118211382113821
1130360221_0,1.838,76.0,0.4954854089875175,58315.5812153,0.317268,503.38,1.51809,0.00505533,1.0622222222222222
1130360164_0,1.953,43.8,-0.22205373664203143,58230.6806134,0.203685,141355.0,1.19495,1.24131e-19,2.4012280701754385
1130360198_1,-2.255,-67.3,-1.7748600519637536,58284.2523495,1.02262,0.214911,3.64758,9.19556e-07,5.745083333333333
2130360201_4,1.92,79.7,0.4682188761596136,58558.6220486,0.313584,248.713,1.95531,0.0101119,1.1272413793103448
1050360104_13,4494.0,99.9,0.36115477399567936,58008.9076852,0.2,17055200.0,2.2924,38.4852,23.730248756218906
1130360192_0,2.694,73.3,0.41071512966631474,58278.7163194,0.2,26399.9,2.0361,0.0150136,1.0866666666666667
1130360185_0,70.62,99.5,0.07664768659456027,58267.0659954,0.280548,171428.0,3.64758,0.883856,3.713
1130360184_11,75.98,99.5,0.0643995967289733,58266.3579977,0.294837,140918.0,3.64758,0.733702,3.102297297297297
1050360114_2,10540.0,100.0,0.2754146398942644,58018.9412731,0.313876,0.1,2.86732,133.52,415.5871641791045
1130360158_0,32.24,96.3,0.04380279869479601,58218.3289931,0.278262,129703.0,3.34229,0.121314,2.4040384615384616
1050360120_3,10130.0,100.0,0.27648280890910076,58020.7638079,0.283189,0.1,2.83608,136.291,184.23547263681593
1050360105_9,4558.0,99.9,0.3478445063204127,58009.1051505,0.2,17076700.0,2.35384,42.8817,1.5702985074626865
1130360197_0,1.579,79.4,0.44893733897146487,58283.0135532,0.324341,552.921,1.5854,0.00401765,0.746923076923077
1130360174_1,0.5233,18.7,1.9791660114986085,58244.521088,0.2,3592.91,1.1,0.00111901,1.3695061728395062
1130360287_0,-107.4,-232.1,2.029714738989965,58537.1446412,0.223221,0.1,3.64758,1.81087e-09,41.7787
1130360171_2,-1.488,-82.9,1.4184314338565693,58241.8166551,0.200003,0.103408,3.64758,6.5486e-08,4.413870967741936
1130360110_3,7273.0,100.0,0.2757695858994156,58033.4296644,0.2,2214350.0,2.78823,113.878,129.7818407960199
1130360263_0,0.6678,63.9,0.4099487644956626,58382.2083333,0.2,4199.48,2.0188,0.00410508,0.8322935779816514
1130360273_1,1.872,86.2,0.4796016924069701,58395.9690394,0.2,7827.88,1.86934,0.00930689,1.3142424242424242
1130360181_3,84.07,96.8,0.030089803096629234,58259.8780556,0.328359,91442.4,3.64758,0.380089,7.422173913043479
1130360184_0,75.45,99.5,0.05440877124383195,58266.1646412,0.297354,143957.0,3.64758,0.620159,3.160629370629371
1050360116_7,10290.0,100.0,0.27619387712359933,58020.3734144,0.298047,0.1,2.84888,134.183,352.69248756218906
1130360130_8,1209.0,100.0,0.11268619482220173,58136.7283565,0.769282,6293.19,3.64758,0.000226494,606.9785340314136
1050360106_7,4674.0,100.0,0.3785834717808305,58010.4500463,0.2,18688800.0,2.21885,36.5891,5.3726865671641795
1130360211_0,11.0,90.5,0.42857847877460103,58304.2501157,0.2,95964.8,1.98432,0.0595751,0.9798657718120806
1130360191_1,2.574,85.5,0.47621813024613513,58277.4804051,0.2,29083.7,1.69438,0.00947989,1.0004761904761905
1050360104_12,4609.0,100.0,0.35768211807681827,58008.8433218,0.2,16708500.0,2.3122,40.5058,21.802985074626864
1130360178_6,2.966,85.2,0.5069409015287463,58252.5650694,0.308707,1125.04,1.49839,0.0077926,1.0635761589403974
1050360115_16,10640.0,100.0,0.29774388744665264,58019.6730556,0.2,1283680.0,2.68233,149.393,48.020497512437814
1130360265_4,0.8864,77.3,0.45889164424373446,58384.5978935,0.2,12535.9,1.65314,0.003649,0.265
1050360115_19,10790.0,100.0,0.29871930031478655,58019.8001852,0.2,1419460.0,2.67734,150.617,95.0412935323383
1050360105_28,4561.0,99.9,0.38058124357203976,58009.8067593,0.2,18340200.0,2.20626,35.1656,23.066169154228856
1130360174_4,-0.03043,-1.4,1.4478228616826376,58244.7156366,0.472358,1.1271,1.1,0.000556648,2.0773214285714285
1130360130_9,1212.0,100.0,0.11291714820534371,58136.8571181,0.468689,60354.7,3.64758,7.80675,149.15204188481675
1130360215_0,2.252,69.5,0.47497493419538134,58308.5636111,0.2,26362.7,1.69199,0.00751619,1.068046875
1050360109_0,6110.0,99.1,0.3560832168922994,58013.21625,0.2,19420000.0,2.32895,55.1388,26.987810945273633
1130360175_2,-5.0,-107.2,0.8162301011931424,58245.2284838,0.2,0.102585,3.64754,6.21812e-09,11.448535353535354
1050360115_15,10660.0,100.0,0.29890599759847775,58019.6688079,0.2,1777370.0,2.67566,148.539,110.87328358208954
1130360201_0,29.08,97.8,0.4036053467699404,58288.738287,0.2,276488.0,2.042,0.167591,1.6593467336683416
1130360178_1,0.8084,65.5,0.3337667535785381,58252.3074306,0.245966,1454.54,2.11979,0.0050581,0.7645588235294118
1130360247_0,2.1,32.4,0.3822860705216958,58354.4165741,1.26735,0.1,3.64754,0.0093963,4.122105263157895
1130360172_0,1.772,58.1,1.1718853214577192,58242.4536227,0.2,23581.9,1.19365,0.00198998,4.561194029850746
1130360220_3,0.7096,40.8,0.29523963646044854,58314.5432986,0.2,253541.0,1.76237,0.00270132,0.58
1130360165_0,1.97,53.7,-0.09246434687631547,58231.0665046,0.210673,93489.0,4.0,0.00951211,2.0050617283950616
1050360105_20,4791.0,99.9,0.35627886838305317,58009.3576852,0.2,17244400.0,2.32151,42.5846,22.78985074626866
1130360207_2,30.77,97.4,0.3532337670698386,58300.1996065,0.2,502662.0,2.1248,0.172811,0.9293333333333333
1130360182_4,88.2,97.2,0.03437327451649807,58260.2655556,0.327929,94364.9,3.64758,0.43128,10.92910447761194
1130360237_1,-2.078,-64.8,-1.3656077195232323,58337.4231597,0.567789,0.130032,3.64758,0.00286835,18.690696517412935
1050360105_0,4787.0,99.8,0.34952530528214565,58008.9877083,0.2,16414900.0,2.35391,44.2885,5.58820895522388
1130360224_0,3.058,49.6,0.5097510690812089,58319.2317824,0.249368,2816.13,1.65602,0.0111066,1.2913930348258706
1130360264_0,0.7181,30.1,0.8017516126248522,58383.4303819,0.538505,2.90744,1.1,0.00165281,2.6378172588832487
1130360249_0,51.97,31.7,2.1297519590997465,58356.4117824,0.2,165031.0,1.19365,0.0633837,21.877363184079602
1130360110_5,7445.0,100.0,0.27163859229116694,58033.6272338,0.2,0.1,2.81835,120.843,95.23477611940298
1050360115_8,10580.0,99.9,0.2815036801994198,58019.3308102,0.268044,0.1,2.79481,142.901,231.1705970149254
1130360146_3,252.4,93.8,0.054030201908688305,58199.3152315,0.368854,94229.7,3.64758,1.60609,10.384626865671642
1130360234_0,5.155,89.0,0.46975570526702753,58334.4649306,0.2,30702.8,1.8348,0.0245764,1.213529411764706
1130360184_16,73.9,99.5,0.08256003056020346,58266.6796991,0.278216,183895.0,3.64758,0.958444,3.173205128205128
1050360107_1,5241.0,99.9,0.3745997539740281,58011.9296991,0.2,19928200.0,2.23355,41.8748,28.14850746268657
1050360115_1,10500.0,100.0,0.27679843093727097,58019.0063542,0.297863,0.1,2.84455,136.583,27.567711442786067
1130360162_7,1.569,11.8,0.7333307321667786,58228.7500347,0.210697,121075.0,1.19378,0.00245844,5.7062
1130360227_0,12.77,97.1,0.48859066982721894,58322.0135995,0.200004,61800.8,1.77795,0.0569878,1.0354301075268817
1130360144_0,275.2,95.6,0.05477163130699125,58197.1237153,0.376158,88925.1,3.64758,1.71217,22.45268656716418
1050360108_4,5936.0,100.0,0.35322159283321164,58012.3799306,0.2,19021600.0,2.33704,54.0517,2.7926865671641794
1050360111_1,10640.0,99.9,0.3171078326846484,58015.3424769,0.2,3791510.0,2.58128,133.394,13.146467661691542
1130360244_2,0.9362,55.7,0.34248608069363684,58350.4206019,0.411249,92.6463,1.5688,0.00174466,1.0181081081081083
1050360111_4,10260.0,100.0,0.3129570734866296,58015.6063889,0.2,7147880.0,2.59429,129.833,4.922985074626865
1050360120_7,10230.0,100.0,0.27943103591952595,58020.9519097,0.271565,0.1,2.81237,138.963,348.03303482587063
1050360105_26,4867.0,100.0,0.36044920473916847,58009.6779977,0.2,17300200.0,2.30487,42.4566,5.6553233830845775
1130360167_3,1.032,64.5,0.19970154665896567,58236.2771759,0.2,46740.4,2.34888,0.00268532,1.410625
1050360105_23,5034.0,99.9,0.34854215003317335,58009.4859144,0.2,16359100.0,2.35843,46.9555,2.8788059701492537
1130360240_1,0.9851,39.0,0.3265365796610414,58340.6439699,0.231173,1070.73,2.2576,0.0091834,1.1686559139784947
1130360232_2,31.16,98.5,0.35951523838443467,58328.5097801,0.2,402579.0,2.21297,0.208705,1.3135602094240837
1130360113_0,6368.0,100.0,0.2769716098276899,58036.4984375,0.2,6392090.0,2.77446,97.2741,28.863283582089554
1130360190_0,7.234,90.5,0.43117350024064893,58276.0742708,0.2,63741.3,1.94104,0.0374285,0.9623357664233577
1130360144_5,266.7,99.5,0.05679491037254777,58197.9656019,0.383251,79444.8,3.64758,1.44116,5.021925925925927
1130360265_3,1.309,66.6,0.7180402667511244,58384.59375,0.317164,287.449,1.1,0.00215162,0.8548181818181818
1130360262_1,0.9117,77.9,0.5085300042108291,58381.251794,0.2,11945.2,1.48989,0.00298571,0.8542857142857143
1130360130_5,1228.0,99.9,0.11424336798365127,58136.4204514,0.461662,63393.6,3.64758,8.57713,32.4864367816092
1130360205_0,70.76,98.9,0.10914495597824221,58296.200706,0.262218,222653.0,3.6173,1.10937,2.974696132596685
1050360108_5,5884.0,99.9,0.3559887139609719,58012.3845255,0.2,18681600.0,2.32554,52.901,2.9617910447761195
1130360216_1,1.434,70.8,0.383432625877437,58309.0061343,0.328239,282.675,2.42659,0.0119345,1.636153846153846
1050360115_17,10650.0,100.0,0.299322317535882,58019.7336458,0.2,1647090.0,2.67391,148.144,92.93611940298507
1050360113_0,10490.0,100.0,0.31524312261790005,58017.0116204,0.2,8162670.0,2.57411,129.644,131.28542288557213
1130360107_8,6279.0,100.0,0.31404660509482923,58030.7282755,0.2,13740600.0,2.54098,73.1757,1.8309452736318408
1130360288_0,10.48,31.1,1.6388927883204227,58542.6151273,0.2,32851.4,1.19365,0.00928902,7.371542288557214
1130360257_0,-4.279,-65.0,2.4218798103401062,58375.3759144,0.200027,0.300074,3.64758,5.89597e-08,3.4477777777777776
1130360267_2,1.272,67.0,0.6083207144499261,58386.4493519,0.2,4191.78,1.5625,0.0042485,0.7665151515151516
1130360269_1,1.464,77.9,0.5455922907644875,58390.2478472,0.289399,628.905,1.56794,0.00445357,1.1452147239263804
2130360201_0,0.5746,10.4,0.5156989787551769,58558.4437153,0.334329,0.1,1.62459,0.00636504,3.0353
1130360162_0,-9.667,-75.8,3.0370098336744427,58228.1139815,0.200102,112317.0,3.64758,2.50908e-26,7.1997260273972605
1130360177_1,0.3417,46.2,2.162002389604427,58250.1255903,0.2,14145.0,1.1,0.000261949,1.3433333333333335
1130360184_1,66.7,99.3,0.060825506486692035,58266.2282639,0.289871,132474.0,4.0,0.902108,1.3903092783505155
1130360146_10,243.5,98.4,0.04869496984512818,58199.7664931,0.389824,68888.5,3.64758,1.09414,4.867165354330709
1050360115_13,10500.0,100.0,0.28274657331654196,58019.5454514,0.2,0.1,2.75107,158.851,23.669601990049753
1130360175_7,0.369,22.4,1.169471071586396,58245.7452894,0.268215,353.469,1.1,0.000715863,1.6374025974025974
1130360207_1,32.21,98.1,0.3089813313930317,58300.1924306,0.2,553873.0,2.36845,0.240919,2.029378238341969
1130360143_0,287.6,95.4,0.05717262440390881,58196.4206829,0.37703,89368.2,3.64758,1.84545,6.838109452736319
2130360207_2,-0.5093,-33.4,-0.33866499692739543,58596.154838,0.782212,0.100944,3.64751,0.00127037,4.381772151898734
1050360104_9,4742.0,99.9,0.3537294601264574,58008.7817477,0.2,16412400.0,2.33442,42.8742,15.513880597014925
1130360105_1,7684.0,100.0,0.30263295501419973,58028.7392014,0.2,8756560.0,2.62659,99.9817,46.95925373134328
1050360115_5,10710.0,99.4,0.2789330932282774,58019.1414468,0.284144,0.1,2.81021,140.53,104.28820895522388
1130360107_3,6394.0,100.0,0.31191123967477835,58030.7240394,0.2,12782600.0,2.56132,76.4415,2.113034825870647
1130360107_12,6379.0,100.0,0.31333418317196116,58030.7824555,0.2,12897500.0,2.55697,75.8668,4.173432835820895
1130360226_7,10.94,93.9,0.48729977285058906,58321.7578704,0.2,51210.6,1.77596,0.0492527,1.1142690058479532
1050360105_25,4853.0,99.9,0.3551831940735557,58009.5576505,0.2,17457400.0,2.32621,44.2445,7.8536815920398
1050360103_2,1971.0,99.9,0.49621073632178014,58005.4322454,0.2,8186140.0,1.79236,9.25163,3.4913930348258706
1130360272_2,1.066,71.6,0.4987000274267836,58393.664375,0.592137,6.4231,1.20834,0.00154437,0.8815686274509804
1130360239_2,-41.77,-262.0,1.5058933489201065,58339.2920949,0.206404,0.1,3.64757,2.94144e-08,186.9618407960199
1130360172_2,0.2395,30.0,0.2642820819970736,58242.7234028,0.2,13801.1,1.1,7.32228e-05,0.8621428571428572
1050360115_21,10450.0,100.0,0.28487154388864955,58019.9232407,0.2,0.1,2.74403,157.018,288.85621890547264
1130360184_3,74.53,99.4,0.05529279626212741,58266.2291204,0.292763,143999.0,4.0,0.901586,2.5037190082644627
1130360186_0,32.08,96.5,0.2931929277629387,58270.9260764,0.2,572675.0,2.44568,0.253824,1.9362176165803109
2130360208_0,3.623,17.5,19.488042831449505,58603.4296991,0.563542,0.1,1.19365,0.00212185,14.362388059701493
1050360106_2,4498.0,99.9,0.3840705315608478,58010.1285301,0.2,18633700.0,2.18986,33.9382,25.66955223880597
1130360175_6,0.9316,61.0,2.331728004404673,58245.7448495,0.204367,38388.6,1.19365,0.00159732,3.54
1050360109_6,7050.0,100.0,0.3404425749142054,58013.6121644,0.2,17650600.0,2.41169,70.7274,1.8135820895522388
1130360240_3,1.241,27.7,0.05086231663578744,58340.7729861,0.2,2075.13,3.48131,0.0361205,1.2170999999999998
1130360103_3,8476.0,100.0,0.3000873343352312,58026.7886921,0.2,7245070.0,2.64554,113.082,275.55766169154225
1130360257_1,1.255,53.0,0.4918895627856236,58375.9507639,0.329667,236.904,1.62977,0.00447205,1.2070114942528736
1050360119_2,9288.0,98.7,0.25222344411209807,58023.5720255,0.377491,0.1,3.07182,112.574,351.03840796019904
1050360117_8,10080.0,100.0,0.279135023288871,58021.9907755,0.2,0.1,2.77235,156.033,41.73825870646766
1130360146_1,254.7,98.5,0.055009449551793925,58199.1875694,0.373568,89174.8,3.64758,1.50201,8.935647668393782
1130360218_0,1.224,76.1,0.5574945499950152,58311.8530556,0.235391,3625.9,1.52068,0.00354008,1.1138848920863311
1130360184_17,71.13,99.5,0.07058468891477179,58266.9370718,0.284685,163199.0,3.64758,0.773507,3.4946202531645567
1130360162_4,7.067,69.3,0.5361410332963911,58228.5567477,0.205585,231223.0,1.1,0.00545317,1.6726704545454545
1130360284_0,1.798,82.8,0.47607270860368694,58505.082037,0.2,7046.87,1.78165,0.00836881,1.0040361445783132
1130360165_2,-2.786,-61.5,3.271379684149083,58231.1322222,0.2,93618.8,3.64758,3.7968e-28,11.572713178294574
1050360103_1,2005.0,99.9,0.4929246341643871,58005.3678935,0.2,8212800.0,1.79746,9.29172,3.4832835820895522
1130360216_0,1.972,78.9,0.49478960582289705,58309.0040394,0.2,18561.7,1.78009,0.00816882,0.7774666666666668
1130360165_1,2.781,85.0,-0.016197440321425654,58231.1308796,0.2,172331.0,4.0,0.0156562,1.387857142857143
1130360178_8,1.409,73.8,0.3932720250740775,58252.8227083,0.217135,4933.09,2.05802,0.00888489,1.0501739130434782
1130360193_1,-32.28,-414.8,1.5892196078108816,58279.2926389,0.2,0.1,3.64758,2.6664e-08,174.28019900497512
1130360259_1,0.2168,8.2,0.32336986012780683,58377.5682407,1.07369,0.571854,1.1,0.000117269,1.5673469387755101
1050360109_1,6581.0,99.8,0.34508364797188246,58013.2806019,0.2,18018000.0,2.38698,63.9496,25.634378109452737
2130360207_0,-6.983,-357.8,1.888905709133487,58596.0894097,0.2,0.310675,3.64756,7.44478e-08,40.89
1050360120_1,10090.0,100.0,0.27006909446197924,58020.6332755,0.321223,0.1,2.90555,128.843,283.7521393034826
1050360118_2,9996.0,99.4,0.2974925969477581,58022.5433333,0.2,2414570.0,2.67803,139.509,126.86800995024876
1130360241_0,6.836,36.5,1.7287002414764177,58342.1309838,0.2,31871.2,1.1,0.00821157,2.698855721393035
1130360210_2,4.226,32.7,0.14279257458297667,58303.927963,0.270306,0.108266,2.93215,0.112247,6.707272727272728
1130360245_1,0.5482,29.0,0.4629067526336542,58351.1941088,1.0932,0.375702,1.1,0.000406291,1.2808333333333333
1130360142_0,264.9,66.9,-0.020127411393145483,58195.1947222,0.390224,77870.0,3.64758,1.35255,19.458805970149253
1130360167_4,-0.05429,-1.1,9.926046813847712,58236.6643866,0.2,36306.5,3.64758,1.57416e-24,1.178905472636816
1130360162_8,2.538,22.6,0.7447731646651214,58228.8143866,0.2,193375.0,1.1,0.00211803,2.5715384615384616
1130360103_2,9137.0,100.0,0.3044213130021098,58026.7509606,0.2,3853660.0,2.64247,122.287,13.030199004975126
1130360106_1,7650.0,100.0,0.2986463818562972,58029.8136343,0.2,7583570.0,2.65002,102.335,202.61537313432837
1050360106_3,4471.0,99.9,0.38919870987833755,58010.1926505,0.2,18883700.0,2.1644,32.6759,27.55676616915423
1130360146_6,247.2,98.6,0.050188586709543334,58199.4387963,0.389197,69652.4,3.64758,1.14957,7.276459627329192
1130360182_0,85.56,95.4,0.025818631033869256,58260.0747338,0.330881,88294.3,3.64758,0.380583,8.94960199004975
1130360131_4,1199.0,99.9,0.11137945832124757,58137.6939352,0.918398,2406.33,3.64758,0.341892,1143.1941176470589
1130360131_1,1200.0,99.9,0.11237131362482351,58137.3077431,0.732,8037.85,3.64758,8.01661e-06,324.8476842105263
1130360243_0,1.366,49.5,0.6696196483252957,58349.9109259,0.355242,163.833,1.1,0.00201385,1.100890410958904
1130360272_0,1.124,64.4,0.5514587725618255,58393.6412269,0.497017,20.8111,1.1,0.00153871,0.97675
1130360170_1,-0.4822,-17.3,-2.393392156026958,58240.785787,0.334475,122.716,3.64757,0.0,1.8377837837837838
1130360176_2,0.3739,23.7,1.1904094301221515,58247.2843403,0.2,2575.18,1.1,0.000671443,1.4206666666666665
1130360196_0,-5.095,-157.4,1.8277236445603833,58282.386169,0.2,0.167576,3.64753,4.096e-09,18.413030303030304
1130360152_1,91.98,99.5,0.030084374318884163,58210.9939699,0.336276,86684.0,3.64758,0.344586,9.096412213740459
1130360272_1,-0.1122,-4.2,0.21096011739962434,58393.6454051,0.305031,0.1,2.24279,0.00495216,3.9392462311557788
1050360116_9,10190.0,100.0,0.26913598400377803,58020.5016551,0.332614,0.1,2.9254,127.837,412.2517910447761
1130360107_2,6394.0,100.0,0.31287728786819513,58030.723669,0.2,13188300.0,2.55643,75.9535,2.0122885572139304
1130360183_1,90.06,99.2,0.03531662886600141,58261.1104282,1.55637,16.0558,3.64758,7.87085e-09,552.1174025974026
1130360282_1,1.807,74.3,0.6211363462422186,58501.5427778,0.29599,766.997,1.47151,0.00524368,1.1696666666666669
2130360210_2,-3.128,-383.7,1.5669567517041698,58610.1339931,0.2,0.113418,3.64751,1.11527e-07,28.48410852713178
2130360201_3,2.363,81.2,0.500496406650697,58558.5575,0.2,5818.2,1.70249,0.00997451,1.128090909090909
1130360232_0,32.13,98.5,0.35987852714852386,58328.4435185,0.2,414588.0,2.17502,0.204319,1.7154314720812183
1130360167_0,-1.161,-65.4,5.0992513849043455,58236.1485185,0.212355,16724.6,3.64758,1.84037e-18,8.405119047619047
2130360211_0,0.1025,22.8,0.8338884672245999,58612.2601968,0.2,1836.54,1.1,0.000110063,0.8089583333333333
1130360221_1,1.604,82.6,0.5371589115317428,58315.5919676,0.2,13255.6,1.19963,0.00317737,0.8488888888888888
1050360105_6,4871.0,99.9,0.3462906254866255,58009.1013889,0.2,16366900.0,2.36331,45.6072,1.8437810945273634
1130360181_2,78.8,91.4,0.010392419291861053,58259.7488889,0.337914,74666.3,3.64758,0.278497,16.377860696517413
1130360157_4,48.88,99.0,0.01777508595867751,58215.7551852,0.303237,106939.0,3.64758,0.152587,12.594852941176471
1130360204_0,84.94,98.0,0.14027723384834684,58292.6001389,0.273681,185419.0,3.19873,0.955446,2.6435051546391755
1130360198_0,0.8471,39.8,0.33373243952603676,58284.1713773,0.254779,213.554,2.28488,0.0094141,2.2120606060606063
1130360233_0,7.45,93.9,0.4294191863057389,58333.6274074,0.2,40427.7,1.98197,0.0426287,1.1866935483870968
1130360157_1,50.99,99.3,0.020898958179735284,58215.5645718,0.305895,107044.0,4.0,0.197483,2.074153846153846
1050360113_4,10950.0,100.0,0.3066468460971497,58017.2688426,0.2,4080230.0,2.62896,144.53,210.42039800995025
1130360225_1,6.729,90.6,0.48311988810395,58320.7278009,0.2,24206.0,1.80259,0.0317229,0.8553521126760563
1130360186_1,34.3,96.2,0.29363009055227146,58270.9313657,0.2,617648.0,2.42365,0.26401,1.838080808080808
1130360179_0,35.72,98.1,0.12790461505699677,58255.5947222,0.280621,97102.1,2.71963,0.180045,1.4566129032258064
1050360105_29,4416.0,99.9,0.3878883641035065,58009.8711343,0.2,18537400.0,2.17066,32.533,23.736716417910447
1130360260_0,-0.6325,-7.0,-1.3606140003954914,58379.3649769,0.2,0.1,1.19365,7.16247e-05,1.612089552238806
1130360107_0,6488.0,100.0,0.31066674511008724,58030.7150463,0.2,12464300.0,2.56683,78.1277,23.269402985074624
1130360261_0,0.1369,12.8,0.19657908633499346,58380.0212847,1.44862,0.1,1.63251,1.82309e-10,2.2987142857142855
1130360103_0,9077.0,100.0,0.2982748486822357,58026.724213,0.2,3469010.0,2.67024,125.272,245.87258706467662
1050360108_0,5504.0,99.9,0.3683994122108286,58012.1870949,0.2,19726200.0,2.26456,45.7786,26.566417910447765
1050360115_20,10530.0,100.0,0.2821334805550156,58019.8661574,0.276043,0.1,2.79911,139.742,60.961691542288555
1130360262_0,0.6972,64.5,0.4772528111571851,58381.2459954,0.2,3289.29,1.89409,0.00391512,0.9556470588235294
1050360105_10,4657.0,100.0,0.3461162086599002,58009.1059722,0.2,16682500.0,2.36266,44.3744,2.1822885572139303
1130360245_0,0.9017,61.0,0.5463694059725315,58351.1905208,0.577163,6.14779,1.1,0.00122186,1.0101333333333333
1050360117_7,10000.0,100.0,0.27720762092447365,58021.9807755,0.270794,0.1,2.82333,137.549,311.74089552238803
1050360119_3,9267.0,100.0,0.251896179991106,58023.7246412,0.37527,0.1,3.09091,114.297,183.41218905472635
1130360108_0,6500.0,98.8,0.3132562365603901,58031.3609144,0.2,12711900.0,2.53704,75.6934,2.739651741293532
1130360131_7,1212.0,100.0,0.1122898439943075,58137.8873843,0.748275,7265.52,3.64758,1.18729e-05,420.5258288770054
1130360130_6,1210.0,100.0,0.11321233870763274,58136.4709838,0.645633,12448.0,3.64758,0.921879,205.37167597765364
1130360107_5,6469.0,100.0,0.3150520225788094,58030.7248843,0.2,14095200.0,2.54175,75.4652,2.0819402985074626
1130360283_2,1.992,81.7,0.4533376933616893,58502.8292245,0.206,4416.9,1.91248,0.0114232,1.0603030303030303
1050360118_4,10080.0,100.0,0.2994938591325971,58022.8808333,0.2,2905050.0,2.66817,139.067,260.8964179104478
1130360175_4,-5.25,-44.2,1.7134714843612566,58245.6745486,0.2,0.105716,3.64758,2.12585e-08,1.5943373493975905
1050360104_6,4852.0,100.0,0.3477435099730364,58008.7405324,0.2,15776300.0,2.36841,45.7808,7.047661691542288
1130360139_0,522.5,94.5,0.06570142145443517,58176.1633333,0.429232,64167.6,3.64758,2.79697,38.681890547263684
1130360285_3,-24.95,-212.4,1.537770017908835,58535.2067708,0.2,0.251679,3.64758,7.39855e-11,108.73353233830845
1130360130_7,1218.0,99.9,0.11177161041926532,58136.4866435,0.467793,60467.4,3.64758,7.97161,8.101866666666666
1130360175_5,-1.324,-25.8,0.9560015883680477,58245.73875,0.2,0.100003,3.64758,1.8629e-09,2.2469154228855723
1130360158_3,29.35,95.7,0.029764835729776857,58218.9725579,0.269663,146493.0,4.0,0.182579,2.472857142857143
1130360156_0,62.33,99.4,0.024321206020020185,58214.0215046,0.314703,99825.8,3.64758,0.218243,7.841068702290077
1130360226_5,9.849,89.6,0.46938993531804907,58321.6277662,0.2,36533.7,1.88503,0.0523221,1.2114835164835165
1050360110_3,7636.0,99.9,0.3384999001999504,58014.6958796,0.2,17158000.0,2.42937,78.4809,13.830049751243783
1050360116_6,10190.0,100.0,0.2791580214498015,58020.3178472,0.277255,0.1,2.81368,136.577,27.858159203980097
1130360265_5,1.568,81.5,0.7927066147807168,58384.5983333,0.214349,6225.6,1.1,0.00265245,0.8673469387755102
1130360134_0,1179.0,99.9,0.1106557955979796,58140.0171875,0.952266,1638.85,3.64758,0.705964,166.2339240506329
1130360229_2,36.52,98.8,0.33299406923326874,58325.5495949,0.2,493102.0,2.29668,0.265226,2.2998
1130360233_4,7.262,95.5,0.45627001104852155,58333.7560301,0.2,49270.4,1.87861,0.0357843,1.46734693877551
1050360118_5,10020.0,100.0,0.29901861902004157,58022.9292014,0.2,2808540.0,2.67163,138.677,251.9752736318408
1050360105_27,4631.0,99.5,0.36904012961471766,58009.7424306,0.2,17718800.0,2.25628,37.997,19.891741293532338
1130360178_4,0.5514,58.9,0.09174657229698374,58252.4392276,0.2,11723.9,3.34751,0.0184072,0.9277777777777777
1130360107_9,6399.0,100.0,0.31637192971404954,58030.7314699,0.2,13522000.0,2.54179,74.738,2.1888059701492537
1050360110_1,8065.0,99.9,0.33420852573268667,58014.3785995,0.2,15569500.0,2.4552,85.772,24.371940298507464
1050360106_9,4761.0,99.9,0.37784071913528156,58010.5215856,0.2,18849400.0,2.22011,37.3526,8.103980099502488
1130360157_0,52.3,99.4,0.02124184245902288,58215.2428472,0.306787,104134.0,3.64758,0.163015,6.710826446280992
1130360138_0,540.0,99.0,0.0759596800251692,58175.7774421,0.424307,69356.9,3.64758,3.04833,70.80313432835821
1130360144_3,268.3,97.0,0.05021607030442175,58197.4494907,0.384458,78811.0,3.64758,1.43132,12.363532338308458
1130360109_0,7522.0,99.9,0.271386135095909,58032.383206,0.2,0.1,2.81779,122.045,90.42323383084577
1050360105_14,4886.0,99.7,0.3488776085241411,58009.12,0.2,16434400.0,2.3594,45.5381,4.120845771144278
2130360201_1,1.96,83.6,0.43331594523105604,58558.4931944,0.2,1969.06,2.24809,0.0174162,1.8396000000000001
1130360183_3,92.58,98.6,0.04781285550679778,58261.2397338,0.316582,114814.0,3.64758,0.714872,6.8511049723756905
1050360120_6,10230.0,100.0,0.282237361666524,58020.8923495,0.200021,0.1,2.75566,155.585,174.11248756218905
1130360199_1,9.549,91.7,0.5103568402200234,58287.325463,0.250496,9734.92,1.68324,0.0360367,1.1161458333333334
1050360115_0,10570.0,100.0,0.27747824696952356,58019.0056597,0.29964,0.1,2.8428,136.531,27.68547263681592
1130360184_6,77.34,99.4,0.07119113791425667,58266.2931134,0.282161,182147.0,4.0,1.10513,1.5117441860465115
1130360213_0,4.431,78.5,0.4874725039982104,58306.6320486,0.2,32343.4,1.7317,0.017844,0.9407563025210084
1130360161_1,10.4,95.1,0.011856331843564745,58224.7001736,0.238621,148740.0,4.0,0.0417406,2.40078125
1130360265_0,1.492,82.7,1.3833119327354702,58384.5907755,0.2,8331.29,1.1,0.00266572,1.4747619047619047
1130360156_3,57.1,99.4,0.02202379454207287,58214.5350579,0.312817,97432.9,3.64758,0.182469,12.430441176470588
1130360234_1,5.202,91.8,0.4510308998637353,58334.5292361,0.2,26088.9,1.88309,0.0266474,1.0715476190476192
1130360285_2,-30.69,-115.3,1.6632122030085352,58535.1424074,0.200004,0.1,3.64757,2.07774e-07,83.11323383084576
1130360203_2,49.6,99.2,0.33835051722145343,58290.3462963,0.2,676006.0,2.28947,0.3564,2.252
1130360247_1,2.316,41.1,0.40646675620194095,58354.4223495,1.02006,1.14015,2.07744,0.00595564,3.1142767295597484
1050360116_2,10590.0,100.0,0.3015784823563158,58020.1801273,0.2,2833730.0,2.65956,144.798,239.1067661691542
1050360115_14,10460.0,100.0,0.2807092331571002,58019.602662,0.274632,0.1,2.80602,140.18,266.873631840796
1130360157_3,48.72,99.2,0.02085841603085485,58215.7538194,0.299213,114906.0,3.64758,0.18052,3.291978021978022
1050360114_0,10800.0,99.9,0.2889653975482093,58018.3657292,0.2,0.1,2.72483,158.916,209.20507462686567
1130360145_1,262.5,95.2,0.049789389009647,58198.3514236,0.374677,88632.6,3.64758,1.61815,9.472835820895522
1130360196_2,1.317,78.0,0.3037941816837781,58282.8207176,0.2,9687.95,2.49563,0.0135186,1.2695098039215686
2130360208_1,1.901,50.9,1.5903125754160512,58603.4940394,0.200001,11620.0,1.19365,0.00236478,3.2776616915422885
1130360183_8,91.54,99.1,0.04874008805418523,58261.5646644,0.313268,116458.0,4.0,0.852409,2.787338709677419
1130360210_1,13.57,92.2,0.4247237342065819,58303.2864592,0.2,143268.0,1.96489,0.0699682,1.2087837837837838
1130360269_0,-1.064,-15.9,-1.7187825558463639,58390.236412,0.530788,0.1,3.64758,0.00289331,3.622189054726368
1130360260_1,0.8158,22.7,1.1919898639526836,58379.4307407,0.270647,469.101,1.1,0.00131458,0.9007692307692309
1050360110_5,8244.0,100.0,0.3288957177496613,58014.824375,0.2,14762400.0,2.48316,90.6693,12.347611940298506
1050360113_6,10350.0,99.9,0.3180262131941052,58017.4013773,0.2,9730040.0,2.55521,124.97,72.61990049751245
1130360238_1,0.9208,72.6,0.48066753663510525,58338.5174769,0.268455,995.516,1.65809,0.00346455,0.9263157894736843
1050360109_2,6914.0,100.0,0.3449564758709573,58013.3451736,0.2,17327200.0,2.39519,68.0666,3.0948756218905475
1130360265_1,0.8441,51.3,1.0161733349116877,58384.5925116,1.64212,0.1,1.1939,0.000782858,0.735
1130360212_0,6.005,59.3,0.38610561790919795,58305.0232176,0.221356,12662.9,2.03564,0.0446055,2.453655172413793
1130360133_0,1199.0,100.0,0.11331796295202663,58139.5642361,0.460818,63985.9,3.64758,8.24945,52.22642458100559
1130360265_2,1.393,74.2,0.653848813709281,58384.5929167,0.2,12262.0,1.1,0.00247338,0.5122727272727272
1050360113_7,10720.0,100.0,0.27781699282100286,58017.8477778,0.321595,0.1,2.86036,132.042,420.1469651741293
1130360169_0,0.8009,62.8,0.4532196367969307,58238.2711458,0.2,38338.2,1.57622,0.000965788,1.2027272727272729
1050360115_7,10550.0,100.0,0.277780555395008,58019.2798958,0.300567,0.1,2.84338,136.009,218.27034825870646
1050360104_3,4722.0,100.0,0.3507676697892862,58008.7156134,0.2,15921800.0,2.34699,43.3856,2.2135820895522387
1050360107_0,5139.0,99.9,0.3750828584484685,58011.8653241,0.2,19825300.0,2.23006,40.8615,28.436716417910446
1050360104_0,4556.0,100.0,0.35768567645420746,58008.4558218,0.2,16087300.0,2.31781,40.3658,5.99452736318408
1050360117_3,10110.0,100.0,0.2759936558226275,58021.4018866,0.288711,0.1,2.84491,134.931,382.83432835820895
1130360288_1,2.979,36.0,0.865312046410017,58542.7440162,0.376206,68.9438,1.19365,0.006561,3.010746268656716
1130360113_1,5762.0,100.0,0.2927709267596967,58036.6912616,0.2,11129200.0,2.66929,77.5933,15.063283582089552
1050360118_1,10030.0,100.0,0.29265888281208235,58022.4951273,0.2,1335530.0,2.70853,144.783,290.26462686567163
1130360162_2,8.368,74.1,0.6065540054198383,58228.24375,0.200025,297468.0,1.1,0.00715472,1.3969491525423727
2130360203_0,0.6983,55.1,0.4436898433890455,58572.1951852,0.2,3070.53,1.73116,0.00343084,1.294954954954955
1130360220_2,0.02158,0.8,0.2893305746216501,58314.542338,1.49892,0.1,1.2816,6.8667e-05,1.162051282051282
1050360106_10,4723.0,100.0,0.3851399949309509,58010.6431134,0.2,18963400.0,2.18739,35.6031,2.017860696517413
1050360117_1,10170.0,100.0,0.2741913982598696,58021.1448727,0.305313,0.1,2.86651,131.945,328.535223880597
1130360182_3,87.1,98.0,0.03296134307145798,58260.1444002,0.329003,92779.4,3.64758,0.393933,4.757837837837838
1130360216_2,1.505,67.8,0.43797900259602257,58309.0684028,0.2,17180.2,1.71041,0.00556359,0.998688524590164
1130360147_2,227.2,99.3,0.048039471430725005,58200.8607407,0.37555,83699.5,3.64758,1.08875,7.202198581560284
1130360162_6,2.314,17.6,0.6129961521869859,58228.6856829,0.206004,155871.0,1.19365,0.00280873,4.407386934673367
1130360146_9,244.7,97.6,0.04618856914360206,58199.7609722,0.389308,70535.6,3.64758,1.08373,13.440759493670885
1050360113_1,10710.0,100.0,0.308784280272126,58017.0759722,0.2,5355820.0,2.61436,138.952,186.13203980099502
1130360193_0,-6.918,-106.3,2.219975144174097,58279.2283102,0.2,2.07208,3.64758,1.73001e-08,7.9674829931972795
1050360111_6,10640.0,100.0,0.31115188085011086,58015.6674074,0.2,5522010.0,2.60279,136.246,36.56507462686567
1130360161_0,10.55,91.1,0.027338383597097688,58224.6328588,0.233952,170089.0,4.0,0.0549884,2.563354037267081
1050360116_3,10300.0,100.0,0.2837921269420453,58020.2447569,0.2,0.1,2.74913,155.568,296.8506467661692
1130360250_0,53.53,87.6,2.284470954014544,58357.4382986,0.2,130598.0,1.19365,0.0916858,164.13696517412936
1050360105_11,4757.0,99.8,0.35062148228128204,58009.1073727,0.2,16249800.0,2.35437,45.0125,1.4745273631840796
1130360212_1,5.309,81.6,0.5045228397059912,58305.9879861,0.316772,1993.33,1.4196,0.0123016,1.256865671641791
1130360275_0,2.45,87.4,0.5163031859844404,58397.771088,0.2,9096.0,1.74986,0.0107683,1.055576923076923
1130360168_0,1.035,59.3,0.42673226612713233,58237.306331,0.2,34084.2,1.55859,0.00145933,1.3064912280701755
1130360236_0,0.4551,12.4,0.1700896718027897,58336.5237963,0.94499,0.19202,3.64758,0.00577222,7.55625
1130360288_2,1.193,11.9,1.2289326540060481,58542.8085995,0.917117,0.100001,1.19365,0.00582791,15.81129353233831
1130360131_2,1207.0,99.9,0.11256859884277438,58137.5651852,0.486372,50430.6,3.64758,6.85611,130.16305263157895
1130360176_3,0.7438,33.6,1.5464536626084413,58247.3487037,0.2,6658.26,1.1,0.00121383,1.3440112994350282
1130360140_0,316.7,97.3,0.05767527433692093,58193.1971644,0.387771,82458.6,3.64758,1.86541,14.31776119402985
1130360184_5,62.59,99.2,0.061916762301182066,58266.2925116,0.291785,121513.0,4.0,0.808136,1.7408333333333335
1130360108_2,6930.0,100.0,0.29816669038290206,58031.8702315,0.2,8978510.0,2.64642,91.9099,155.96651741293533
1130360143_1,272.0,97.7,0.049804720511118,58196.8659954,0.39103,74042.7,3.64758,1.27151,8.619871794871795
1130360105_0,7603.0,100.0,0.30313682497346817,58028.7193403,0.2,9288180.0,2.62078,98.1809,95.40761194029851
1130360261_1,0.6217,54.8,0.3574675987780734,58380.6676505,0.339531,84.9578,2.21271,0.00411486,1.021358024691358
1050360104_10,4736.0,99.8,0.3556272656698848,58008.7953819,0.2,16458300.0,2.3286,42.5186,4.286069651741293
1130360156_1,61.26,99.4,0.023548047705994807,58214.2143634,0.315083,98355.0,3.64758,0.200958,5.036666666666667
1130360286_2,-4.855,-58.6,1.4562350221439397,58536.9515972,0.2,0.104064,3.64758,5.26968e-07,8.82776119402985
1130360205_1,70.65,98.9,0.10935055661485653,58296.2050379,0.248544,306092.0,3.64758,1.2827,3.689344262295082
1130360107_14,6368.0,100.0,0.31169664977691625,58030.7845089,0.2,12839500.0,2.5585,75.8744,61.83283582089552
1130360166_3,2.651,65.5,0.35049960653807133,58233.6475116,0.2,109539.0,1.28658,0.00190417,1.6101960784313727
1050360105_17,4710.0,99.9,0.35840226298110034,58009.1828588,0.2,17305000.0,2.31105,41.3087,24.774975124378113
1050360120_0,10190.0,100.0,0.270332116716699,58020.5663426,0.327864,0.1,2.91125,128.197,394.1594029850746
1130360181_1,82.25,93.0,0.03332614671559327,58259.2986111,0.31613,110723.0,3.64758,0.492528,9.387114427860697
1130360184_10,68.17,99.3,0.07254992567462655,58266.3568634,0.274319,178042.0,4.0,1.13772,1.8472950819672131
1050360104_8,4710.0,100.0,0.35280602526739496,58008.779919,0.2,16679700.0,2.33696,42.6586,5.31044776119403
1050360113_5,10920.0,99.9,0.3080619540138723,58017.3365278,0.2,4870020.0,2.61889,142.401,129.41343283582088
1130360242_0,-3.542,-22.8,2.591439023845828,58344.1254977,0.200033,0.183679,3.64758,2.7649e-07,5.070796019900498
1130360266_0,-8.741,-263.5,1.6810078561200354,58385.537581,0.2,0.59663,3.64758,4.04271e-07,19.02669724770642
2130360210_3,-2.024,-165.7,1.6895925847204225,58610.1983565,0.2,0.102969,3.64758,2.95324e-08,11.298588957055216
1130360194_1,1.186,44.8,0.059259327690774966,58280.9021412,0.2,9600.56,3.52949,0.030182,1.719065934065934
1130360111_3,7268.0,100.0,0.26765770514519105,58034.3937731,0.2,0.1,2.83666,120.245,181.09139303482587
1050360104_14,4694.0,99.9,0.3537134471242101,58008.971794,0.2,16638000.0,2.33413,42.375,23.9755223880597
1130360183_6,91.86,95.3,0.0496041789493478,58261.4320023,0.311203,128938.0,3.64758,0.656795,4.867313432835821
1130360161_2,10.44,93.3,0.02446281886317353,58224.7022917,0.226966,227286.0,4.0,0.0560793,2.1715315315315316
1130360163_4,3.477,43.5,0.4919906553535443,58229.7843981,0.209837,137655.0,1.1,0.00176559,1.7362142857142857
1130360146_5,248.5,96.9,0.04854123953805036,58199.3809491,0.378165,81835.1,3.64758,1.38307,7.627641025641026
1050360103_0,1982.0,100.0,0.49739105829242497,58005.3035185,0.200001,8080740.0,1.77927,8.97673,3.239900497512438
1050360108_3,5844.0,99.3,0.3550430730162551,58012.3155903,0.2,18563800.0,2.3312,52.886,23.230845771144278
1130360205_2,70.49,98.8,0.10649243192510142,58296.2651042,0.260019,238926.0,3.64758,1.13351,5.295025380710659
1130360168_2,-0.8569,-14.0,2.02701599753578,58237.6947569,0.2,17244.9,3.64758,4.43967e-28,1.4106999999999998
1050360118_0,9931.0,100.0,0.2725264386609,58022.237963,0.295656,0.1,2.86769,132.5,398.60437810945274
1050360105_24,4964.0,99.9,0.3492031652768238,58009.4925579,0.2,16980000.0,2.3587,47.1167,9.650597014925372
1050360108_7,5941.0,99.9,0.35724182568841,58012.4503125,0.2,19268800.0,2.31915,52.9539,11.74273631840796
1130360256_0,1.969,77.0,0.5046869145949272,58371.2578241,0.2,11093.3,1.8133,0.00943972,1.146060606060606
1050360120_5,10280.0,100.0,0.2818369662481001,58020.8877546,0.253672,0.1,2.7823,142.367,69.77611940298507
1130360248_1,6.841,93.8,0.48982965456357364,58355.4545718,0.353346,848.22,1.58261,0.0193795,0.8630508474576272
1130360175_3,0.03284,2.1,0.9217008748476087,58245.2931134,0.282365,0.1,1.1,0.000620829,1.6746296296296297
1130360230_0,38.62,99.0,0.3140334099099176,58326.6445486,0.2,563884.0,2.36636,0.297818,2.136041666666667
1130360187_0,32.85,97.0,0.293821506120013,58270.9903704,0.2,596343.0,2.41344,0.248982,2.7316915422885573
1130360256_1,2.085,69.7,0.4634553423434922,58371.3863079,0.461314,87.3791,1.15281,0.00276239,1.0866129032258065
1130360109_4,7607.0,99.9,0.2834516041160671,58032.8366667,0.2,2233470.0,2.74252,113.541,7.276567164179104
2130360208_2,1.363,38.6,1.1291059950270321,58603.5583681,0.2,5286.49,1.1,0.0022211,1.2437313432835821
1130360238_2,0.07135,2.3,0.15472409456675762,58338.5185995,1.08168,0.151113,3.64758,0.00279591,5.520700000000001
1130360284_2,1.667,81.2,0.4347056037146808,58505.3394097,0.2104,4542.52,1.87347,0.00866687,0.8829126213592233
1130360169_1,0.7364,55.8,0.24487706462904738,58238.2718981,0.2,30710.7,2.05185,0.00153947,1.2308196721311475
